runner_id,age,gender,previous_marathon_count,training_program,personal_best_minutes,weekly_mileage_km
R043064,64,Male,2,Intermediate,276,20
R030159,64,Female,1,Beginner,296,20
R033974,41,Male,3,Beginner,268,20
R088109,43,Male,1,Beginner,313,35.4
R042704,48,Male,3,Beginner,334,55.2
R087151,20,Female,2,Intermediate,280,22.7
R061981,32,Male,2,Intermediate,257,20
R015473,47,Female,1,Advanced,237,76
R053664,24,Male,1,Advanced,211,20
R099103,19,Male,5,Beginner,275,64.7
R080903,21,Female,2,Advanced,211,34.2
R082247,57,Male,4,Beginner,279,64
R067294,38,Female,5,Intermediate,256,20
R039455,50,Male,1,Intermediate,258,20
R014773,30,Female,2,Beginner,245,20
R054799,65,Female,1,Intermediate,246,45.6
R063928,58,Female,1,Intermediate,270,20
R053220,22,Female,2,Advanced,229,55.7
R024619,61,Male,3,Intermediate,230,20
R055449,22,Male,0,Beginner,,29.2
R036914,46,Male,0,Beginner,,20
R027645,46,Male,0,Beginner,,30
R098554,45,Male,1,Beginner,330,32.3
R061003,44,Female,2,Beginner,328,28.6
R042836,37,Female,3,Intermediate,241,20
R051659,63,Male,2,Advanced,181,49.1
R043566,64,Female,0,Beginner,,20
R018805,47,Female,3,Advanced,187,50.4
R029787,36,Female,3,Beginner,248,20
R005167,30,Female,3,Beginner,276,20
R043968,61,Female,4,Beginner,318,20
R016862,53,Male,1,Beginner,249,20
R014332,30,Female,0,Beginner,,20
R026062,38,Female,1,Beginner,241,20
R023657,26,Male,3,Beginner,311,110.6101453
R047186,30,Female,2,Beginner,285,20
R086394,26,Female,0,Beginner,,20.2
R010509,37,Male,3,Beginner,265,23.2
R036703,41,Female,1,Beginner,278,20
R011490,55,Female,6,Beginner,281,27.9
R093990,51,Female,1,Intermediate,239,20
R069241,43,Female,1,Beginner,263,20
R014555,22,Female,2,Beginner,293,20
R058336,42,Male,2,Intermediate,236,47.4
R059251,20,Female,1,Beginner,292,21.5
R035674,36,Male,0,Beginner,,25.4
R005382,30,Female,2,Beginner,255,55.9
R003960,55,Male,3,Intermediate,263,23.7
R054300,25,Female,3,Intermediate,235,36.1
R077923,38,Female,3,Advanced,249,50.1
R079645,44,Female,2,Advanced,245,30.1
R078876,57,Male,0,Beginner,,20
R043187,65,Female,3,Intermediate,286,31.4
R062743,27,Female,0,Beginner,,20
R085329,54,Female,4,Advanced,179,56.2
R053295,63,Male,1,Beginner,258,41
R061801,59,Female,1,Beginner,287,20
R077366,63,Female,2,Intermediate,242,20
R039084,50,Male,1,Beginner,272,20
R078171,36,Male,3,Beginner,293,20
R083967,35,Female,2,Advanced,246,90.1
R050890,18,Male,1,Beginner,243,34.9
R002340,32,Female,3,Advanced,194,51.7
R019937,58,Male,4,Beginner,281,20
R033605,36,Male,2,Beginner,284,22.1
R055221,53,Non-binary,3,Beginner,241,24.1
R005264,39,Male,2,Beginner,260,20
R010316,48,Female,2,Beginner,298,40.2
R072853,19,Male,4,Beginner,242,107.4733059
R068699,53,Male,0,Beginner,,25.2
R086496,18,Male,3,Beginner,232,40.6
R067043,64,Non-binary,2,Beginner,298,20
R017636,50,Female,3,Intermediate,218,27.3
R064276,37,Male,2,Beginner,285,57.9
R081502,27,Female,1,Intermediate,248,26.7
R033371,50,Female,2,Intermediate,232,20
R025830,27,Male,1,Intermediate,232,20
R028507,49,Female,2,Intermediate,233,20
R073005,61,Non-binary,2,Beginner,280,21.3
R017281,43,Female,3,Advanced,215,20
R037164,36,Male,1,Intermediate,222,34.2
R048876,42,Male,1,Intermediate,271,42.9
R044433,65,Male,1,Intermediate,191,20
R069797,40,Female,2,Beginner,254,22.8
R070940,36,Male,0,Intermediate,,46.7
R037237,34,Female,2,Beginner,290,27.1
R030760,29,Female,1,Intermediate,258,20
R024467,46,Male,2,Beginner,294,32.9
R005138,36,Female,3,Beginner,304,20
R033323,43,Male,1,Intermediate,187,20
R053717,30,Male,1,Intermediate,234,32.7
R062835,51,Male,2,Intermediate,266,20
R008930,50,Male,1,Intermediate,279,20
R006455,28,Female,0,Intermediate,,20
R074894,56,Male,5,Beginner,300,20
R048495,26,Male,0,Beginner,,20
R040856,56,Female,2,Advanced,210,20
R042121,51,Female,3,Intermediate,240,42.8
R033057,54,Male,2,Advanced,177,20
R000106,25,Male,2,Intermediate,242,54.9
R022227,25,Male,5,Beginner,338,20
R022592,65,Female,1,Beginner,322,20
R003115,38,Female,2,Beginner,329,34.4
R094552,48,Female,3,Beginner,293,23.7
R073519,57,Male,1,Advanced,219,20
R062986,45,Female,2,Beginner,293,28.9
R052113,38,Male,1,Intermediate,258,20
R086364,64,Female,0,Intermediate,,20
R014239,45,Male,1,Beginner,308,27
R031896,33,Male,1,Beginner,211,20
R066013,49,Male,4,Beginner,258,20
R062451,18,Male,2,Beginner,277,119.6859596
R064925,53,Male,1,Intermediate,232,20
R020502,22,Female,2,Intermediate,224,38.2
R053275,20,Male,5,Intermediate,222,20
R009323,44,Male,1,Beginner,252,20
R091821,38,Male,1,Advanced,199,20
R071081,55,Female,1,Intermediate,287,20
R019614,57,Male,1,Advanced,206,113.3470825
R034303,37,Female,4,Beginner,245,20
R063469,59,Female,4,Intermediate,267,20
R033333,49,Male,1,Beginner,240,20
R088632,41,Male,2,Intermediate,210,20
R003926,26,Female,2,Beginner,238,20
R090500,49,Non-binary,2,Intermediate,243,75.6
R082902,54,Female,1,Beginner,270,20
R031984,19,Female,2,Beginner,214,20
R081113,36,Male,2,Intermediate,244,20
R095448,33,Female,1,Advanced,211,47.6
R036376,59,Female,0,Beginner,,20
R036675,58,Female,2,Intermediate,229,20
R079932,54,Female,2,Intermediate,299,39.6
R025391,54,Male,3,Beginner,222,31.1
R073805,62,Male,1,Intermediate,257,20
R075042,31,Male,3,Advanced,233,21.1
R029702,36,Male,2,Beginner,249,23.1
R053260,54,Female,0,Beginner,,20
R002739,35,Female,3,Intermediate,232,116.9563345
R079127,23,Female,2,Beginner,325,35.6
R017246,35,Male,0,Beginner,,20
R080046,24,Female,3,Advanced,197,32.1
R033221,25,Male,4,Intermediate,266,20
R076992,27,Female,2,Beginner,214,56.4
R013511,45,Male,2,Beginner,241,20
R056161,59,Male,3,Advanced,244,31.8
R005764,22,Female,3,Advanced,208,24.1
R003901,54,Male,2,Intermediate,268,20
R039535,54,Female,3,Beginner,261,47.6
R050082,22,Female,1,Advanced,235,41.4
R066624,44,Female,3,Intermediate,267,107.2793202
R079043,37,Female,4,Beginner,271,20
R044622,57,Female,5,Intermediate,220,20
R011506,43,Female,2,Intermediate,279,20
R075350,56,Female,1,Beginner,258,20
R087369,39,Male,2,Advanced,209,31.7
R072612,19,Female,1,Advanced,248,41.9
R016658,29,Male,1,Beginner,244,20.1
R012575,28,Non-binary,0,Beginner,,32.2
R027560,32,Male,1,Beginner,298,20
R021518,41,Male,2,Beginner,331,26.8
R081254,51,Male,3,Beginner,277,23.5
R018261,39,Male,0,Intermediate,,20
R069073,54,Male,2,Beginner,240,20
R079682,60,Male,2,Beginner,291,100.5324869
R013579,64,Male,2,Intermediate,247,20
R003403,46,Male,2,Intermediate,245,36.2
R085780,19,Female,0,Advanced,,39.5
R059285,57,Female,1,Intermediate,219,21.2
R082550,43,Male,2,Beginner,288,20
R027805,25,Male,2,Advanced,234,41.6
R029072,20,Male,2,Intermediate,236,22.9
R017763,44,Female,1,Beginner,257,43.3
R073170,45,Female,5,Beginner,298,20
R042364,51,Female,1,Intermediate,244,21.6
R094441,34,Male,1,Advanced,236,20
R018351,39,Male,4,Beginner,234,20
R003949,58,Male,0,Beginner,,22.4
R076550,44,Female,6,Intermediate,286,20
R095980,62,Female,3,Beginner,305,20
R062132,19,Male,3,Advanced,197,20
R060228,43,Male,2,Beginner,276,20
R036882,29,Female,2,Intermediate,268,20
R016985,18,Female,2,Intermediate,226,52.4
R004585,18,Male,1,Beginner,294,34.2
R052029,22,Female,2,Beginner,310,44.5
R063796,47,Female,3,Beginner,295,20.8
R060232,43,Male,3,Beginner,308,20
R099146,32,Male,1,Intermediate,209,20
R005284,48,Female,0,Beginner,,20
R021708,42,Female,6,Beginner,295,26.8
R039715,23,Male,1,Beginner,290,23.1
R081294,27,Female,3,Intermediate,198,47.7
R013336,40,Female,4,Intermediate,238,30
R061847,21,Male,3,Beginner,262,116.7859194
R034964,30,Male,4,Advanced,217,20
R031905,63,Female,3,Advanced,220,22.8
R030295,19,Male,5,Beginner,287,20
R035599,63,Non-binary,3,Advanced,240,20
R078346,34,Female,2,Intermediate,262,20
R076710,39,Male,2,Beginner,299,20
R023851,45,Female,3,Beginner,258,21.4
R013912,29,Male,2,Advanced,213,20
R060787,57,Male,1,Intermediate,267,20
R023618,41,Female,1,Beginner,262,30.2
R089196,30,Female,3,Intermediate,232,20
R035142,64,Female,1,Advanced,192,20
R095731,34,Male,2,Advanced,212,20
R067903,45,Female,3,Advanced,190,53.2
R077764,45,Male,1,Intermediate,208,20
R062073,30,Female,1,Intermediate,236,20
R006098,45,Female,2,Intermediate,263,118.4691127
R001653,22,Male,2,Beginner,289,20
R030415,24,Non-binary,0,Intermediate,,20
R097018,44,Female,0,Beginner,,20
R008664,60,Male,2,Advanced,247,41.3
R045720,30,Female,0,Beginner,,44.1
R098412,26,Female,2,Beginner,286,24.6
R017910,48,Female,2,Beginner,257,27.6
R045551,35,Male,1,Advanced,188,20
R047797,18,Female,2,Intermediate,240,20
R074096,30,Male,5,Intermediate,235,39
R007674,54,Female,1,Beginner,239,20
R028191,28,Male,3,Intermediate,283,20
R099425,56,Male,3,Beginner,289,20
R055234,26,Male,2,Beginner,280,20
R088791,27,Male,3,Intermediate,210,23.3
R065845,62,Female,2,Advanced,197,51.6
R092611,45,Male,1,Beginner,281,20
R054288,39,Female,1,Beginner,298,32.3
R092821,28,Male,1,Beginner,313,20
R055741,43,Female,5,Beginner,267,20
R069257,55,Female,2,Advanced,216,20.2
R053740,59,Male,1,Advanced,215,118.7642645
R074054,52,Non-binary,1,Beginner,254,20
R086768,57,Female,4,Beginner,246,20
R020359,38,Male,1,Beginner,252,20
R056107,54,Female,1,Beginner,320,20
R030973,48,Male,1,Beginner,279,42.9
R024778,61,Non-binary,2,Beginner,288,20
R073908,41,Male,1,Beginner,261,20
R039041,28,Female,3,Advanced,215,20
R057931,53,Female,2,Intermediate,263,20
R005807,52,Male,3,Advanced,228,20
R034146,57,Non-binary,2,Beginner,268,20
R013482,24,Female,2,Intermediate,213,20
R015855,30,Male,2,Advanced,270,20
R041292,41,Male,2,Beginner,255,20
R053143,39,Female,1,Intermediate,258,25
R058932,52,Female,3,Beginner,259,20
R048160,39,Male,2,Beginner,284,20
R026781,44,Female,3,Intermediate,245,20
R068590,46,Male,1,Advanced,197,20
R060579,35,Female,1,Beginner,296,20
R038016,55,Male,3,Advanced,231,25.2
R052783,63,Non-binary,2,Beginner,277,22.4
R091557,27,Female,1,Advanced,233,32
R090864,59,Male,2,Beginner,301,21.6
R084206,62,Female,3,Intermediate,233,20
R044697,39,Non-binary,3,Beginner,265,35.9
R036858,31,Female,2,Intermediate,273,20
R065336,65,Female,2,Intermediate,249,20
R085491,22,Female,2,Intermediate,252,21.1
R050549,47,Female,3,Advanced,252,34.7
R017642,62,Female,3,Beginner,304,20
R086544,54,Female,2,Beginner,258,47
R023526,51,Female,4,Beginner,269,32
R039782,27,Non-binary,2,Intermediate,227,20
R096903,53,Male,0,Advanced,,36.7
R096034,54,Male,5,Beginner,287,20
R021632,26,Male,3,Intermediate,262,34.2
R034578,41,Female,4,Intermediate,238,106.5313294
R000589,48,Male,0,Beginner,,33.2
R007818,48,Male,3,Beginner,233,20
R049332,54,Male,4,Beginner,292,20
R098892,27,Male,0,Beginner,,25.2
R000289,53,Female,2,Beginner,320,25.6
R009455,48,Female,1,Beginner,292,20
R029156,59,Female,2,Beginner,281,20
R034586,18,Male,2,Beginner,276,20
R086220,61,Female,2,Beginner,286,30.9
R088663,29,Male,0,Beginner,,20
R087961,41,Male,2,Beginner,292,20
R046857,56,Non-binary,4,Beginner,260,33.5
R091765,50,Male,2,Beginner,231,20
R045938,43,Female,0,Beginner,,20
R002674,60,Female,4,Beginner,236,20
R077705,36,Female,3,Beginner,286,22.7
R072181,33,Male,1,Advanced,227,20
R087067,48,Female,4,Beginner,248,30.8
R061633,37,Male,1,Intermediate,249,20.1
R036938,35,Female,2,Beginner,305,48.7
R011168,30,Female,4,Intermediate,257,20
R087153,49,Female,5,Intermediate,233,60.2
R055046,26,Female,2,Advanced,213,20
R049915,29,Female,3,Advanced,214,22.6
R065849,32,Male,3,Advanced,274,20
R067513,51,Female,4,Advanced,241,23.9
R077523,39,Male,1,Intermediate,244,20
R098307,59,Male,0,Beginner,,20
R029516,39,Female,5,Intermediate,227,20
R094543,25,Male,2,Advanced,187,61.1
R021895,40,Male,0,Beginner,,20
R096280,29,Female,0,Beginner,,20
R025406,58,Female,0,Beginner,,20
R046810,44,Female,3,Beginner,252,28
R011371,49,Female,1,Intermediate,208,23.2
R059845,34,Male,3,Beginner,253,45.8
R013132,34,Female,1,Advanced,229,71
R032139,62,Female,2,Beginner,296,20
R037892,26,Male,2,Advanced,195,61
R047617,42,Female,1,Intermediate,233,32.6
R000596,42,Male,6,Beginner,237,24.1
R018006,57,Male,4,Beginner,270,20
R025759,38,Male,1,Intermediate,252,65.6
R045750,55,Male,3,Intermediate,245,20
R063648,55,Female,3,Intermediate,275,34.1
R022575,33,Female,4,Beginner,304,24.6
R031530,34,Male,3,Intermediate,307,20
R023107,59,Female,2,Intermediate,260,20
R054293,64,Female,5,Intermediate,256,20
R072038,19,Non-binary,0,Advanced,,20
R088860,34,Female,1,Beginner,296,28.6
R040536,20,Female,0,Intermediate,,55.7
R054283,41,Male,4,Beginner,239,20
R010627,45,Male,5,Beginner,285,20
R044723,18,Female,4,Beginner,271,20
R006487,32,Female,3,Intermediate,271,20.8
R019194,62,Non-binary,0,Intermediate,,20
R015227,56,Male,0,Beginner,,20
R008573,27,Female,1,Beginner,278,20
R090907,46,Female,0,Advanced,,43.1
R024907,48,Female,2,Intermediate,228,35.3
R014509,43,Male,2,Advanced,209,20.3
R074924,44,Non-binary,0,Intermediate,,100.3056224
R065902,24,Male,1,Advanced,225,34.8
R033467,41,Male,3,Beginner,286,20
R072740,61,Female,2,Advanced,219,49.9
R008487,56,Female,3,Beginner,282,20
R091697,19,Male,1,Advanced,229,50.9
R017745,32,Female,2,Beginner,252,23.9
R048472,36,Male,0,Advanced,,29.6
R066331,26,Male,2,Beginner,298,20
R002386,30,Male,2,Advanced,214,49.8
R014834,61,Male,2,Beginner,265,40.8
R069255,26,Female,3,Beginner,282,28.6
R079701,49,Male,2,Intermediate,286,21.4
R070126,38,Male,2,Beginner,281,33.8
R068002,31,Female,2,Intermediate,268,20.7
R041930,60,Male,1,Intermediate,264,62.3
R021297,39,Female,2,Beginner,266,20
R028728,40,Non-binary,3,Intermediate,235,33.6
R071352,24,Male,1,Beginner,285,26
R074117,28,Male,2,Beginner,229,20
R074612,18,Male,4,Beginner,295,54
R093107,33,Female,3,Beginner,289,20
R078002,36,Male,1,Beginner,322,20
R048013,63,Female,1,Advanced,229,48.6
R082671,61,Female,0,Beginner,,20
R062256,42,Male,1,Beginner,289,52.9
R036528,45,Female,5,Beginner,329,20
R000835,23,Male,1,Intermediate,228,20
R055912,56,Female,3,Intermediate,241,20
R055832,22,Male,1,Beginner,267,25.2
R098384,25,Male,1,Beginner,318,20
R004782,49,Female,1,Beginner,292,20.3
R030720,63,Female,2,Intermediate,251,37
R035854,52,Non-binary,3,Advanced,220,20
R092058,20,Male,2,Intermediate,297,20
R043740,31,Male,5,Intermediate,240,20
R096240,58,Male,1,Beginner,296,20
R098640,62,Female,3,Advanced,223,50.3
R068535,45,Male,0,Intermediate,,20
R025047,47,Female,1,Advanced,175,40.9
R086736,26,Female,4,Intermediate,224,33.6
R069582,63,Female,0,Beginner,,38.9
R055420,57,Female,1,Beginner,301,20
R054316,26,Female,1,Intermediate,249,20
R063269,38,Male,3,Advanced,206,20
R081303,45,Male,3,Beginner,263,26.4
R085113,65,Female,2,Intermediate,251,20
R089650,28,Female,5,Beginner,276,20
R017497,36,Female,2,Intermediate,270,31.8
R070495,26,Male,4,Beginner,277,20
R070896,37,Female,0,Beginner,,44.8
R025267,42,Male,3,Beginner,286,106.7117788
R005252,30,Male,5,Beginner,253,20
R080400,24,Female,3,Advanced,189,27.7
R064845,18,Female,3,Advanced,238,20
R001207,19,Female,0,Intermediate,,34.9
R056261,34,Female,0,Advanced,,51.3
R035057,36,Male,0,Beginner,,20
R056907,18,Female,4,Intermediate,263,50.6
R039641,20,Male,2,Intermediate,230,38.1
R096529,31,Female,1,Beginner,307,40.9
R036167,27,Male,1,Advanced,189,20
R066802,58,Male,1,Intermediate,244,39.7
R021109,23,Non-binary,2,Intermediate,274,22.8
R062038,37,Female,3,Beginner,245,20
R076246,25,Male,1,Advanced,247,39
R032144,18,Non-binary,2,Beginner,294,20
R019885,39,Male,2,Intermediate,269,32.8
R038823,56,Female,2,Beginner,306,32
R008929,20,Male,3,Advanced,219,25.1
R036523,36,Male,2,Beginner,280,57.6
R023939,51,Male,2,Beginner,236,22.2
R051458,43,Female,4,Beginner,272,20.1
R007756,46,Male,0,Beginner,,40.1
R098320,34,Male,3,Intermediate,220,48
R013935,19,Male,4,Beginner,294,20
R084770,40,Female,1,Intermediate,234,36.9
R039735,56,Male,1,Beginner,292,20
R019552,19,Female,3,Beginner,265,20
R029104,29,Male,5,Advanced,233,20
R015625,43,Male,1,Intermediate,201,25.9
R037320,55,Male,0,Beginner,,38.1
R084303,22,Male,3,Beginner,280,23
R047789,58,Female,2,Intermediate,250,24.3
R003351,62,Female,2,Intermediate,239,20
R032504,19,Male,2,Intermediate,238,44.7
R034246,32,Male,6,Beginner,314,41.4
R020416,19,Male,3,Beginner,276,59
R025422,31,Non-binary,1,Beginner,263,20
R089961,38,Male,0,Advanced,,60.9
R091495,28,Female,3,Intermediate,242,20
R033425,18,Male,2,Advanced,206,20
R091471,63,Female,1,Intermediate,217,36.1
R024109,63,Male,0,Beginner,,51.7
R082411,48,Male,4,Intermediate,230,40.7
R054038,21,Female,2,Intermediate,247,20
R068781,59,Female,0,Beginner,,20
R031211,55,Male,2,Beginner,321,20
R022048,51,Female,2,Intermediate,239,45.6
R065614,57,Non-binary,4,Intermediate,268,20
R015629,33,Male,1,Beginner,268,57.9
R005642,64,Female,2,Intermediate,242,20
R068728,57,Female,2,Beginner,290,20
R066081,57,Female,0,Beginner,,20
R063399,26,Female,2,Intermediate,241,24.5
R045542,62,Female,1,Intermediate,269,25.2
R024030,51,Female,2,Beginner,266,20
R072142,22,Female,0,Beginner,,20
R095291,43,Female,2,Beginner,222,20
R066879,47,Male,1,Beginner,263,29.7
R095419,32,Female,3,Intermediate,271,20
R029665,41,Male,1,Beginner,269,20
R092676,37,Female,1,Intermediate,234,35.8
R016973,39,Female,3,Beginner,292,21.8
R087048,33,Female,1,Beginner,259,20
R026026,43,Male,2,Intermediate,241,21.2
R015415,20,Female,5,Advanced,211,26.5
R076485,56,Male,1,Intermediate,259,27.9
R060163,33,Female,0,Intermediate,,45
R080478,56,Female,1,Intermediate,248,20
R094808,54,Male,2,Advanced,226,102.9274286
R061910,22,Female,0,Intermediate,,20
R034743,30,Male,1,Advanced,193,20
R086600,51,Male,1,Advanced,234,20
R054105,30,Male,4,Intermediate,239,45.5
R028423,46,Male,0,Beginner,,39.6
R018465,46,Female,1,Beginner,293,20
R010438,22,Female,2,Beginner,267,20
R044068,19,Female,2,Beginner,244,32.8
R044209,51,Female,4,Advanced,216,87.1
R058276,45,Male,0,Intermediate,,54.7
R019344,45,Male,3,Advanced,219,23.5
R032541,42,Male,3,Beginner,302,31
R025283,61,Female,0,Intermediate,,39.9
R021870,51,Male,2,Beginner,304,31.1
R048300,39,Female,1,Advanced,226,25
R060485,55,Female,4,Advanced,239,63.3
R002802,56,Male,5,Beginner,257,20
R035654,55,Male,3,Advanced,213,20
R047549,49,Female,2,Intermediate,273,31.7
R058387,57,Female,4,Advanced,220,67.5
R029624,64,Female,0,Beginner,,27.9
R052863,61,Female,6,Intermediate,255,37.3
R097182,61,Female,5,Intermediate,234,45.5
R017446,58,Male,3,Intermediate,238,20
R069440,62,Male,1,Beginner,240,30
R060846,57,Male,2,Beginner,270,20
R046792,34,Male,2,Beginner,267,25.6
R071798,52,Male,0,Beginner,,20
R054480,37,Male,4,Beginner,288,20
R072279,48,Female,2,Intermediate,263,20
R038731,39,Non-binary,0,Intermediate,,28.9
R019692,41,Male,1,Intermediate,279,20
R067156,50,Female,2,Advanced,188,102.495058
R054697,38,Female,0,Intermediate,,73
R022004,29,Male,3,Advanced,227,41.7
R099836,47,Male,2,Intermediate,252,20
R064062,44,Female,1,Beginner,279,30.9
R013408,24,Male,1,Intermediate,235,20
R049243,45,Male,4,Intermediate,225,20
R072376,24,Female,5,Beginner,247,22.1
R078538,48,Female,1,Intermediate,262,38.2
R009150,52,Non-binary,1,Intermediate,244,21.1
R027802,49,Male,1,Beginner,284,20
R013692,60,Female,7,Advanced,226,20
R044258,54,Non-binary,3,Advanced,226,34.2
R055204,44,Male,2,Beginner,320,31.6
R029971,61,Female,3,Intermediate,282,50.7
R079756,43,Male,1,Beginner,275,20.1
R004301,58,Female,1,Beginner,322,20
R007387,43,Male,3,Beginner,246,53.8
R012254,56,Non-binary,3,Advanced,214,20
R056798,26,Male,1,Intermediate,223,20
R082195,35,Female,1,Beginner,282,20
R006832,23,Male,2,Advanced,247,50
R001958,46,Female,0,Beginner,,35.6
R049011,30,Male,2,Intermediate,212,39
R029294,64,Male,3,Beginner,278,31.2
R053947,42,Non-binary,1,Advanced,237,48.9
R027119,61,Male,4,Intermediate,268,52.6
R004523,46,Female,2,Beginner,267,20.5
R005210,48,Female,1,Advanced,232,55.5
R083819,25,Female,5,Beginner,287,44.3
R066671,24,Non-binary,3,Beginner,286,27.9
R054679,27,Male,3,Advanced,252,20
R002704,45,Male,3,Beginner,219,20
R038111,19,Female,2,Intermediate,223,29.1
R055138,43,Male,1,Intermediate,255,20
R085088,45,Female,3,Advanced,225,42.5
R038940,43,Female,2,Beginner,296,20
R089289,37,Male,3,Intermediate,265,33.2
R059098,42,Non-binary,1,Intermediate,317,45.4
R095700,50,Female,2,Intermediate,278,23.9
R001629,54,Male,2,Advanced,194,20
R046775,44,Male,1,Intermediate,277,20
R002025,58,Male,3,Advanced,238,37
R088911,44,Female,4,Beginner,292,32
R078777,56,Female,2,Beginner,279,20
R084512,24,Male,1,Beginner,299,20
R082930,44,Male,3,Intermediate,251,40
R038473,59,Female,4,Intermediate,235,32.9
R063702,37,Male,2,Advanced,230,24.9
R005891,57,Female,7,Beginner,275,20
R068662,62,Female,5,Beginner,338,25.2
R060966,19,Male,3,Beginner,215,26.6
R028158,28,Male,3,Beginner,294,20
R092310,42,Male,1,Beginner,267,46.6
R070987,53,Male,2,Beginner,289,34.5
R008481,51,Male,4,Intermediate,210,21.3
R024673,25,Female,1,Beginner,277,20
R018464,35,Female,2,Beginner,273,57.4
R010838,46,Non-binary,0,Beginner,,20
R056500,25,Non-binary,0,Intermediate,,24.5
R033776,61,Female,1,Intermediate,252,20
R000909,40,Male,4,Advanced,256,109.5259109
R010192,19,Female,3,Advanced,219,20
R029929,24,Non-binary,1,Advanced,190,20
R099805,29,Female,2,Beginner,295,20.2
R030154,45,Female,3,Beginner,277,20
R074298,51,Male,1,Beginner,249,20
R070779,21,Female,4,Intermediate,254,20
R015063,19,Male,6,Beginner,261,20
R004059,62,Female,0,Beginner,,22.6
R088030,28,Female,5,Beginner,257,51.7
R033726,57,Male,2,Intermediate,287,23
R093773,22,Male,2,Advanced,251,33.7
R099052,32,Male,0,Beginner,,38.7
R022036,65,Female,1,Intermediate,234,20.8
R002131,27,Female,3,Beginner,286,20
R028484,64,Male,4,Beginner,229,26.3
R007079,21,Female,1,Advanced,237,20
R048371,56,Male,1,Beginner,286,28.4
R090437,49,Male,2,Beginner,290,41.1
R053522,39,Female,5,Advanced,245,70.7
R013490,33,Male,0,Beginner,,20
R060908,41,Male,1,Beginner,289,20
R036352,64,Female,2,Intermediate,262,28.5
R045310,28,Female,4,Beginner,279,44.9
R028237,42,Female,1,Advanced,218,48.4
R016662,39,Female,1,Beginner,281,28.3
R066585,28,Male,2,Beginner,271,28.1
R028155,56,Male,0,Beginner,,35.5
R095261,60,Male,3,Beginner,336,55.5
R070880,54,Female,3,Advanced,210,20
R093540,25,Male,1,Beginner,274,20
R044626,42,Female,0,Intermediate,,107.0665182
R094979,19,Male,3,Advanced,233,20
R064365,52,Male,0,Intermediate,,20
R007465,41,Male,2,Beginner,280,22.2
R082057,18,Female,1,Beginner,266,20
R012010,61,Female,1,Beginner,276,109.5941287
R003336,37,Male,4,Intermediate,257,20
R063976,64,Female,5,Beginner,308,33.2
R024657,27,Male,2,Beginner,301,20.6
R047624,34,Female,1,Beginner,266,20
R047386,56,Female,0,Advanced,,31.5
R037974,64,Female,1,Beginner,278,30.4
R048292,21,Male,2,Beginner,250,21.5
R046118,19,Female,3,Beginner,295,20
R004682,60,Female,1,Beginner,289,28.4
R042351,27,Female,3,Intermediate,250,20
R061493,52,Male,2,Intermediate,287,26.1
R088133,22,Male,0,Beginner,,31.2
R047465,53,Male,1,Intermediate,261,20
R073408,62,Male,2,Beginner,234,20
R085558,60,Female,1,Beginner,256,20
R080586,24,Male,0,Beginner,,20
R004372,33,Female,2,Intermediate,274,20
R059536,21,Male,0,Advanced,,40
R081516,59,Male,0,Beginner,,20.1
R051425,33,Male,2,Advanced,228,33.2
R019118,22,Female,3,Beginner,280,23.2
R091611,24,Male,3,Intermediate,242,20
R061498,43,Female,5,Intermediate,214,20
R024012,62,Female,3,Intermediate,197,33.6
R093930,49,Male,1,Intermediate,212,45.1
R084922,49,Female,2,Beginner,310,33.6
R019282,27,Female,2,Intermediate,300,46.4
R014715,39,Male,2,Advanced,169,66.1
R021772,25,Male,3,Intermediate,276,27.1
R088082,20,Female,1,Intermediate,230,20
R017077,27,Male,3,Beginner,302,20
R023292,33,Male,3,Beginner,264,20
R041042,27,Non-binary,0,Beginner,,20
R003871,49,Female,1,Advanced,182,24.5
R001163,57,Female,1,Beginner,269,101.9378104
R011538,44,Female,3,Beginner,284,20
R033533,46,Female,2,Beginner,317,20.8
R003066,64,Female,3,Intermediate,262,30.6
R005362,49,Male,0,Beginner,,114.5640061
R030383,24,Female,2,Intermediate,241,49.5
R053257,28,Male,0,Intermediate,,33.7
R058751,43,Female,5,Beginner,313,20
R050872,25,Male,0,Beginner,,20
R070578,61,Female,0,Beginner,,20
R004694,57,Male,1,Beginner,316,51.8
R039252,57,Male,3,Advanced,213,26.5
R096270,64,Male,1,Intermediate,267,46
R027895,25,Male,0,Beginner,,20
R058820,61,Male,2,Intermediate,266,20
R031526,31,Female,3,Intermediate,229,20
R015084,42,Female,1,Beginner,275,20
R089374,57,Female,3,Beginner,264,20
R094376,34,Male,4,Intermediate,249,20
R009034,38,Female,2,Intermediate,224,20
R047947,54,Male,2,Intermediate,217,33.7
R006248,25,Female,4,Intermediate,284,29.5
R020890,50,Female,1,Intermediate,291,20
R043761,35,Male,3,Beginner,283,30
R087983,43,Male,2,Beginner,282,20
R002765,63,Male,2,Advanced,223,22.7
R058808,48,Male,1,Intermediate,226,50.2
R055123,37,Male,4,Intermediate,230,40.3
R037054,19,Male,1,Beginner,268,23
R063878,48,Non-binary,4,Advanced,212,27
R030693,27,Male,6,Intermediate,274,20
R042653,40,Male,2,Intermediate,240,20
R096792,65,Female,1,Beginner,243,20
R073896,47,Female,2,Intermediate,255,23.2
R007871,34,Male,3,Beginner,244,20
R094410,54,Female,2,Advanced,165,20
R001572,42,Male,3,Advanced,209,55.1
R010652,39,Female,0,Intermediate,,26.9
R020475,56,Female,1,Beginner,332,20.7
R050507,36,Female,2,Beginner,221,114.098107
R014299,47,Male,3,Beginner,267,21.2
R081117,40,Female,1,Intermediate,240,20
R041139,53,Male,0,Beginner,,32.1
R098737,51,Male,2,Intermediate,264,35.2
R071666,29,Male,3,Intermediate,168,20
R063595,42,Non-binary,1,Intermediate,255,32.6
R094620,56,Male,6,Beginner,290,20.4
R015052,35,Female,3,Beginner,320,20
R021751,30,Male,4,Beginner,281,20
R020669,19,Male,2,Intermediate,261,43.6
R060725,18,Male,3,Beginner,268,20
R069048,54,Male,0,Advanced,,20.3
R042687,56,Female,1,Advanced,247,29.4
R098796,19,Female,2,Advanced,185,33.8
R042093,26,Male,1,Beginner,277,20
R094785,62,Female,1,Advanced,258,20
R000583,36,Male,4,Beginner,308,42.8
R034577,46,Male,3,Advanced,229,20
R002832,58,Male,4,Beginner,248,20
R031002,42,Female,0,Beginner,,33.1
R040579,62,Female,0,Intermediate,,20
R045886,52,Female,4,Advanced,239,20
R069421,42,Female,2,Intermediate,246,20
R029756,26,Female,2,Intermediate,270,20
R092986,53,Male,0,Intermediate,,20
R089466,19,Male,1,Beginner,236,20
R017124,22,Male,1,Beginner,216,24.2
R050313,56,Male,4,Advanced,248,20
R001505,56,Male,1,Beginner,292,24.3
R066074,30,Male,1,Beginner,295,43.7
R056766,21,Male,1,Beginner,278,20
R060433,41,Male,1,Advanced,246,27
R045995,56,Female,4,Beginner,273,20
R013682,35,Male,3,Beginner,282,20
R030036,42,Female,2,Beginner,313,48.1
R006221,50,Male,3,Intermediate,260,25.5
R069510,48,Male,5,Advanced,230,51
R057392,32,Female,2,Intermediate,278,20
R099101,50,Male,4,Intermediate,256,35.4
R034136,63,Male,3,Intermediate,290,20
R033907,32,Female,0,Beginner,,20
R004632,44,Female,3,Beginner,264,20
R075806,18,Non-binary,3,Intermediate,246,20
R009478,62,Male,2,Beginner,249,24.5
R074268,27,Male,3,Intermediate,271,20
R056419,43,Female,2,Beginner,285,37
R006093,19,Female,2,Beginner,278,20
R058167,40,Male,1,Advanced,203,20
R063829,26,Female,1,Beginner,335,20
R017216,32,Male,1,Advanced,205,52.9
R052035,37,Male,3,Beginner,291,20
R027898,52,Female,3,Beginner,308,20
R093614,32,Female,2,Intermediate,249,39.8
R014005,65,Male,2,Beginner,253,20
R079743,53,Female,3,Advanced,254,20
R057509,42,Female,3,Intermediate,235,74
R052222,20,Male,1,Beginner,244,20
R046517,63,Male,0,Intermediate,,20
R022159,35,Male,4,Beginner,238,20
R012284,23,Male,3,Beginner,303,20
R042033,43,Male,1,Beginner,281,20
R089149,29,Female,2,Advanced,218,21.8
R046530,28,Male,4,Intermediate,240,108.3131316
R092042,46,Female,6,Intermediate,278,20
R093535,24,Female,1,Intermediate,231,20
R029219,45,Male,1,Intermediate,247,31.1
R093317,51,Male,3,Intermediate,260,20
R004377,51,Non-binary,0,Beginner,,24.2
R006480,22,Female,5,Intermediate,249,28.9
R058461,43,Female,2,Intermediate,273,42.7
R015393,47,Male,2,Beginner,274,20
R089237,42,Male,2,Beginner,279,20
R061933,18,Male,3,Advanced,217,20
R035572,39,Female,1,Intermediate,260,28.2
R088641,50,Female,3,Beginner,294,20
R092715,29,Female,3,Beginner,270,38.6
R078400,38,Female,1,Beginner,287,20
R023979,40,Male,4,Beginner,335,21.6
R085735,49,Male,2,Intermediate,266,109.4469775
R022503,27,Female,0,Beginner,,20
R004038,49,Female,2,Beginner,282,37
R008608,65,Female,2,Beginner,244,20
R060818,43,Female,0,Advanced,,24.5
R013158,57,Male,3,Intermediate,261,113.9842687
R048464,35,Male,0,Beginner,,25.5
R022037,65,Male,0,Intermediate,,20
R057254,39,Male,1,Intermediate,228,20
R094649,61,Female,1,Beginner,270,22
R053950,57,Male,2,Advanced,186,23.1
R033990,59,Female,3,Beginner,243,48.5
R048044,61,Female,5,Beginner,246,20
R033330,33,Male,3,Intermediate,280,20
R049088,24,Female,3,Advanced,235,23.4
R037581,38,Male,1,Intermediate,218,20
R051703,27,Female,0,Beginner,,108.4950688
R031478,64,Female,1,Intermediate,185,28.8
R099212,23,Female,4,Beginner,298,20
R005940,53,Non-binary,4,Beginner,298,20
R089249,32,Male,3,Beginner,251,20
R062108,49,Female,0,Advanced,,38.7
R024417,28,Female,1,Intermediate,224,56.3
R030001,44,Male,3,Advanced,220,51.9
R040443,22,Female,4,Beginner,234,40.8
R096527,62,Male,1,Advanced,218,20
R067723,36,Female,1,Intermediate,234,50.2
R004600,45,Female,1,Advanced,228,63.3
R007641,41,Female,2,Beginner,250,20
R014053,20,Male,4,Advanced,243,111.1592135
R042447,19,Female,0,Beginner,,34.1
R067041,46,Female,1,Beginner,265,20
R087777,49,Male,3,Beginner,257,20
R070625,58,Male,1,Beginner,286,20
R068171,64,Male,0,Advanced,,48.7
R065447,32,Female,3,Beginner,351,26.1
R073213,35,Male,2,Beginner,216,40.2
R027479,41,Male,2,Beginner,306,20
R039299,61,Female,1,Beginner,287,29.8
R091584,27,Female,3,Advanced,215,46.4
R099365,60,Female,0,Advanced,,71.5
R096237,62,Female,1,Beginner,277,25.2
R004352,64,Male,3,Intermediate,257,48
R064538,56,Male,2,Beginner,298,20
R071954,25,Male,2,Beginner,329,21.1
R058083,43,Female,1,Beginner,298,20
R087255,42,Female,2,Beginner,279,20
R062465,26,Female,2,Intermediate,244,20
R023252,63,Female,3,Beginner,276,25.1
R082051,48,Male,2,Beginner,241,23.3
R041975,31,Male,1,Intermediate,239,39
R040559,20,Male,2,Beginner,252,20
R095220,39,Male,4,Beginner,260,20
R098734,21,Non-binary,0,Beginner,,23.4
R027673,38,Female,1,Intermediate,258,27.8
R087198,50,Non-binary,3,Beginner,339,20
R037621,64,Male,1,Beginner,304,20
R069871,24,Male,2,Beginner,282,20
R049177,62,Female,1,Beginner,274,20
R093065,35,Male,3,Advanced,202,52.5
R018914,38,Female,3,Intermediate,243,20
R056554,55,Male,5,Intermediate,227,20.2
R008417,18,Non-binary,2,Beginner,234,20
R067847,49,Male,0,Advanced,,29.2
R028703,36,Male,1,Intermediate,254,30.3
R026359,34,Non-binary,0,Intermediate,,20
R094856,47,Male,1,Beginner,289,26.7
R024816,32,Female,3,Advanced,218,20
R035936,40,Female,1,Beginner,312,20
R039952,25,Female,1,Beginner,283,20
R071711,25,Female,2,Intermediate,229,20
R068733,30,Female,1,Beginner,308,26.4
R036935,20,Female,3,Advanced,187,24.5
R036651,61,Female,2,Beginner,273,20
R041721,44,Male,3,Beginner,294,39.8
R046454,18,Male,2,Advanced,223,31.1
R089751,56,Male,2,Intermediate,295,20
R036656,18,Male,6,Advanced,179,20.2
R015984,42,Female,1,Intermediate,281,27.2
R000410,49,Male,1,Beginner,314,20
R022059,22,Male,1,Beginner,275,20
R014666,31,Female,3,Beginner,261,30.4
R071596,58,Female,3,Advanced,226,28.8
R067456,53,Female,2,Beginner,275,20
R040361,62,Non-binary,3,Intermediate,260,34.3
R076775,47,Female,2,Beginner,325,20.3
R061415,24,Male,3,Intermediate,275,36.2
R084138,61,Female,1,Beginner,318,31.2
R054418,61,Male,0,Intermediate,,42.2
R085815,65,Male,1,Intermediate,228,20
R014023,44,Male,0,Beginner,,20
R053618,25,Male,0,Beginner,,20
R078363,42,Female,3,Beginner,285,21.5
R038972,28,Male,0,Advanced,,21
R007009,56,Female,2,Beginner,263,20
R035148,24,Female,3,Beginner,302,35.1
R026205,26,Male,2,Intermediate,212,20
R057636,18,Male,3,Intermediate,272,20
R033473,50,Male,2,Advanced,246,64.8
R062233,56,Female,3,Intermediate,230,20
R060682,65,Male,2,Beginner,297,50.9
R061652,21,Male,3,Beginner,245,20
R016456,64,Female,0,Beginner,,20
R065843,24,Male,3,Intermediate,302,42.1
R066332,38,Female,3,Advanced,204,20
R062990,29,Female,4,Beginner,305,20
R045455,55,Female,1,Intermediate,294,20
R011581,49,Male,1,Beginner,286,20
R037778,39,Female,0,Intermediate,,23.2
R002298,64,Male,2,Beginner,314,20
R065563,38,Non-binary,2,Intermediate,293,24
R006055,30,Male,3,Beginner,267,20
R097251,59,Female,3,Advanced,178,20
R077483,23,Male,1,Advanced,230,64.7
R057703,48,Female,1,Beginner,229,20
R037273,22,Female,2,Beginner,298,20
R003494,28,Female,4,Advanced,229,51.1
R055211,57,Female,2,Beginner,263,20
R054498,61,Male,3,Intermediate,235,23.2
R098800,42,Male,1,Intermediate,209,20
R005458,56,Female,1,Beginner,245,20
R084096,61,Male,4,Intermediate,226,35.6
R059058,22,Female,3,Beginner,269,52
R019919,58,Male,0,Beginner,,20
R064203,59,Male,2,Beginner,264,25.4
R047994,28,Female,0,Intermediate,,20
R075027,21,Female,4,Beginner,262,20
R066775,30,Male,4,Advanced,207,35.5
R000810,55,Male,3,Intermediate,228,20
R071201,32,Male,0,Beginner,,34
R025331,28,Male,2,Intermediate,285,33.5
R074326,42,Male,1,Beginner,272,20
R047500,49,Male,2,Beginner,270,20
R072172,25,Male,1,Beginner,337,20
R011679,61,Female,2,Intermediate,265,36.1
R003021,40,Male,4,Intermediate,208,20
R053924,61,Female,2,Intermediate,263,20
R055639,32,Female,5,Intermediate,223,20
R072942,51,Female,1,Intermediate,264,20
R072504,34,Female,1,Beginner,288,20
R075047,37,Female,1,Advanced,216,41.7
R061028,18,Male,2,Intermediate,267,24.2
R042529,59,Female,4,Beginner,274,20
R052865,47,Female,1,Intermediate,247,20
R028594,25,Female,2,Beginner,257,20
R097141,28,Female,1,Beginner,340,20
R052043,56,Male,0,Intermediate,,20
R037439,62,Female,1,Intermediate,241,21.5
R014333,35,Male,2,Beginner,275,53.7
R075639,31,Female,1,Intermediate,202,20
R046928,40,Female,0,Intermediate,,20
R078540,25,Female,4,Intermediate,194,47.6
R043700,63,Female,2,Beginner,295,20
R043501,29,Female,3,Intermediate,243,20
R074358,26,Male,1,Intermediate,258,20
R061516,42,Male,4,Beginner,281,34.2
R078997,34,Female,3,Beginner,216,20
R050964,20,Female,2,Beginner,286,36.5
R022485,50,Female,1,Beginner,277,20
R085428,30,Male,1,Beginner,280,20
R036309,60,Male,1,Beginner,236,20
R032956,37,Male,0,Advanced,,20
R064658,62,Female,1,Advanced,185,42.6
R009456,55,Male,0,Beginner,,20
R013784,23,Male,1,Beginner,315,29.6
R029846,35,Female,0,Beginner,,20.2
R093857,32,Female,5,Intermediate,261,38.6
R061893,19,Female,2,Beginner,297,20
R051171,52,Male,2,Intermediate,246,20
R069851,54,Male,1,Advanced,219,20
R080001,35,Male,4,Beginner,278,20
R045877,20,Female,3,Intermediate,214,28.7
R004953,46,Non-binary,3,Advanced,220,30.5
R009746,56,Female,1,Beginner,300,39.2
R032442,21,Male,1,Intermediate,273,20
R048130,31,Male,2,Intermediate,225,32.5
R086087,63,Male,1,Intermediate,245,29.1
R036933,48,Male,2,Beginner,274,36.9
R017229,55,Male,1,Advanced,234,31
R003959,26,Male,1,Intermediate,243,46.5
R052616,38,Male,2,Intermediate,263,20
R007616,65,Male,2,Beginner,286,20
R029651,38,Female,2,Beginner,306,27.6
R037000,42,Male,2,Intermediate,268,21.9
R036812,65,Male,2,Intermediate,234,20
R030219,40,Female,0,Beginner,,20
R092650,57,Male,2,Intermediate,248,20
R061530,46,Female,3,Intermediate,221,35
R086882,31,Female,0,Advanced,,28.7
R010933,33,Male,2,Beginner,283,37.7
R003802,19,Male,0,Intermediate,,20
R002542,30,Male,6,Intermediate,228,38.2
R081829,49,Male,2,Beginner,251,23
R008874,53,Male,0,Beginner,,38.7
R007385,47,Male,2,Advanced,230,115.699877
R045204,43,Female,2,Beginner,261,32.9
R029016,47,Female,2,Intermediate,233,20
R021583,38,Male,2,Beginner,280,20
R083649,45,Female,4,Intermediate,257,31.7
R013423,49,Female,4,Beginner,281,20
R029951,27,Female,1,Beginner,259,20
R022972,23,Female,4,Intermediate,226,25
R079791,20,Non-binary,3,Intermediate,256,24.7
R016113,43,Non-binary,3,Intermediate,293,20
R001334,47,Male,1,Intermediate,252,20
R024882,42,Female,2,Intermediate,258,39.5
R043935,40,Non-binary,2,Beginner,243,20
R056666,61,Male,0,Advanced,,37.3
R074432,18,Male,0,Beginner,,20
R034552,33,Male,2,Beginner,251,115.180372
R001233,39,Female,1,Intermediate,268,20
R065485,50,Female,1,Beginner,225,20
R033875,19,Female,1,Intermediate,199,45.5
R015435,51,Male,4,Intermediate,258,23.3
R039414,23,Male,2,Beginner,272,20
R051026,50,Male,3,Beginner,227,20
R075327,41,Female,2,Beginner,301,20
R023966,38,Female,1,Beginner,266,25
R018676,35,Female,2,Beginner,283,20
R082396,47,Male,1,Beginner,257,20
R000247,37,Male,4,Beginner,272,20
R075090,22,Male,4,Intermediate,224,28.2
R030654,29,Male,3,Beginner,318,24.9
R079034,46,Male,0,Beginner,,20
R063239,31,Male,2,Intermediate,235,31.2
R019241,46,Male,6,Beginner,267,21.4
R003815,51,Female,3,Beginner,231,24
R084634,24,Male,1,Intermediate,279,29.6
R094987,23,Male,3,Advanced,184,49.9
R055059,33,Male,1,Beginner,252,20
R055240,55,Female,2,Beginner,297,20.3
R030773,54,Female,2,Intermediate,246,20
R031851,34,Male,1,Beginner,313,20
R093216,57,Female,4,Intermediate,251,20
R078564,37,Male,2,Intermediate,222,23.8
R066652,58,Male,2,Beginner,263,20
R078457,21,Female,2,Beginner,280,25.1
R059246,35,Female,0,Beginner,,20
R021664,32,Male,1,Beginner,267,28.6
R064483,27,Male,1,Beginner,261,20
R083132,43,Male,1,Beginner,252,20
R089608,37,Female,4,Beginner,285,20
R097735,58,Male,2,Beginner,282,31.3
R028139,48,Male,3,Intermediate,249,32.9
R027018,42,Female,1,Beginner,298,26.7
R099744,29,Male,3,Beginner,325,28.8
R007595,53,Male,1,Beginner,263,20
R052408,22,Male,0,Beginner,,20
R046610,22,Female,1,Beginner,244,34
R068138,32,Female,1,Advanced,263,20
R026938,58,Female,3,Beginner,249,20
R015012,36,Non-binary,0,Beginner,,23.5
R012725,52,Male,5,Intermediate,271,20
R053520,30,Male,3,Advanced,193,22.6
R057838,24,Female,2,Beginner,297,20
R095875,21,Female,2,Beginner,262,20
R066816,44,Male,3,Intermediate,302,20
R088801,55,Non-binary,3,Beginner,265,20
R079782,61,Female,4,Beginner,284,20
R014359,21,Female,6,Beginner,276,41.9
R054372,18,Female,1,Advanced,221,119.9603158
R033879,55,Male,2,Intermediate,264,20
R052437,44,Male,1,Intermediate,241,20
R022746,61,Female,1,Intermediate,254,30.8
R030024,36,Male,0,Intermediate,,21.8
R020878,46,Female,4,Intermediate,262,28.6
R033394,64,Male,0,Beginner,,20
R030476,33,Male,3,Intermediate,280,67.5
R061948,21,Female,2,Beginner,303,20
R039533,57,Female,1,Advanced,236,28.8
R080468,51,Male,3,Advanced,236,33.5
R005761,27,Female,2,Beginner,261,20
R084170,21,Female,1,Beginner,288,20
R079903,52,Male,1,Beginner,269,44.1
R014642,49,Male,0,Beginner,,35.1
R095455,26,Female,0,Advanced,,49.2
R049488,58,Female,5,Intermediate,219,20
R080113,25,Female,2,Beginner,252,26.7
R006089,44,Female,3,Intermediate,259,20
R075415,30,Male,2,Intermediate,230,20.3
R066793,36,Female,1,Beginner,272,37.2
R080934,52,Male,2,Advanced,221,102.2044257
R080775,43,Female,2,Intermediate,261,20
R054390,46,Male,5,Beginner,282,20
R058903,41,Male,3,Beginner,232,44.1
R011918,43,Female,6,Advanced,236,53.9
R061369,57,Female,1,Beginner,333,20.8
R032463,46,Female,3,Intermediate,244,20
R009831,41,Male,4,Beginner,272,20
R037289,32,Male,2,Intermediate,250,20
R071820,29,Non-binary,1,Beginner,277,33.2
R030753,34,Male,4,Advanced,217,43.9
R094310,57,Male,2,Beginner,222,20
R093058,32,Female,7,Advanced,213,20
R022469,44,Male,2,Intermediate,237,20
R061182,36,Male,1,Intermediate,246,20
R000056,64,Male,3,Intermediate,254,45.1
R010128,51,Male,1,Beginner,304,20
R090865,24,Female,1,Beginner,267,20
R034606,60,Female,5,Advanced,222,20
R073878,19,Non-binary,2,Beginner,340,20
R053449,41,Male,1,Intermediate,254,57.1
R055403,26,Male,3,Advanced,213,20
R075633,28,Female,3,Advanced,235,20
R049306,54,Male,3,Beginner,259,20
R082680,40,Male,1,Beginner,248,26.7
R026194,32,Male,1,Beginner,276,20
R021244,43,Male,6,Intermediate,254,44.9
R016849,47,Female,0,Beginner,,26.4
R056700,46,Male,1,Beginner,260,25.5
R008518,60,Female,2,Intermediate,265,20
R007761,59,Female,4,Beginner,290,116.3569936
R095498,27,Male,1,Beginner,322,39.9
R016285,35,Female,3,Beginner,274,20
R011224,48,Female,2,Beginner,275,20
R029664,24,Female,3,Beginner,329,20
R032485,31,Female,2,Beginner,303,39.4
R055787,22,Male,2,Beginner,306,42.1
R026792,22,Male,2,Beginner,313,41.7
R087546,39,Female,2,Beginner,283,21.2
R098944,56,Female,1,Beginner,259,20
R061178,40,Male,0,Beginner,,32.1
R017031,61,Male,2,Intermediate,288,20
R003549,40,Male,1,Beginner,282,20
R059868,40,Male,1,Beginner,279,32.1
R068929,23,Male,0,Beginner,,53.4
R024678,36,Male,2,Advanced,219,41.7
R010551,33,Female,0,Beginner,,20
R022162,50,Male,2,Intermediate,259,54.2
R039775,52,Non-binary,1,Beginner,308,20
R020473,51,Female,3,Beginner,333,20
R089329,50,Male,4,Intermediate,281,20
R015522,32,Non-binary,0,Beginner,,20
R024953,19,Male,1,Beginner,293,34.6
R051694,30,Female,2,Beginner,298,38.9
R054582,65,Female,1,Intermediate,279,20
R029129,28,Male,2,Beginner,263,36.9
R020450,40,Non-binary,0,Advanced,,28.4
R024612,26,Male,0,Intermediate,,26.5
R085383,39,Female,3,Advanced,280,29.8
R054421,44,Male,1,Beginner,279,20
R047694,54,Male,3,Beginner,282,20
R039000,42,Female,0,Beginner,,56.3
R002882,41,Male,2,Beginner,312,20
R022179,61,Female,0,Beginner,,20
R009148,31,Male,0,Beginner,,20
R052150,28,Female,1,Advanced,227,20
R048854,60,Male,0,Advanced,,20
R054438,31,Male,1,Beginner,268,20
R012769,21,Female,1,Beginner,288,28.1
R010501,63,Female,3,Beginner,234,20.8
R052768,51,Female,2,Beginner,321,38
R006533,18,Male,2,Intermediate,274,43.5
R068990,37,Female,0,Beginner,,40.2
R016082,61,Male,1,Beginner,341,20
R037955,64,Female,0,Beginner,,20
R020536,38,Female,2,Beginner,303,24
R039170,36,Female,2,Advanced,228,20
R023400,44,Male,3,Beginner,261,20
R053222,23,Male,1,Beginner,276,26.5
R047527,50,Female,4,Advanced,195,25.3
R035561,23,Male,4,Beginner,277,34.1
R088897,42,Female,1,Advanced,201,20
R031779,48,Male,4,Beginner,247,33.3
R000831,37,Male,0,Intermediate,,23.3
R072787,32,Female,0,Beginner,,39.9
R070406,18,Female,1,Beginner,342,24.8
R067178,53,Female,1,Intermediate,271,52.7
R059358,33,Female,2,Beginner,252,27.1
R054145,50,Female,3,Intermediate,254,27
R001908,55,Female,1,Intermediate,220,29.5
R087938,65,Male,1,Intermediate,241,24.2
R058275,43,Male,1,Beginner,283,22.7
R088439,34,Male,3,Beginner,274,116.1469446
R048601,33,Female,3,Advanced,208,61.1
R072782,52,Male,2,Intermediate,262,20
R009354,64,Female,3,Beginner,249,33.3
R019502,26,Female,4,Beginner,327,20
R050166,64,Male,4,Beginner,319,20
R029612,42,Male,2,Intermediate,311,48
R046325,58,Non-binary,1,Intermediate,235,20
R041103,49,Female,3,Intermediate,243,42
R070783,25,Male,0,Beginner,,58.5
R091817,26,Female,3,Beginner,312,27.1
R021754,26,Male,0,Intermediate,,20
R041102,50,Female,3,Intermediate,264,20
R021222,30,Male,2,Beginner,285,20
R034588,42,Female,2,Beginner,238,29.4
R065411,22,Female,1,Beginner,342,22.6
R014574,26,Male,4,Beginner,295,20
R043886,19,Male,1,Advanced,178,35.1
R062272,53,Male,2,Advanced,264,107.7149723
R007146,53,Female,2,Intermediate,246,23.8
R086237,38,Male,2,Intermediate,233,47.7
R055962,21,Female,2,Intermediate,280,47.2
R080972,32,Male,1,Advanced,227,20
R083391,54,Female,1,Beginner,266,20
R057310,57,Male,2,Beginner,280,20
R033438,61,Male,1,Beginner,272,20
R083730,21,Female,0,Intermediate,,20
R083986,23,Male,0,Beginner,,36.4
R077145,41,Male,1,Advanced,248,27.6
R081672,65,Non-binary,0,Beginner,,20
R021773,41,Male,1,Beginner,266,33.3
R030328,36,Male,3,Intermediate,272,61.3
R007027,39,Female,1,Beginner,275,20
R090945,36,Female,3,Intermediate,233,20
R047224,61,Male,3,Beginner,243,31.7
R089105,63,Non-binary,1,Beginner,289,25.1
R012904,24,Female,3,Intermediate,229,20
R021454,25,Female,3,Advanced,190,20
R044997,62,Female,0,Advanced,,68.9
R094340,36,Male,3,Advanced,161,20
R042045,40,Female,1,Intermediate,264,32.5
R017319,52,Female,3,Beginner,242,20
R044006,37,Female,1,Beginner,276,20.6
R067545,46,Female,1,Intermediate,313,20
R001547,49,Female,0,Intermediate,,38.8
R055555,32,Male,5,Beginner,290,20
R031608,57,Male,1,Advanced,253,20
R044447,48,Female,4,Beginner,253,21.4
R071178,54,Female,0,Intermediate,,21.3
R044675,63,Male,0,Beginner,,20
R019665,61,Male,2,Intermediate,239,20
R000386,65,Female,4,Advanced,245,20
R002141,25,Female,1,Beginner,307,20
R048858,58,Female,2,Beginner,313,20
R099379,27,Female,3,Beginner,284,22.2
R018621,61,Male,6,Beginner,257,20
R080298,33,Male,3,Intermediate,241,20
R077364,62,Female,1,Beginner,286,20
R009538,29,Female,3,Beginner,255,20
R085457,39,Female,1,Advanced,206,37.5
R088967,48,Male,1,Beginner,223,20
R015867,30,Male,3,Beginner,321,20
R085344,52,Male,1,Advanced,221,20
R024967,60,Female,4,Intermediate,277,20
R087995,19,Male,1,Beginner,256,20
R006304,28,Female,2,Intermediate,272,21
R009026,54,Male,4,Beginner,243,20
R008857,31,Female,3,Intermediate,247,39
R034969,55,Male,4,Intermediate,243,36.1
R030746,46,Male,3,Advanced,183,46.1
R026480,18,Male,4,Beginner,279,31.4
R069103,23,Male,3,Advanced,264,38.2
R024286,24,Female,0,Advanced,,20
R077414,54,Male,1,Advanced,180,20
R091631,51,Male,1,Intermediate,268,20
R080741,51,Female,2,Beginner,232,20.6
R041833,50,Male,1,Beginner,236,26.5
R057932,53,Female,0,Beginner,,20
R051387,23,Female,4,Intermediate,249,20
R044288,41,Male,4,Intermediate,245,20
R041759,49,Female,4,Beginner,314,20
R042925,65,Female,0,Intermediate,,20
R058124,30,Male,2,Advanced,260,20
R035192,58,Female,2,Intermediate,249,31.7
R016626,28,Male,1,Intermediate,264,22.2
R049398,27,Male,3,Intermediate,236,23.6
R015390,22,Female,2,Intermediate,234,59.6
R016025,33,Female,2,Beginner,258,20
R082271,31,Male,3,Beginner,314,25.2
R000802,54,Male,3,Beginner,262,23.3
R024525,50,Female,2,Intermediate,253,51.8
R096861,60,Male,5,Beginner,241,20
R080672,65,Male,0,Advanced,,37.7
R058038,29,Male,5,Beginner,277,117.4782443
R087701,36,Male,3,Intermediate,201,51.2
R094781,40,Female,1,Intermediate,209,54.6
R047691,40,Male,1,Beginner,287,23.6
R037215,56,Male,4,Beginner,285,20
R087535,40,Male,0,Beginner,,20
R005487,36,Female,2,Advanced,209,52.6
R053287,49,Male,0,Beginner,,34
R070708,26,Female,0,Intermediate,,26.4
R075855,52,Female,1,Beginner,306,28.3
R057257,45,Female,1,Beginner,256,20
R089538,60,Female,0,Beginner,,22
R057280,46,Female,3,Beginner,305,20
R052309,60,Female,2,Advanced,201,20
R087489,35,Male,1,Beginner,245,20
R022890,51,Non-binary,0,Advanced,,20
R048497,65,Female,0,Beginner,,20
R082029,21,Female,1,Advanced,240,20
R099000,29,Male,2,Intermediate,209,70.1
R092087,49,Male,3,Beginner,297,20
R025737,24,Female,0,Beginner,,20
R018267,48,Male,1,Intermediate,232,20
R011733,62,Female,5,Advanced,227,54.8
R076854,29,Female,2,Advanced,231,56.6
R028955,38,Non-binary,4,Beginner,296,20
R040822,58,Male,1,Beginner,306,20
R002204,43,Female,0,Intermediate,,39.3
R083196,22,Non-binary,4,Beginner,255,20
R096580,39,Female,2,Beginner,260,42.4
R081365,37,Male,0,Beginner,,43.5
R052657,56,Female,2,Beginner,326,20
R091764,28,Female,0,Advanced,,20
R052559,57,Male,6,Intermediate,251,26.8
R024276,21,Female,1,Intermediate,247,47
R004180,34,Male,0,Beginner,,22.2
R063549,21,Non-binary,5,Intermediate,273,20
R015871,60,Male,3,Beginner,302,20
R039915,37,Female,3,Intermediate,258,51.9
R098497,52,Male,1,Beginner,251,20
R018264,21,Female,0,Intermediate,,38.2
R082974,64,Female,2,Intermediate,209,20
R064901,61,Female,1,Intermediate,249,29.9
R057995,40,Female,1,Intermediate,222,55.9
R054737,36,Female,4,Advanced,199,20
R078089,26,Male,2,Beginner,284,20
R022840,33,Male,2,Intermediate,285,25.6
R038547,59,Female,4,Intermediate,212,20
R021364,50,Male,4,Beginner,256,20.7
R044350,31,Female,1,Advanced,258,20
R071990,57,Female,1,Intermediate,270,20
R098891,53,Male,2,Intermediate,237,32.8
R013524,49,Male,4,Beginner,310,24.9
R043506,23,Female,0,Beginner,,30.2
R098915,51,Female,0,Advanced,,20
R048364,48,Male,1,Intermediate,258,30.9
R050458,18,Male,3,Intermediate,241,23.5
R000569,42,Male,4,Beginner,246,60.1
R046408,36,Female,4,Intermediate,254,20
R079026,55,Female,5,Beginner,318,31.6
R098626,30,Female,4,Advanced,214,37.7
R037121,22,Female,1,Intermediate,252,20
R020006,27,Male,1,Beginner,285,23.6
R030468,56,Female,3,Advanced,221,20
R099263,49,Female,0,Intermediate,,24.1
R076965,24,Female,1,Beginner,282,40.6
R063440,35,Female,0,Intermediate,,113.2626461
R089383,42,Female,2,Beginner,263,20
R001016,23,Male,2,Beginner,289,20
R059449,45,Male,0,Beginner,,20
R085362,61,Female,2,Intermediate,252,35.6
R068067,21,Female,2,Intermediate,257,38
R030658,25,Female,1,Intermediate,259,26.3
R030937,30,Female,3,Intermediate,221,47.2
R054756,53,Female,1,Beginner,258,20
R047254,34,Male,0,Beginner,,20.4
R061816,33,Male,4,Intermediate,250,20
R022140,26,Female,0,Beginner,,20
R026409,23,Female,0,Intermediate,,20
R006118,31,Female,2,Beginner,260,49.1
R098053,34,Female,1,Beginner,280,20
R070284,53,Female,1,Intermediate,283,20.1
R017939,37,Female,3,Intermediate,255,29.9
R061164,30,Female,3,Beginner,311,20
R047883,43,Female,3,Intermediate,233,20
R091653,21,Male,5,Beginner,259,20
R014143,21,Female,1,Advanced,252,61.2
R002597,54,Female,2,Intermediate,248,33.1
R024356,34,Female,2,Advanced,250,20
R027750,53,Female,2,Beginner,333,34.8
R066310,37,Male,4,Beginner,277,20
R032084,27,Non-binary,2,Advanced,178,21.7
R018377,38,Female,2,Advanced,216,55.7
R080995,38,Male,1,Beginner,252,21.6
R084513,50,Male,2,Beginner,289,28.9
R071624,50,Male,3,Beginner,236,30.5
R080709,48,Female,1,Beginner,262,27.7
R083158,48,Male,1,Beginner,293,29.3
R084388,26,Female,3,Beginner,293,20
R091328,50,Female,0,Advanced,,35.6
R046026,40,Female,2,Beginner,313,20
R091729,44,Male,2,Beginner,258,20
R066055,50,Female,1,Intermediate,264,55.3
R036476,60,Male,1,Beginner,281,20
R025828,53,Female,0,Beginner,,31.2
R072804,56,Male,0,Intermediate,,20
R023882,20,Male,5,Beginner,279,20
R054741,44,Female,2,Advanced,238,20
R000893,32,Male,1,Advanced,173,20
R095647,32,Female,2,Advanced,224,24.2
R013025,34,Female,1,Beginner,248,20
R081384,48,Female,0,Intermediate,,20.7
R054949,34,Male,2,Beginner,267,43.9
R003405,52,Female,1,Beginner,283,41.3
R046637,45,Male,2,Advanced,243,20
R003076,21,Male,3,Beginner,251,20
R088195,19,Male,3,Intermediate,240,37.2
R010495,30,Female,0,Intermediate,,27.6
R051209,54,Male,6,Intermediate,232,20.5
R077701,64,Female,0,Beginner,,20
R093148,50,Male,1,Intermediate,224,20
R086309,42,Male,3,Beginner,276,20
R083822,39,Female,2,Beginner,311,20
R030794,42,Non-binary,2,Beginner,282,20
R000154,54,Male,1,Intermediate,246,36.4
R000941,64,Female,3,Intermediate,232,57.6
R049693,32,Male,1,Beginner,288,20
R072936,41,Male,1,Advanced,206,20.5
R027727,62,Female,3,Advanced,240,20
R039302,27,Male,4,Beginner,257,20
R004834,51,Male,3,Beginner,256,32.9
R047093,62,Male,2,Advanced,226,49.1
R002086,37,Female,1,Beginner,245,49.7
R055238,42,Female,1,Beginner,252,20
R013222,54,Female,2,Intermediate,219,20
R097146,39,Male,1,Intermediate,258,55.9
R088740,46,Male,0,Advanced,,20.3
R089194,65,Non-binary,1,Advanced,200,69.3
R092387,27,Female,1,Advanced,274,38.8
R064946,40,Female,1,Beginner,278,20
R001850,53,Female,1,Intermediate,195,20
R069895,22,Female,1,Beginner,243,21.2
R036652,53,Female,4,Intermediate,238,23
R012796,61,Male,0,Beginner,,20
R006173,63,Female,3,Beginner,264,24.1
R010014,58,Male,1,Intermediate,248,20
R096621,49,Male,3,Advanced,222,118.3649481
R091318,24,Female,0,Intermediate,,21.5
R079710,21,Female,3,Beginner,259,20
R066446,42,Female,1,Beginner,278,62.2
R075051,22,Male,2,Advanced,257,20
R049672,42,Male,2,Beginner,235,40.1
R011122,40,Male,0,Advanced,,20
R018333,58,Male,2,Advanced,204,20
R072285,28,Male,1,Intermediate,284,104.1640718
R028919,39,Male,3,Intermediate,287,21
R007909,50,Male,2,Intermediate,258,50.6
R019583,41,Male,2,Beginner,300,20
R062077,26,Female,3,Beginner,301,61.2
R070305,56,Non-binary,3,Intermediate,212,29.5
R078320,53,Female,0,Beginner,,23.7
R021154,39,Male,6,Intermediate,248,22.6
R057723,59,Female,1,Beginner,235,20
R025081,30,Female,3,Beginner,295,20
R018277,22,Female,1,Intermediate,241,20
R077125,49,Male,4,Intermediate,195,114.0901704
R031284,64,Non-binary,4,Beginner,237,30.6
R054431,37,Female,1,Beginner,278,20
R013417,28,Male,3,Beginner,271,29.7
R080607,57,Male,3,Beginner,316,20
R032243,41,Female,0,Beginner,,20
R056330,49,Female,1,Intermediate,244,21.5
R069004,59,Female,2,Beginner,268,32.7
R000170,23,Male,1,Beginner,275,32
R022274,43,Female,1,Beginner,363,20
R038003,28,Female,0,Advanced,,20
R000435,33,Male,4,Advanced,275,40.4
R039106,46,Male,2,Advanced,272,37.8
R014366,32,Female,3,Beginner,267,20.3
R075411,54,Female,1,Advanced,199,20
R051136,37,Female,2,Intermediate,303,60.1
R053125,56,Female,2,Beginner,305,62.3
R012520,41,Female,2,Intermediate,256,20
R009739,24,Female,0,Intermediate,,28.8
R098322,37,Female,3,Beginner,296,20
R027220,20,Female,3,Advanced,184,20
R098884,42,Female,4,Intermediate,260,20
R015715,21,Male,1,Beginner,333,20
R002306,26,Female,2,Beginner,290,31.2
R083863,28,Male,1,Beginner,297,20
R020891,37,Female,2,Beginner,225,20
R015335,50,Male,1,Intermediate,235,20
R055086,21,Female,1,Beginner,237,45.5
R087563,43,Female,3,Intermediate,255,51.8
R075161,55,Female,1,Intermediate,277,45.2
R052346,29,Male,0,Beginner,,20
R070607,21,Female,3,Beginner,302,30.8
R063481,30,Female,1,Beginner,273,24.6
R077694,34,Female,2,Beginner,267,22.8
R076986,52,Male,2,Beginner,307,20
R004309,44,Female,1,Intermediate,231,20.6
R093617,48,Male,3,Intermediate,268,23.4
R005403,45,Male,0,Intermediate,,38.5
R007172,39,Male,0,Advanced,,51.9
R079037,63,Female,0,Beginner,,44.8
R050605,28,Female,1,Beginner,244,20
R052901,42,Female,2,Beginner,299,30.8
R097487,33,Female,0,Intermediate,,113.0193482
R082588,27,Female,3,Intermediate,264,20
R001070,35,Male,1,Beginner,308,20
R068478,65,Male,1,Intermediate,217,25.4
R063518,34,Male,1,Intermediate,203,20
R001093,20,Female,3,Beginner,320,20
R004236,49,Female,2,Intermediate,256,44.2
R026600,45,Female,2,Beginner,295,43.2
R034637,24,Female,0,Intermediate,,20
R035497,47,Male,2,Beginner,265,35
R025307,43,Female,0,Intermediate,,34.7
R084502,60,Male,1,Beginner,307,20.1
R082757,19,Male,3,Beginner,290,20
R093717,39,Male,1,Advanced,239,26.8
R066678,58,Male,2,Beginner,286,23.5
R095870,44,Female,2,Beginner,262,30.3
R070016,39,Female,3,Advanced,233,40.7
R046380,22,Female,4,Beginner,315,20
R044566,52,Female,3,Intermediate,239,51.9
R077445,35,Female,4,Intermediate,200,20
R013933,39,Male,1,Intermediate,275,31.6
R007863,18,Male,1,Advanced,247,41.8
R002540,49,Male,1,Beginner,267,28.2
R062041,52,Male,3,Beginner,290,20
R028272,18,Male,1,Intermediate,244,20
R079550,58,Non-binary,0,Intermediate,,50.8
R072474,45,Male,4,Advanced,199,55
R044868,57,Female,0,Intermediate,,37.2
R098548,54,Male,0,Beginner,,33.6
R023381,27,Male,3,Advanced,237,34.8
R045112,47,Female,1,Beginner,289,20
R066134,34,Female,2,Intermediate,260,20
R091475,50,Male,4,Beginner,246,20
R073628,41,Male,0,Advanced,,56.4
R091019,39,Male,2,Advanced,209,40.7
R019260,34,Male,3,Beginner,259,20
R006437,46,Female,4,Beginner,285,20
R027811,61,Male,2,Beginner,277,20
R099679,25,Male,1,Advanced,248,20
R009098,63,Female,3,Intermediate,242,20
R044692,44,Female,3,Advanced,225,20
R006658,47,Female,4,Advanced,262,28.8
R066196,56,Non-binary,2,Beginner,277,28.1
R091500,40,Female,1,Beginner,276,20
R049713,22,Male,4,Intermediate,229,20
R090526,22,Female,1,Intermediate,250,30.2
R072334,34,Female,2,Beginner,275,20
R055141,30,Male,3,Intermediate,246,20
R042514,59,Female,2,Beginner,291,108.0844913
R074513,42,Female,3,Intermediate,250,27.9
R085628,22,Female,2,Intermediate,258,69.4
R069492,46,Female,4,Beginner,266,43.5
R070945,60,Male,2,Intermediate,238,37.3
R050769,56,Female,5,Beginner,233,25.4
R044995,53,Female,2,Advanced,206,47
R069931,34,Male,4,Intermediate,248,22
R053331,29,Male,2,Intermediate,280,20
R026029,56,Female,2,Intermediate,246,20
R000193,50,Female,1,Beginner,291,20
R004098,28,Male,3,Beginner,311,20
R000387,56,Male,1,Beginner,262,23.7
R056097,53,Female,3,Beginner,300,20
R075104,58,Male,2,Advanced,223,28.1
R065595,60,Female,5,Beginner,287,30.7
R002445,23,Male,0,Beginner,,30.5
R071140,22,Male,1,Intermediate,264,27.1
R035063,36,Male,3,Beginner,312,25.4
R032156,40,Male,1,Beginner,268,20
R049641,21,Female,1,Beginner,296,46.5
R020261,54,Female,1,Advanced,230,35.5
R062880,32,Female,2,Advanced,176,52
R031964,38,Non-binary,3,Beginner,220,106.4497555
R048092,63,Female,2,Advanced,180,34.6
R026795,58,Female,3,Beginner,265,20
R079259,52,Male,2,Intermediate,259,40.6
R024266,64,Male,3,Beginner,265,20
R008955,41,Male,3,Intermediate,244,20
R077498,27,Female,2,Beginner,296,29.1
R034720,32,Female,3,Beginner,274,22
R021563,46,Female,4,Beginner,302,20
R016637,22,Male,1,Beginner,288,20
R085365,32,Male,3,Beginner,281,20
R081723,30,Male,0,Beginner,,22
R099931,44,Male,2,Beginner,307,21.9
R048061,53,Male,2,Beginner,283,103.7258486
R041782,64,Male,2,Advanced,198,46.4
R061240,28,Female,1,Beginner,278,33.2
R098655,49,Female,2,Intermediate,274,22.3
R075822,29,Male,1,Beginner,248,34.1
R029386,48,Female,2,Intermediate,243,22.4
R040633,45,Male,2,Intermediate,245,24.7
R060056,20,Male,3,Intermediate,289,20
R051850,37,Male,2,Beginner,231,20
R019732,34,Male,4,Intermediate,224,20
R031962,52,Female,2,Intermediate,229,20
R010707,26,Female,1,Beginner,272,39
R041371,29,Female,1,Beginner,287,48.8
R000351,58,Female,4,Beginner,248,20
R040364,19,Male,1,Advanced,251,20
R093845,31,Male,2,Beginner,227,23.8
R022849,51,Male,2,Intermediate,275,20
R029837,34,Male,2,Advanced,215,20
R037833,58,Non-binary,1,Intermediate,261,20
R082317,61,Female,6,Beginner,292,20
R078306,46,Male,1,Intermediate,224,20
R078072,22,Female,2,Intermediate,292,25.8
R070117,61,Male,2,Intermediate,252,20
R015320,60,Male,1,Beginner,298,20
R019106,34,Male,2,Beginner,208,20
R021525,58,Male,3,Beginner,255,20
R000792,18,Female,2,Intermediate,194,20
R095052,32,Female,3,Beginner,250,24.4
R053100,32,Female,3,Beginner,246,26.9
R066034,35,Male,3,Advanced,207,20
R079489,35,Female,0,Beginner,,20
R022507,22,Female,1,Intermediate,243,20
R071957,32,Female,3,Beginner,253,20
R003055,39,Male,1,Beginner,297,27.4
R069144,33,Female,4,Advanced,194,25.2
R087269,38,Female,2,Advanced,209,62.1
R011121,20,Male,2,Beginner,262,33.6
R052587,26,Female,2,Intermediate,245,34.3
R054902,25,Male,4,Beginner,287,20
R009748,36,Female,2,Intermediate,293,27.1
R025989,26,Male,1,Advanced,226,36.8
R051221,60,Male,2,Intermediate,257,32.7
R080842,34,Female,4,Intermediate,273,48.3
R074539,65,Male,4,Intermediate,257,27.3
R076442,53,Female,2,Intermediate,227,24.7
R084114,36,Female,2,Advanced,226,25.1
R018497,59,Female,3,Beginner,287,28.9
R021272,35,Non-binary,1,Intermediate,223,32.9
R014420,34,Female,1,Beginner,255,25.2
R096605,29,Female,2,Beginner,233,20
R055028,29,Male,1,Beginner,321,29.9
R083439,59,Male,3,Beginner,254,20
R034332,52,Male,2,Intermediate,227,24.3
R000699,49,Male,4,Intermediate,234,20
R010536,22,Male,2,Beginner,259,20
R032149,18,Male,1,Intermediate,286,26.7
R001190,53,Male,2,Beginner,296,20
R089561,52,Male,2,Advanced,220,48.7
R025900,44,Non-binary,3,Intermediate,240,20
R066411,19,Female,2,Beginner,261,26.8
R025212,65,Non-binary,1,Advanced,167,20
R033070,64,Female,0,Intermediate,,43.5
R062024,27,Male,0,Advanced,,20
R042374,19,Male,3,Beginner,290,31.9
R072926,48,Male,3,Intermediate,266,20
R022110,31,Male,1,Beginner,249,21.5
R059036,62,Female,2,Beginner,274,20.1
R076400,29,Female,4,Intermediate,192,20
R016647,54,Male,1,Beginner,264,20
R061275,44,Female,1,Advanced,214,20
R037803,38,Male,2,Beginner,298,34.2
R040209,62,Female,3,Intermediate,289,20
R039505,45,Male,4,Beginner,251,20
R018930,43,Female,1,Intermediate,226,32.4
R047831,51,Female,2,Intermediate,246,48
R025832,47,Non-binary,2,Intermediate,277,45.7
R005454,60,Female,2,Intermediate,258,20
R043018,21,Male,0,Beginner,,20
R067575,30,Male,3,Advanced,182,24.1
R006172,36,Female,0,Advanced,,23
R054625,47,Female,4,Intermediate,245,43.8
R066617,35,Female,4,Intermediate,238,20
R021537,52,Female,3,Beginner,281,20.9
R076031,34,Male,6,Beginner,290,25.9
R088054,46,Male,0,Advanced,,46.5
R005072,28,Female,0,Intermediate,,25.4
R047615,24,Female,1,Advanced,213,36.4
R038449,22,Female,2,Beginner,225,20
R011315,50,Female,2,Beginner,284,20
R017018,27,Male,0,Advanced,,24.1
R082703,52,Male,1,Beginner,262,27.8
R099189,56,Female,1,Intermediate,242,20
R045631,26,Non-binary,0,Beginner,,20
R072562,56,Female,2,Advanced,220,30.5
R022871,47,Female,3,Beginner,257,23.1
R063900,54,Male,1,Beginner,296,20
R001470,54,Female,1,Beginner,291,20
R000808,55,Female,0,Intermediate,,46.4
R078927,32,Female,3,Intermediate,266,116.0979351
R063220,18,Male,2,Intermediate,229,20
R090044,64,Female,4,Beginner,288,29.4
R039716,31,Female,3,Beginner,312,20
R013007,57,Male,2,Beginner,196,35.8
R047937,55,Female,5,Beginner,280,24.9
R080215,59,Female,0,Intermediate,,20
R034149,30,Male,1,Beginner,314,20
R010697,32,Female,3,Intermediate,268,20.1
R068588,57,Female,2,Beginner,284,23.6
R035627,44,Male,2,Beginner,334,20
R068758,56,Female,1,Beginner,272,20
R006394,56,Male,3,Advanced,209,24.5
R044098,59,Male,1,Intermediate,247,35.8
R000336,64,Female,4,Intermediate,252,23.3
R011479,53,Female,2,Intermediate,273,33.8
R047223,29,Male,3,Advanced,219,22.8
R052128,39,Male,4,Intermediate,283,20.1
R011284,25,Female,3,Intermediate,277,20
R008371,43,Female,2,Advanced,239,40.4
R039587,44,Female,1,Beginner,239,49.2
R070467,53,Female,3,Beginner,314,45.3
R040912,42,Female,3,Beginner,268,20
R022455,51,Male,0,Intermediate,,20
R017583,18,Male,2,Beginner,296,36.4
R054671,36,Male,2,Beginner,341,20
R054603,60,Male,4,Beginner,274,23.8
R030542,21,Male,4,Intermediate,263,20
R067264,57,Female,1,Beginner,281,21.9
R048632,63,Female,1,Advanced,180,20
R005900,22,Male,2,Beginner,245,40.9
R001891,50,Male,1,Beginner,289,20
R050535,51,Male,1,Advanced,158,20
R082346,43,Female,2,Intermediate,221,20
R084098,41,Male,2,Beginner,260,20
R017976,22,Female,4,Intermediate,293,36.9
R001923,56,Female,1,Advanced,255,58.9
R044230,65,Female,3,Advanced,178,103.5730965
R014703,35,Female,1,Intermediate,246,43.1
R096811,52,Female,4,Intermediate,245,20
R032146,23,Female,2,Beginner,290,20
R038311,64,Female,3,Intermediate,279,36.7
R027342,21,Female,1,Advanced,207,49.7
R058953,50,Male,2,Beginner,281,20
R061261,52,Female,3,Beginner,294,24.9
R088515,65,Male,4,Beginner,297,20
R073374,21,Female,1,Beginner,297,20
R042496,55,Male,2,Beginner,298,32.3
R024222,40,Female,3,Beginner,304,20
R066648,46,Female,2,Advanced,191,20
R061055,26,Female,2,Beginner,288,48
R047168,25,Female,2,Intermediate,260,20
R033175,50,Non-binary,2,Intermediate,254,43.9
R027310,25,Female,2,Beginner,293,20
R043702,51,Female,2,Intermediate,245,20
R030103,35,Male,2,Beginner,277,20
R020640,48,Male,2,Beginner,273,20
R095640,50,Male,0,Beginner,,20
R078952,56,Female,0,Beginner,,37.1
R004055,50,Female,3,Beginner,304,27.6
R067544,57,Male,2,Intermediate,206,28.6
R039898,39,Male,5,Beginner,289,26.3
R029122,27,Female,3,Intermediate,266,20
R033790,24,Female,1,Beginner,298,39.4
R048032,60,Female,3,Beginner,289,22.1
R093069,35,Male,3,Beginner,285,29.7
R035358,52,Female,2,Beginner,276,35.4
R081738,56,Female,3,Advanced,239,24.4
R060636,25,Male,2,Intermediate,244,107.8470018
R087974,35,Female,0,Advanced,,20
R071767,40,Male,3,Beginner,290,47.4
R080217,49,Female,4,Intermediate,235,20
R019623,64,Non-binary,0,Intermediate,,20
R083840,25,Male,2,Advanced,231,36.1
R040616,55,Male,0,Beginner,,25.5
R034913,31,Female,3,Beginner,273,40.7
R092334,33,Male,2,Advanced,236,20
R029778,63,Female,1,Beginner,253,20
R078635,29,Male,0,Intermediate,,25.7
R032608,42,Female,4,Beginner,248,20
R053531,47,Male,1,Beginner,257,20
R003313,47,Male,2,Beginner,287,20
R031922,39,Male,1,Intermediate,286,20
R099048,28,Female,4,Advanced,219,20.1
R087545,45,Male,2,Intermediate,253,20
R035514,19,Female,0,Intermediate,,20
R070875,39,Female,1,Intermediate,262,20
R000511,29,Female,2,Beginner,322,38.2
R012259,54,Male,1,Advanced,205,26.8
R040500,38,Female,2,Intermediate,255,25.3
R086688,29,Male,0,Advanced,,23.9
R064334,65,Male,5,Intermediate,270,20
R097788,61,Female,5,Intermediate,263,20
R030650,41,Female,2,Beginner,281,20
R074308,36,Male,2,Intermediate,216,55.8
R051407,24,Non-binary,5,Beginner,284,20
R002753,52,Male,0,Advanced,,20
R028314,60,Male,3,Beginner,281,21.9
R021557,56,Female,1,Intermediate,258,35.3
R027405,52,Male,4,Beginner,326,21
R063849,19,Female,2,Intermediate,273,33.7
R038143,27,Female,3,Intermediate,251,35.9
R053750,43,Female,2,Intermediate,220,27.5
R000718,26,Female,0,Advanced,,20.4
R093151,19,Male,0,Intermediate,,112.7725549
R048248,59,Male,2,Advanced,216,21.4
R088007,50,Female,0,Intermediate,,20
R050942,63,Female,0,Beginner,,23.2
R062015,19,Male,2,Intermediate,245,24.4
R056963,37,Male,1,Beginner,289,20
R051068,33,Male,4,Advanced,235,33.3
R037906,49,Female,0,Intermediate,,21.4
R019382,33,Female,2,Intermediate,258,43.9
R041851,57,Male,1,Beginner,274,33.1
R077740,27,Male,2,Beginner,267,20
R081778,23,Female,2,Intermediate,246,25.9
R014321,34,Male,2,Beginner,312,20
R061341,42,Male,2,Beginner,274,117.6986301
R040860,50,Female,2,Intermediate,289,55.3
R080714,21,Male,0,Beginner,,35.3
R093288,40,Male,1,Advanced,236,20
R031936,36,Female,3,Advanced,243,51.8
R047027,23,Non-binary,0,Beginner,,31.4
R094740,65,Male,2,Beginner,261,28.3
R062706,25,Female,1,Advanced,186,20
R021577,63,Male,5,Advanced,228,20
R037889,61,Male,5,Advanced,242,20
R096428,40,Male,1,Advanced,230,27.6
R064969,53,Female,8,Beginner,307,20
R097703,46,Male,2,Beginner,278,20
R054893,25,Male,1,Intermediate,253,45.3
R011347,18,Female,1,Beginner,262,20
R000021,47,Male,0,Intermediate,,20
R036001,19,Male,2,Intermediate,285,20
R067429,22,Female,2,Intermediate,287,20
R006435,38,Female,3,Beginner,248,39.6
R091056,34,Female,5,Intermediate,234,20
R091086,42,Male,1,Advanced,243,20
R029528,26,Male,4,Advanced,196,20
R066105,63,Non-binary,1,Advanced,233,35.3
R044956,46,Female,0,Beginner,,20
R048184,45,Female,4,Beginner,259,31.5
R052223,48,Male,1,Intermediate,263,21.1
R076305,41,Male,4,Intermediate,270,32.8
R014450,38,Female,0,Beginner,,51.7
R082978,31,Male,2,Intermediate,248,31.6
R041724,52,Female,0,Beginner,,39.5
R044853,56,Female,1,Beginner,271,29.4
R056875,41,Female,0,Beginner,,20
R049076,33,Male,3,Intermediate,204,97.5
R088078,46,Female,3,Intermediate,269,46.1
R057651,38,Male,2,Beginner,268,20
R043987,47,Female,1,Intermediate,231,20
R060584,25,Female,2,Intermediate,267,33.6
R033096,18,Male,1,Intermediate,210,20.7
R088205,62,Male,1,Intermediate,226,20
R085263,46,Female,2,Advanced,184,21.6
R058713,58,Male,2,Advanced,174,41.1
R097919,20,Male,1,Beginner,272,20
R099257,27,Female,2,Beginner,236,20
R077556,54,Female,3,Intermediate,269,104.4168451
R039088,24,Male,4,Beginner,278,20
R024758,62,Male,1,Beginner,262,23.6
R013591,59,Female,3,Intermediate,249,34
R024747,55,Male,0,Beginner,,22.3
R009175,22,Male,3,Intermediate,277,38.5
R012425,23,Female,4,Beginner,283,22.9
R099953,22,Non-binary,4,Beginner,270,20
R030361,48,Male,0,Beginner,,21.3
R047556,25,Male,4,Intermediate,215,20
R071552,34,Male,6,Beginner,279,20
R045764,25,Male,5,Advanced,211,20
R027325,44,Male,1,Beginner,259,20
R021760,54,Female,1,Intermediate,267,35.9
R026561,48,Male,3,Intermediate,187,20
R090972,32,Male,2,Beginner,279,101.6220839
R040503,42,Male,3,Beginner,260,20
R038077,37,Female,1,Intermediate,242,100.8993164
R005677,52,Female,4,Intermediate,208,22.4
R021210,54,Male,6,Beginner,313,25.5
R033409,62,Non-binary,3,Intermediate,302,55.4
R012027,18,Female,1,Beginner,275,20
R045135,21,Female,4,Intermediate,203,27.1
R025796,43,Female,3,Intermediate,242,20
R068389,58,Male,2,Intermediate,236,20
R070252,61,Male,0,Advanced,,20
R036512,54,Male,1,Beginner,288,20.7
R022046,59,Male,2,Beginner,279,20
R014898,62,Male,1,Advanced,197,26.4
R097130,22,Male,1,Beginner,222,20
R051451,25,Male,0,Beginner,,44.7
R070527,41,Male,2,Advanced,240,20
R037344,36,Male,5,Beginner,263,21.8
R042472,58,Male,2,Beginner,249,45
R043212,46,Male,0,Advanced,,30.9
R079114,62,Male,4,Beginner,296,20
R000264,52,Male,2,Beginner,243,20
R081292,26,Male,2,Beginner,264,22
R008785,24,Male,3,Intermediate,238,21.2
R080255,49,Female,1,Intermediate,224,20
R013812,64,Male,3,Intermediate,234,34
R030723,56,Male,2,Beginner,302,47
R057620,36,Male,3,Beginner,311,46.1
R053120,25,Female,1,Intermediate,267,23.2
R078227,64,Female,1,Advanced,245,28.1
R026624,30,Male,4,Beginner,255,45.2
R020945,21,Female,2,Advanced,248,24
R002666,61,Female,4,Beginner,293,44.9
R002519,18,Male,2,Beginner,279,20
R008497,58,Female,2,Advanced,215,44.2
R084246,65,Male,2,Beginner,247,30.3
R012922,52,Male,1,Intermediate,236,20
R056880,46,Female,2,Beginner,273,20
R049228,19,Female,2,Beginner,347,25.9
R060329,46,Male,1,Intermediate,258,20
R008854,43,Male,3,Beginner,289,20
R098174,62,Male,2,Beginner,313,41
R093793,35,Male,1,Intermediate,244,20.9
R092724,63,Female,4,Intermediate,249,20
R008722,54,Male,0,Intermediate,,42.5
R095737,53,Male,2,Beginner,312,41.4
R067388,46,Female,2,Beginner,253,24.7
R057927,36,Female,6,Beginner,279,20
R049287,64,Male,2,Beginner,295,28.7
R002762,30,Male,1,Advanced,263,20
R075799,50,Female,1,Beginner,293,47.1
R087291,21,Female,1,Beginner,310,34.5
R033733,32,Non-binary,2,Beginner,230,20
R053003,26,Male,1,Beginner,290,32
R046404,56,Male,1,Advanced,221,29.7
R030690,19,Male,3,Beginner,280,32.3
R042805,56,Male,0,Beginner,,20
R043822,24,Male,0,Beginner,,21.4
R021984,39,Male,2,Beginner,289,37.3
R023667,49,Female,2,Intermediate,251,20
R012006,25,Female,1,Beginner,299,36.8
R048645,61,Male,3,Beginner,286,20
R041169,44,Female,4,Advanced,196,25.8
R035861,62,Male,3,Beginner,288,41.8
R016156,18,Male,3,Beginner,268,20
R024722,33,Male,3,Intermediate,239,20
R065725,24,Female,1,Beginner,301,20
R081626,35,Female,1,Beginner,300,20
R003585,55,Male,1,Beginner,289,36.4
R046557,26,Female,1,Beginner,257,20.9
R037166,41,Female,1,Beginner,252,31.4
R053523,48,Male,1,Beginner,241,20
R091100,28,Female,2,Advanced,212,117.006136
R042685,30,Female,3,Beginner,336,20
R092472,23,Female,2,Beginner,245,20
R019909,59,Female,3,Advanced,242,57.6
R067297,53,Female,5,Beginner,289,20
R056321,28,Non-binary,2,Beginner,256,20
R080793,65,Male,0,Intermediate,,27.9
R059905,39,Female,1,Beginner,239,32.1
R051593,38,Female,0,Intermediate,,35.9
R057870,44,Female,3,Intermediate,231,30.8
R007179,36,Female,3,Beginner,292,39.9
R089215,57,Female,1,Beginner,231,32
R032310,59,Male,1,Intermediate,285,31.9
R009804,33,Female,0,Intermediate,,20
R029736,23,Male,1,Beginner,256,20
R051535,47,Female,3,Beginner,266,58.9
R003533,35,Male,3,Intermediate,223,30.1
R033439,64,Female,5,Advanced,261,30.9
R072374,55,Male,0,Advanced,,51.9
R017739,25,Non-binary,3,Intermediate,249,36.7
R057644,57,Female,2,Intermediate,266,41.4
R014809,43,Female,1,Advanced,195,28.5
R022410,25,Male,2,Beginner,280,20
R009553,55,Female,3,Beginner,269,20
R012344,65,Female,2,Beginner,295,25.1
R097849,50,Female,1,Intermediate,239,20.8
R024578,57,Female,4,Beginner,282,53.4
R029438,22,Male,4,Beginner,267,20
R093746,51,Female,5,Beginner,296,20
R005304,49,Female,3,Intermediate,254,20
R044634,21,Female,0,Intermediate,,20
R052819,30,Female,2,Beginner,299,26.9
R056672,37,Female,1,Beginner,269,23.8
R038738,34,Male,1,Beginner,250,20
R028313,55,Female,1,Beginner,319,33.1
R002895,47,Female,1,Advanced,233,27.8
R093017,39,Female,2,Intermediate,270,21.3
R061890,59,Female,0,Advanced,,20
R062007,40,Female,1,Intermediate,274,22.7
R052753,45,Male,1,Intermediate,266,20
R047123,22,Non-binary,1,Advanced,181,50.7
R087145,22,Male,2,Beginner,293,20
R061169,48,Female,5,Beginner,278,25.8
R098821,41,Male,1,Beginner,268,20.7
R072745,50,Female,2,Beginner,272,20
R006190,44,Male,2,Beginner,306,28.9
R021313,62,Male,1,Beginner,308,20
R030928,48,Male,3,Beginner,306,20.7
R018986,32,Male,2,Beginner,243,20
R014009,64,Male,3,Beginner,254,33
R020000,46,Male,0,Beginner,,31.8
R089526,47,Male,1,Intermediate,235,20.5
R002688,28,Male,3,Advanced,221,66.4
R060312,35,Male,6,Intermediate,275,20
R032536,41,Male,1,Intermediate,236,20
R035029,45,Female,1,Beginner,232,23.9
R004773,20,Male,1,Beginner,247,29.9
R073490,25,Male,0,Intermediate,,29.2
R054186,52,Male,3,Intermediate,242,31.3
R038374,24,Male,3,Intermediate,241,49.1
R044597,20,Female,0,Intermediate,,20
R019236,44,Male,2,Intermediate,237,20
R085698,27,Male,2,Advanced,214,20
R096236,49,Female,3,Beginner,270,20
R006613,60,Male,2,Beginner,287,40.9
R013111,26,Female,1,Intermediate,223,20
R026089,28,Female,1,Beginner,273,20
R083532,32,Female,1,Beginner,357,20
R018918,59,Male,2,Intermediate,232,23.4
R036567,53,Male,0,Advanced,,59.8
R090979,34,Female,0,Advanced,,20
R018791,54,Female,1,Intermediate,235,20
R069766,51,Female,0,Beginner,,40.8
R036349,23,Male,7,Intermediate,256,32.6
R078680,60,Female,2,Intermediate,281,47.2
R000869,22,Male,1,Beginner,285,20.1
R081950,60,Male,2,Beginner,246,20
R074123,31,Female,1,Beginner,281,20
R068110,44,Female,2,Beginner,293,20
R043587,22,Female,1,Beginner,291,75.3
R037676,36,Male,2,Beginner,269,20
R040102,41,Male,1,Beginner,259,30.3
R070188,59,Female,1,Beginner,259,20
R061504,60,Female,3,Advanced,228,35.7
R072033,34,Male,2,Beginner,296,20
R058380,45,Female,1,Beginner,264,20
R058495,46,Female,1,Beginner,252,41.2
R049832,28,Female,1,Intermediate,223,20
R041125,29,Female,1,Intermediate,238,35.8
R031310,32,Male,4,Advanced,213,20
R069607,30,Female,2,Beginner,263,25.2
R054503,64,Male,2,Advanced,217,29.3
R031296,61,Female,0,Beginner,,20
R074645,48,Female,4,Advanced,248,42.7
R064102,50,Female,2,Intermediate,225,20
R062903,32,Male,2,Beginner,249,39.6
R084353,45,Male,0,Beginner,,20
R073678,45,Female,3,Beginner,297,20
R032335,62,Female,2,Intermediate,222,36.2
R049132,49,Female,1,Advanced,204,31.5
R091916,35,Male,2,Beginner,271,25.9
R054035,50,Female,2,Beginner,269,41.4
R049958,58,Male,0,Advanced,,49
R014154,39,Female,3,Beginner,287,20
R085248,20,Female,3,Beginner,264,23
R091758,56,Male,3,Beginner,242,30
R013351,61,Female,3,Intermediate,201,23.9
R065437,54,Male,3,Beginner,251,20
R094918,52,Female,2,Intermediate,230,20
R088516,65,Female,0,Beginner,,31.4
R046796,50,Male,5,Advanced,220,20.2
R051828,33,Male,2,Advanced,198,20
R021143,57,Female,1,Advanced,221,33.3
R045351,23,Female,0,Intermediate,,30.2
R030689,32,Female,1,Beginner,274,48.4
R074817,44,Male,2,Beginner,280,24.8
R095047,56,Female,0,Beginner,,21.9
R083771,47,Male,2,Advanced,259,20
R053081,39,Male,3,Beginner,253,20
R046828,61,Male,0,Advanced,,20
R045001,35,Male,0,Advanced,,43.4
R063529,31,Male,0,Beginner,,21.2
R021486,36,Male,2,Advanced,208,57.3
R083441,42,Female,1,Advanced,242,26.6
R091216,62,Female,2,Beginner,293,44.8
R077357,56,Male,5,Beginner,266,41.5
R061796,55,Male,1,Intermediate,257,20
R035743,49,Female,2,Intermediate,256,20
R028555,59,Female,1,Beginner,292,20
R082258,36,Male,3,Advanced,200,20
R095585,39,Male,3,Beginner,270,117.2336739
R078405,47,Male,1,Beginner,252,30
R028967,24,Female,4,Advanced,211,20
R024986,40,Male,2,Beginner,281,39.6
R005331,34,Female,2,Intermediate,235,20
R008347,44,Female,2,Beginner,297,20.7
R090093,28,Male,1,Intermediate,266,20
R068932,49,Female,2,Advanced,230,116.5800948
R027074,28,Male,1,Advanced,215,58.3
R062803,39,Female,3,Beginner,273,21.9
R056073,51,Female,3,Beginner,259,20
R094497,60,Female,1,Beginner,289,24.4
R092522,38,Male,2,Advanced,240,20
R056769,34,Male,0,Advanced,,107.9907654
R091642,28,Male,1,Beginner,267,20
R040935,65,Female,4,Beginner,282,49.7
R008201,28,Female,3,Advanced,173,20
R017268,42,Female,1,Intermediate,231,20
R016320,21,Female,1,Advanced,211,65
R022697,54,Male,3,Beginner,282,20
R054267,46,Male,4,Beginner,273,23.2
R035865,61,Male,3,Beginner,296,23.9
R002323,42,Male,1,Beginner,308,20
R031505,47,Non-binary,4,Advanced,207,27.3
R032196,35,Female,1,Beginner,245,32.6
R027063,41,Female,1,Beginner,293,20
R029570,55,Male,0,Beginner,,20
R003395,29,Male,3,Intermediate,248,20
R093059,52,Male,0,Intermediate,,34.4
R011545,18,Female,0,Beginner,,37.9
R077563,51,Male,1,Beginner,295,20
R027783,42,Male,0,Advanced,,51.3
R035987,39,Male,2,Advanced,185,52.7
R019763,38,Female,3,Intermediate,266,49.5
R033187,37,Female,1,Beginner,272,30.8
R026217,35,Male,5,Beginner,285,42
R098443,51,Female,3,Advanced,245,20
R059915,62,Female,1,Beginner,270,20
R099115,21,Female,4,Advanced,200,20
R002877,20,Female,1,Beginner,268,20
R013840,40,Male,3,Intermediate,257,60.9
R074064,21,Male,2,Beginner,278,20
R034990,59,Female,0,Intermediate,,20
R059716,55,Male,1,Intermediate,250,20
R092215,44,Female,0,Beginner,,20
R033002,31,Female,1,Beginner,226,20
R097005,26,Female,1,Advanced,219,20
R073195,37,Male,2,Advanced,212,20
R017588,33,Female,3,Beginner,280,20
R039867,40,Female,2,Beginner,301,20
R004875,58,Male,1,Beginner,301,26.4
R052009,58,Male,3,Advanced,197,20
R078133,57,Male,1,Intermediate,261,20
R093837,55,Female,3,Advanced,182,26.6
R099529,60,Female,4,Beginner,316,20
R011529,26,Female,6,Beginner,287,32.5
R094128,23,Female,1,Intermediate,213,56.8
R082055,59,Male,2,Beginner,292,58.4
R056086,29,Female,3,Beginner,300,22.2
R083677,36,Male,0,Beginner,,29.9
R054114,35,Male,1,Intermediate,244,25.9
R058230,53,Male,4,Beginner,285,20
R033688,27,Female,1,Beginner,309,20
R073432,28,Female,3,Intermediate,275,20
R023714,61,Non-binary,2,Beginner,266,20
R019757,23,Female,2,Beginner,304,20
R075204,28,Male,4,Beginner,253,20
R062402,55,Male,1,Intermediate,243,55.9
R088208,48,Female,2,Advanced,209,20
R059719,62,Female,2,Advanced,221,20.6
R034250,56,Male,3,Beginner,295,20
R015103,44,Male,1,Intermediate,282,20
R063912,51,Female,1,Intermediate,244,21.7
R044266,53,Male,0,Beginner,,20
R030742,33,Male,2,Beginner,273,20
R093842,24,Male,3,Intermediate,266,20
R053871,43,Female,1,Beginner,370,31.2
R065805,30,Male,1,Beginner,283,24.5
R000972,48,Female,3,Beginner,316,32.4
R095318,31,Female,0,Beginner,,21.9
R091854,57,Male,1,Beginner,302,20
R085623,54,Female,1,Intermediate,267,21.7
R090002,36,Male,1,Beginner,289,20
R098040,31,Male,0,Intermediate,,32
R090658,29,Female,4,Beginner,291,20
R095006,62,Female,0,Intermediate,,20
R080363,31,Female,1,Beginner,250,21.7
R030149,29,Female,4,Beginner,284,20
R014133,44,Male,1,Beginner,259,21.7
R025291,32,Female,2,Intermediate,239,22.2
R094701,52,Male,2,Intermediate,260,20
R092719,21,Female,3,Intermediate,263,20
R032592,25,Male,2,Intermediate,285,24.9
R009564,26,Female,3,Intermediate,257,49.8
R007847,51,Female,1,Intermediate,203,20
R069303,27,Male,1,Beginner,295,20
R097587,18,Female,4,Advanced,268,74.8
R070632,35,Female,2,Intermediate,274,20
R088396,56,Male,3,Beginner,307,30.4
R094240,57,Male,3,Beginner,258,20
R077271,28,Female,3,Advanced,287,20
R072375,40,Female,4,Beginner,295,49.2
R058794,40,Female,0,Beginner,,33.4
R061262,65,Female,2,Beginner,302,34.6
R051590,39,Male,5,Intermediate,236,46.5
R014136,48,Male,2,Beginner,341,20
R036318,42,Non-binary,1,Beginner,295,33.9
R067834,43,Male,3,Intermediate,283,50.6
R038619,60,Female,4,Beginner,290,24.5
R099806,23,Female,1,Advanced,255,20
R042010,40,Female,2,Intermediate,269,20
R075800,62,Male,3,Intermediate,255,20
R050123,21,Male,1,Beginner,224,69.3
R004764,39,Female,3,Intermediate,256,20
R036658,55,Male,2,Intermediate,247,43.8
R005883,43,Female,4,Intermediate,259,48
R041974,55,Male,1,Intermediate,261,20
R099600,38,Male,2,Advanced,229,20
R095074,55,Non-binary,2,Beginner,255,34.4
R025153,60,Female,1,Intermediate,259,20
R026537,27,Male,1,Beginner,274,20
R069750,27,Male,2,Beginner,274,20
R087662,45,Female,3,Beginner,310,21.4
R085295,65,Male,3,Beginner,288,20.3
R059921,57,Male,2,Beginner,303,20
R058892,22,Female,3,Beginner,250,20
R030354,29,Non-binary,4,Intermediate,224,40.3
R090241,38,Female,4,Advanced,198,35.9
R048849,33,Female,4,Intermediate,192,20
R026748,46,Female,1,Beginner,327,30.6
R051947,54,Male,1,Beginner,310,20
R061307,56,Female,2,Beginner,250,20
R067928,20,Female,2,Intermediate,273,20
R059155,32,Male,2,Beginner,281,20
R021591,57,Female,3,Beginner,319,20
R093977,34,Female,2,Beginner,246,33.9
R047361,60,Female,3,Advanced,193,40.1
R055771,47,Male,1,Beginner,299,20
R085097,59,Male,3,Beginner,272,20
R061868,60,Female,3,Beginner,250,20
R057262,50,Female,1,Beginner,293,30.7
R033811,25,Female,1,Advanced,224,39.6
R002824,42,Male,2,Intermediate,201,41.8
R075152,21,Female,5,Intermediate,287,45.7
R045016,25,Female,0,Intermediate,,20
R026759,21,Male,1,Advanced,226,20
R065455,25,Male,2,Intermediate,261,20
R063858,28,Female,1,Advanced,216,32
R090921,50,Male,1,Intermediate,238,33.8
R008468,51,Male,1,Advanced,191,30.2
R089779,54,Male,2,Intermediate,229,58.7
R040707,55,Female,5,Advanced,197,39.7
R075242,44,Female,2,Beginner,283,20
R011558,25,Male,2,Advanced,241,20
R012120,43,Female,5,Beginner,252,20
R003629,30,Male,0,Intermediate,,20
R002657,25,Female,1,Intermediate,279,41
R050241,23,Female,4,Beginner,336,25.1
R010670,26,Male,2,Beginner,281,20
R027569,47,Female,1,Advanced,196,43.7
R071494,54,Male,1,Beginner,300,113.518994
R046450,29,Male,1,Intermediate,279,23.8
R009605,31,Female,1,Intermediate,274,20
R092505,39,Male,3,Advanced,211,36.6
R051882,47,Female,2,Intermediate,241,20
R039229,35,Male,0,Beginner,,20
R047855,31,Female,1,Beginner,319,24.9
R002244,60,Male,2,Beginner,299,34.8
R052654,63,Female,4,Beginner,277,26.8
R041710,57,Female,0,Advanced,,28
R048929,56,Female,3,Intermediate,283,20
R087158,43,Female,1,Beginner,245,108.4529061
R000843,40,Male,0,Beginner,,20
R020360,20,Female,2,Beginner,302,20
R014801,44,Female,1,Intermediate,260,29.9
R013442,32,Male,1,Beginner,230,36
R023614,28,Male,1,Intermediate,251,20
R005394,40,Male,2,Beginner,276,20
R067010,41,Female,0,Intermediate,,20
R078532,22,Male,2,Beginner,281,20
R018188,26,Female,1,Intermediate,227,20
R071258,35,Non-binary,0,Beginner,,20
R042423,38,Female,2,Advanced,219,30.9
R020220,36,Male,1,Beginner,237,20
R010050,21,Female,3,Beginner,250,20.1
R083354,59,Male,2,Advanced,209,25
R003942,65,Female,5,Advanced,260,26.2
R005512,65,Male,2,Intermediate,261,29.2
R031033,61,Male,1,Advanced,207,39.5
R049476,48,Male,0,Advanced,,44.6
R053271,60,Female,0,Beginner,,26.2
R081268,31,Female,3,Advanced,239,51
R028264,25,Female,3,Intermediate,295,20
R010259,19,Female,4,Beginner,266,20
R031363,20,Female,1,Intermediate,223,32.1
R087478,40,Female,3,Intermediate,230,114.1888656
R079665,34,Female,1,Intermediate,271,20
R072846,58,Non-binary,3,Beginner,304,20
R015170,43,Female,2,Advanced,240,20
R011213,43,Female,1,Intermediate,222,76.5
R053346,35,Male,1,Advanced,204,47.5
R064811,26,Female,1,Beginner,250,36.4
R060844,41,Female,1,Beginner,276,24.9
R026548,62,Male,2,Beginner,257,28.9
R077668,18,Male,2,Advanced,176,21
R026112,19,Male,0,Beginner,,20
R038621,43,Female,0,Beginner,,20
R071611,48,Male,3,Advanced,192,35.9
R059195,38,Male,1,Intermediate,248,20
R081789,54,Female,1,Intermediate,252,21.7
R054071,46,Female,3,Intermediate,253,43.7
R045330,44,Female,2,Beginner,299,29.9
R013331,60,Male,1,Beginner,283,25.6
R026016,44,Female,3,Intermediate,261,20
R052181,22,Female,0,Intermediate,,40.5
R064073,45,Male,1,Beginner,284,44
R047410,55,Male,4,Advanced,217,45.3
R071561,44,Female,0,Beginner,,20
R083735,29,Male,3,Beginner,290,25.5
R029024,18,Female,2,Intermediate,244,30.3
R023190,27,Female,3,Beginner,311,24.1
R025112,51,Female,1,Beginner,265,25.9
R044133,46,Female,1,Beginner,291,38.8
R058255,49,Female,0,Advanced,,20
R041722,59,Female,2,Beginner,302,30.3
R040730,26,Female,1,Beginner,291,22.4
R004886,28,Female,4,Intermediate,270,20
R007333,19,Female,3,Intermediate,255,20
R090591,59,Male,2,Intermediate,263,20
R089967,31,Male,2,Beginner,296,116.6471024
R007201,33,Female,4,Beginner,275,20
R070636,47,Female,1,Intermediate,272,20
R011750,58,Male,1,Beginner,254,20
R080820,50,Male,1,Intermediate,245,20
R046879,61,Non-binary,0,Beginner,,44.8
R027900,38,Male,0,Intermediate,,20
R085459,19,Female,6,Beginner,258,28.6
R002105,48,Male,0,Beginner,,40.4
R052611,43,Male,2,Intermediate,201,37
R070817,40,Male,3,Advanced,222,21.5
R051245,20,Female,3,Intermediate,231,38.5
R026995,46,Male,0,Beginner,,20
R054655,47,Male,5,Advanced,169,52.8
R058205,18,Male,2,Advanced,237,20
R014904,41,Female,3,Beginner,305,35.7
R090167,48,Male,1,Intermediate,285,24.2
R096953,44,Male,6,Beginner,207,23
R044834,57,Male,0,Beginner,,20.5
R046606,60,Female,3,Beginner,278,29.2
R076704,20,Male,1,Beginner,299,31.5
R065215,39,Female,1,Beginner,291,20
R074694,34,Female,2,Advanced,193,20
R056993,54,Male,2,Intermediate,236,115.3491865
R016238,31,Female,1,Beginner,250,33.4
R044586,23,Male,5,Beginner,301,20
R084269,51,Female,3,Beginner,327,35.7
R010830,55,Female,0,Intermediate,,58.1
R053442,59,Male,2,Intermediate,205,20
R078854,60,Female,1,Beginner,293,31.8
R001325,59,Female,1,Intermediate,224,20
R095332,23,Female,2,Advanced,236,38.3
R028389,46,Male,1,Advanced,190,26.4
R070262,38,Male,3,Intermediate,236,20
R017358,53,Male,0,Advanced,,20
R082801,24,Female,4,Intermediate,246,20
R030380,19,Male,2,Beginner,249,35.1
R068380,48,Male,3,Beginner,263,20
R099897,60,Male,2,Advanced,193,23.6
R004088,34,Female,5,Intermediate,248,36.7
R038674,44,Female,2,Beginner,263,20
R056825,37,Male,2,Beginner,319,108.7034123
R089287,51,Male,1,Beginner,303,20
R078998,59,Male,4,Advanced,207,30.5
R044896,26,Male,1,Beginner,270,30.9
R028324,41,Female,2,Advanced,242,46.7
R065432,47,Female,0,Beginner,,20
R060131,19,Male,2,Intermediate,216,37.7
R012437,60,Female,2,Intermediate,247,42.1
R013857,24,Male,2,Beginner,288,20
R077023,38,Male,1,Intermediate,212,26.6
R058684,49,Male,0,Beginner,,20
R085343,42,Female,1,Intermediate,240,33.5
R075867,50,Male,4,Beginner,248,20
R035831,34,Female,1,Beginner,266,20
R070824,54,Female,2,Beginner,293,20
R084629,54,Male,7,Intermediate,247,20
R055316,45,Non-binary,3,Beginner,302,23.3
R041908,65,Non-binary,0,Advanced,,20
R083155,29,Male,4,Advanced,210,20.5
R082823,28,Male,0,Beginner,,20
R089106,55,Male,2,Intermediate,239,47.2
R034774,32,Female,2,Intermediate,235,33
R044366,50,Female,2,Beginner,241,24.7
R007496,29,Female,2,Intermediate,259,38.6
R028421,32,Male,0,Beginner,,20
R072090,42,Female,3,Intermediate,246,25.2
R097377,46,Female,0,Beginner,,20
R001110,50,Male,1,Intermediate,211,20
R054000,24,Male,2,Beginner,280,20
R050227,60,Female,3,Beginner,269,33.3
R052015,49,Female,3,Beginner,279,32.5
R012512,45,Female,4,Beginner,266,38.9
R023666,48,Male,3,Intermediate,277,41.4
R026221,47,Female,1,Beginner,266,20
R051517,22,Male,2,Intermediate,243,21
R008412,63,Female,1,Intermediate,261,35
R047145,31,Male,1,Advanced,241,31.2
R073427,45,Female,2,Intermediate,235,20
R046799,18,Male,0,Advanced,,20
R006814,40,Male,2,Advanced,218,31.8
R064559,57,Female,0,Beginner,,20
R048604,31,Female,3,Advanced,229,74
R045159,32,Female,1,Intermediate,287,20
R080831,61,Male,3,Advanced,260,20
R028681,53,Female,1,Intermediate,256,42.6
R047794,64,Female,2,Beginner,286,20
R017350,33,Female,2,Beginner,271,47.7
R095164,63,Female,0,Intermediate,,20
R037884,26,Female,0,Advanced,,20
R079606,32,Female,2,Advanced,227,21.6
R006702,28,Male,4,Advanced,226,37.1
R082932,20,Male,3,Beginner,287,20
R095078,43,Male,3,Beginner,269,28.8
R091047,64,Female,2,Intermediate,252,50.6
R004745,42,Male,2,Advanced,204,63
R071627,34,Female,2,Beginner,295,20
R096564,48,Female,1,Intermediate,229,20
R082575,34,Female,3,Beginner,286,35.4
R020396,64,Male,1,Beginner,295,34.7
R019808,44,Male,2,Advanced,246,38.3
R011076,38,Female,2,Intermediate,252,47.6
R054432,64,Male,1,Advanced,251,49.9
R034615,57,Male,2,Intermediate,248,20
R054953,46,Male,4,Advanced,242,20
R052296,33,Female,1,Beginner,248,20
R093067,35,Male,1,Beginner,272,23
R080875,41,Female,1,Advanced,186,39.5
R064399,34,Female,1,Beginner,211,20
R028875,24,Female,3,Advanced,229,66.6
R045987,28,Male,0,Beginner,,45.7
R065408,31,Male,3,Beginner,286,116.1405649
R028911,53,Male,4,Beginner,301,20
R003495,30,Male,2,Intermediate,281,20
R053158,59,Male,2,Beginner,256,52
R005630,56,Female,5,Advanced,267,39.2
R043500,39,Female,2,Intermediate,224,31.2
R045529,51,Female,1,Beginner,250,20
R078603,33,Female,1,Advanced,252,38.7
R080608,27,Male,3,Intermediate,193,20
R080625,19,Male,1,Beginner,302,26.8
R034478,62,Female,2,Beginner,284,20
R052315,44,Male,2,Beginner,214,20
R035072,44,Female,5,Beginner,308,20
R016441,48,Female,3,Intermediate,253,20
R007788,19,Male,0,Advanced,,20
R084889,20,Male,2,Beginner,279,21.9
R084176,55,Female,0,Beginner,,30.4
R001226,45,Female,2,Intermediate,243,43.5
R044840,48,Non-binary,5,Beginner,297,27.4
R043296,56,Male,2,Intermediate,273,31.5
R092591,30,Male,3,Beginner,306,37.8
R015521,58,Female,4,Beginner,269,20
R017777,61,Male,0,Beginner,,20
R096213,49,Female,1,Beginner,243,20.9
R004482,29,Female,3,Beginner,248,20
R094111,43,Female,0,Advanced,,20
R081449,45,Male,0,Advanced,,58.6
R098313,32,Female,1,Intermediate,269,20.7
R083744,23,Female,3,Beginner,266,20
R096405,47,Male,2,Intermediate,221,20
R062219,30,Male,4,Advanced,239,29.2
R025633,37,Male,4,Advanced,221,20
R013214,35,Male,2,Intermediate,255,49.5
R026113,26,Female,3,Intermediate,211,20
R015219,32,Male,1,Beginner,304,20
R062383,30,Male,3,Advanced,233,29.6
R088202,47,Female,4,Beginner,298,26.5
R009964,19,Male,1,Intermediate,221,20
R029045,30,Male,2,Beginner,257,20
R001066,42,Female,4,Beginner,274,20
R091749,53,Male,2,Advanced,209,20
R076808,30,Male,2,Beginner,258,20
R076869,58,Female,3,Beginner,270,20
R084874,50,Non-binary,2,Advanced,232,118.1668567
R085889,26,Female,2,Advanced,202,20
R064609,41,Male,4,Intermediate,247,67.5
R054884,61,Female,2,Beginner,277,36.6
R078109,51,Female,1,Intermediate,264,20
R037718,52,Female,2,Beginner,321,38.1
R057978,39,Female,1,Beginner,295,21
R008305,35,Female,1,Intermediate,200,40.7
R031648,41,Male,2,Advanced,229,28.2
R006387,54,Female,2,Beginner,290,20
R070369,36,Female,2,Advanced,247,20
R015930,39,Female,0,Beginner,,20
R036445,38,Male,0,Beginner,,20
R058093,48,Non-binary,0,Intermediate,,44.1
R088564,36,Female,1,Intermediate,238,20
R088858,47,Male,3,Advanced,216,43.3
R073574,53,Male,4,Advanced,258,50.2
R039282,29,Male,3,Beginner,242,43.4
R025416,34,Female,1,Beginner,264,20
R077349,41,Female,1,Beginner,281,24.5
R017564,36,Male,1,Intermediate,238,33.6
R052604,35,Male,3,Beginner,289,22.4
R094751,35,Female,2,Beginner,293,32.3
R032419,56,Female,0,Beginner,,20
R011178,36,Female,5,Intermediate,269,51.5
R064140,23,Non-binary,1,Beginner,255,20
R068056,45,Female,2,Beginner,318,20
R081155,29,Male,2,Intermediate,236,20
R090509,43,Female,1,Intermediate,230,20
R079413,37,Male,1,Advanced,216,25.3
R078288,18,Male,2,Beginner,299,20
R098839,58,Female,2,Intermediate,269,20
R093539,28,Female,0,Beginner,,104.7428033
R005075,52,Female,2,Intermediate,222,20.4
R028557,61,Male,2,Advanced,234,33.5
R010215,37,Female,1,Beginner,280,102.2355795
R001853,65,Female,4,Beginner,259,31.7
R081820,63,Male,1,Beginner,311,36.4
R055426,27,Female,2,Beginner,323,20
R016134,51,Male,3,Beginner,306,24.4
R022085,32,Male,3,Advanced,157,23.7
R073137,32,Male,4,Beginner,240,20
R083124,46,Female,1,Intermediate,279,20
R081997,62,Female,3,Intermediate,244,20
R048403,33,Female,3,Intermediate,263,29
R068078,62,Female,2,Beginner,299,21.8
R009990,59,Female,1,Beginner,293,20
R014662,26,Female,2,Advanced,232,27
R040147,51,Male,5,Intermediate,322,26.1
R073884,50,Male,2,Intermediate,285,56.6
R016916,57,Female,1,Beginner,276,33.5
R013293,50,Male,1,Beginner,285,55.2
R093354,52,Female,2,Intermediate,235,31.7
R063468,41,Female,1,Beginner,291,20
R016079,57,Male,3,Intermediate,273,29.9
R080554,23,Female,3,Advanced,240,42.2
R051564,39,Male,3,Beginner,297,20
R016673,48,Non-binary,0,Beginner,,113.7767335
R086170,45,Female,2,Intermediate,245,21
R092024,47,Female,5,Beginner,269,20
R027443,51,Female,5,Beginner,253,20
R052722,24,Male,1,Intermediate,241,20
R068610,21,Male,1,Advanced,237,76
R092872,52,Male,3,Intermediate,283,20
R063470,55,Male,5,Intermediate,293,20
R010418,63,Female,1,Advanced,245,27.8
R060416,36,Male,1,Beginner,271,20
R083275,61,Female,2,Advanced,225,30
R026472,61,Male,4,Advanced,269,78.1
R099127,58,Male,0,Intermediate,,20
R033895,57,Female,3,Beginner,264,26.4
R005181,37,Male,1,Advanced,225,51.1
R028251,62,Male,2,Beginner,303,20
R053435,36,Female,4,Beginner,328,25.7
R080643,23,Female,3,Beginner,305,43.8
R085933,31,Female,1,Beginner,299,102.3478787
R032452,50,Male,1,Beginner,284,20
R053415,62,Female,1,Beginner,271,31.2
R017648,20,Male,3,Beginner,283,38.7
R022062,35,Male,1,Beginner,267,30.6
R047385,57,Female,6,Advanced,199,20
R083867,36,Male,2,Beginner,293,20
R024957,27,Female,0,Intermediate,,20
R026102,35,Male,1,Beginner,300,38.9
R058805,43,Male,2,Beginner,260,34.3
R064906,53,Male,3,Intermediate,240,20
R073692,62,Male,2,Advanced,237,33.3
R035444,20,Female,2,Intermediate,268,55.5
R077452,55,Male,2,Intermediate,277,39.4
R096459,47,Male,1,Beginner,277,45.4
R050406,48,Female,1,Beginner,291,20
R032487,54,Male,2,Advanced,175,60.5
R025899,63,Male,2,Advanced,162,47.2
R072757,26,Male,4,Advanced,167,20
R008739,39,Male,2,Advanced,227,22.4
R072805,35,Female,2,Beginner,330,20
R027561,28,Female,1,Beginner,260,20.6
R008363,25,Male,1,Advanced,201,47.1
R029048,40,Male,2,Intermediate,196,37.9
R000937,62,Female,1,Intermediate,302,105.6221931
R045092,32,Male,4,Intermediate,270,20
R091418,55,Female,2,Beginner,289,20
R073453,40,Male,3,Intermediate,276,20
R006234,36,Female,3,Advanced,211,20
R001002,37,Male,2,Intermediate,256,29.7
R094361,47,Male,2,Intermediate,287,22.3
R098089,46,Female,1,Beginner,286,20
R041510,64,Female,1,Beginner,243,28.7
R004393,42,Male,2,Beginner,276,20
R080631,26,Female,4,Beginner,298,20
R054931,55,Female,1,Intermediate,238,20
R066503,43,Female,2,Beginner,280,20
R049573,22,Male,5,Beginner,300,40.3
R038741,61,Female,2,Beginner,257,21.9
R079533,20,Male,1,Intermediate,235,20
R049378,53,Male,2,Intermediate,263,20
R029733,36,Female,2,Intermediate,238,40.7
R090622,47,Female,0,Advanced,,64.7
R040719,21,Female,3,Intermediate,254,20
R095088,54,Male,1,Beginner,271,20
R057265,58,Female,1,Intermediate,256,24.7
R008382,58,Male,3,Beginner,260,46.6
R091219,42,Male,3,Intermediate,248,20
R035384,54,Male,1,Intermediate,243,34.9
R076464,20,Female,1,Intermediate,255,20
R065609,45,Male,1,Intermediate,244,58.7
R008569,22,Male,3,Beginner,245,20
R071376,23,Male,3,Beginner,349,20
R000245,20,Male,1,Beginner,248,20
R058539,34,Male,1,Beginner,283,20
R041922,35,Non-binary,1,Beginner,266,20
R016780,23,Female,0,Advanced,,33.1
R061105,32,Female,2,Intermediate,249,21.7
R088268,18,Female,1,Advanced,276,45.4
R099036,47,Female,4,Intermediate,265,20
R090102,42,Male,4,Advanced,224,115.7270576
R049925,31,Male,0,Beginner,,28.3
R043655,49,Male,3,Beginner,326,26.4
R021324,24,Female,1,Advanced,226,39.9
R075488,42,Female,8,Intermediate,255,35.1
R061436,27,Male,1,Beginner,288,38.7
R085804,46,Male,0,Beginner,,27.4
R071866,22,Female,1,Beginner,296,20
R088933,39,Male,3,Intermediate,238,37.7
R097698,36,Male,1,Intermediate,268,28.5
R085584,32,Female,2,Intermediate,286,54.4
R024697,46,Male,2,Beginner,236,36.6
R045913,37,Female,0,Beginner,,20
R031983,27,Male,3,Beginner,288,20
R005376,39,Non-binary,2,Beginner,306,45.1
R050839,23,Female,2,Beginner,281,20
R009260,53,Male,1,Intermediate,264,20
R044101,40,Male,2,Beginner,302,20
R049916,28,Male,4,Intermediate,225,20
R098905,62,Male,3,Intermediate,287,20.1
R057251,59,Female,1,Beginner,291,26.7
R037465,18,Female,0,Intermediate,,20
R025949,61,Female,2,Beginner,238,20
R093507,41,Female,4,Intermediate,269,29.7
R049779,45,Male,4,Beginner,259,20
R031510,22,Female,5,Beginner,294,39.6
R083619,29,Female,4,Beginner,306,20
R069663,51,Female,3,Beginner,303,20
R074101,47,Male,4,Beginner,271,20
R041425,47,Male,2,Beginner,266,20
R075566,36,Male,1,Beginner,250,59.9
R099973,34,Female,3,Intermediate,230,20
R099164,58,Male,2,Advanced,195,39.8
R004179,51,Female,1,Intermediate,210,20
R028300,51,Female,1,Intermediate,241,119.393826
R063019,64,Female,0,Beginner,,20
R031601,21,Female,2,Intermediate,206,22.3
R005645,59,Male,0,Advanced,,20
R067869,33,Female,1,Beginner,260,49.4
R040613,48,Male,1,Advanced,247,24.1
R003623,65,Male,1,Beginner,299,20
R014559,23,Male,2,Advanced,256,20
R015113,25,Female,0,Intermediate,,55.7
R053845,18,Non-binary,4,Beginner,267,24.9
R054061,35,Male,0,Intermediate,,33.9
R057673,35,Male,2,Intermediate,282,20
R016888,55,Male,3,Intermediate,236,20
R055481,56,Female,3,Intermediate,224,47.7
R071720,52,Male,2,Beginner,264,30.6
R040817,36,Male,2,Beginner,264,20
R096022,26,Female,4,Beginner,300,26.9
R040224,36,Male,2,Beginner,265,20
R030797,53,Female,2,Intermediate,235,52.1
R072093,48,Male,1,Beginner,304,39.9
R075157,54,Female,2,Intermediate,256,43.5
R072650,49,Female,3,Beginner,318,20
R000070,61,Female,5,Beginner,291,25.4
R013289,26,Female,1,Beginner,286,20
R053646,24,Male,2,Beginner,283,22.1
R053685,57,Male,0,Advanced,,20
R006562,45,Male,3,Advanced,222,32.6
R072945,41,Female,1,Beginner,292,20
R090168,31,Male,2,Beginner,296,20
R058352,26,Female,3,Advanced,256,36.7
R052054,25,Female,0,Beginner,,20
R008752,30,Male,1,Beginner,270,31
R010214,37,Male,5,Advanced,210,46.4
R060517,19,Female,1,Intermediate,259,22.2
R051848,60,Male,4,Intermediate,244,20
R009190,51,Female,2,Advanced,222,20
R025107,32,Female,1,Beginner,255,20
R086497,27,Male,2,Beginner,293,35.9
R097359,48,Female,3,Advanced,198,27.7
R037301,55,Male,2,Beginner,282,22.5
R028965,24,Female,3,Intermediate,214,35.1
R026073,42,Female,0,Advanced,,31.1
R092507,28,Male,2,Beginner,250,20
R009525,49,Female,4,Beginner,243,34.8
R084028,30,Female,2,Beginner,289,20
R099740,37,Male,0,Intermediate,,20
R091666,65,Male,4,Beginner,283,31.2
R094144,27,Male,4,Intermediate,214,34.3
R075763,41,Male,2,Intermediate,265,20
R029415,61,Female,1,Beginner,262,20.7
R020287,38,Male,2,Intermediate,273,20
R021735,39,Non-binary,0,Beginner,,20
R051980,18,Female,4,Advanced,206,20
R031904,21,Male,4,Beginner,246,26.4
R080550,56,Female,3,Beginner,267,31
R028605,56,Female,3,Beginner,308,20
R083186,62,Non-binary,1,Advanced,265,51.5
R003786,47,Female,1,Intermediate,219,20
R056216,56,Male,1,Intermediate,229,20
R051966,22,Male,4,Intermediate,269,20
R093788,21,Male,1,Beginner,278,20
R072178,63,Male,2,Beginner,282,20
R038918,36,Female,2,Intermediate,199,53.5
R084521,46,Female,2,Beginner,263,20
R056757,47,Male,3,Intermediate,278,20
R042487,47,Male,2,Beginner,283,36.1
R076718,61,Male,3,Intermediate,223,21.9
R014761,56,Male,1,Advanced,217,61.9
R022959,35,Female,1,Beginner,285,20
R053638,33,Female,1,Intermediate,262,100.2793878
R020543,63,Female,2,Intermediate,286,20
R072491,58,Female,4,Beginner,290,20
R084073,58,Male,1,Advanced,203,34.9
R052355,57,Male,1,Beginner,311,36.1
R086966,49,Female,1,Beginner,305,20
R043503,34,Male,0,Beginner,,28.8
R091917,48,Female,0,Beginner,,35.7
R055366,57,Male,2,Beginner,276,46.9
R015803,48,Female,6,Intermediate,243,41.8
R052788,57,Female,3,Advanced,249,43.2
R035024,28,Female,4,Advanced,231,20
R093255,55,Male,0,Beginner,,20
R099769,22,Male,1,Advanced,194,21.4
R095880,55,Female,2,Advanced,154,24
R023723,62,Male,5,Intermediate,228,20
R042945,28,Male,1,Advanced,234,55.3
R040011,36,Female,1,Intermediate,252,20
R041577,46,Male,2,Beginner,315,20
R023721,62,Male,2,Beginner,291,20
R089463,32,Female,6,Intermediate,269,27.3
R052739,46,Female,4,Intermediate,270,20.4
R092759,37,Male,0,Beginner,,25.5
R065010,41,Female,3,Advanced,284,34.8
R023988,21,Male,2,Intermediate,208,24
R053700,65,Male,2,Beginner,311,20
R010060,26,Female,1,Advanced,232,42.6
R001415,52,Male,3,Intermediate,233,21.5
R066747,42,Male,1,Beginner,270,20
R005979,48,Female,1,Beginner,256,20
R081791,52,Male,2,Intermediate,255,30.5
R042642,19,Male,1,Beginner,307,23.7
R065878,28,Male,2,Beginner,295,20
R087338,48,Female,2,Beginner,293,52.3
R086940,60,Male,1,Beginner,272,20
R014354,27,Female,2,Beginner,259,22.2
R015576,57,Female,2,Intermediate,223,68.8
R047244,43,Male,4,Beginner,283,23.9
R002950,23,Female,3,Beginner,244,20
R033326,41,Male,1,Beginner,259,29.7
R067939,35,Male,5,Advanced,236,20
R050494,40,Female,5,Intermediate,219,20
R009528,56,Female,4,Beginner,289,20
R058834,60,Female,1,Intermediate,256,20.8
R091449,31,Male,4,Intermediate,230,25.5
R047377,53,Female,1,Intermediate,232,29.3
R058429,62,Female,3,Beginner,280,20
R037487,30,Female,1,Intermediate,253,21.9
R093000,53,Female,4,Beginner,303,24.2
R006769,43,Male,2,Intermediate,234,20
R041212,32,Male,1,Beginner,298,41.7
R061259,24,Male,0,Beginner,,20
R050141,60,Male,2,Intermediate,261,20
R066546,44,Male,1,Beginner,279,20
R076085,51,Female,2,Beginner,275,40.9
R085004,44,Male,3,Advanced,202,33
R063033,30,Female,3,Beginner,283,22.1
R066635,50,Non-binary,2,Beginner,282,20
R014090,45,Male,3,Beginner,262,20
R033012,49,Female,1,Beginner,269,20
R082114,33,Male,1,Intermediate,259,20
R004674,44,Male,3,Beginner,211,25.2
R015175,30,Female,2,Beginner,311,20
R081444,55,Male,2,Beginner,259,20
R063694,35,Male,1,Beginner,322,20
R013584,21,Female,4,Advanced,219,22.4
R050358,53,Female,3,Intermediate,213,20
R055533,29,Male,2,Advanced,269,20
R064385,19,Male,3,Beginner,272,37.4
R048264,60,Female,3,Beginner,240,44.8
R074205,28,Female,2,Advanced,207,30.2
R038487,57,Female,0,Beginner,,20
R002108,40,Female,1,Intermediate,232,20
R007407,40,Male,1,Beginner,298,24.3
R056735,18,Female,1,Beginner,253,20
R015038,37,Female,0,Advanced,,20
R015447,43,Female,2,Beginner,339,20.5
R032483,54,Male,2,Advanced,263,20
R013929,62,Female,0,Advanced,,53.8
R047176,43,Male,2,Beginner,290,20
R026933,50,Male,1,Beginner,285,21
R086137,21,Male,4,Intermediate,224,20
R082395,39,Male,4,Beginner,256,20
R033782,61,Female,3,Beginner,254,31.8
R031044,53,Female,1,Beginner,245,20
R006399,39,Male,1,Intermediate,243,43.6
R090607,40,Female,2,Intermediate,251,21.3
R067347,18,Male,2,Beginner,300,20
R016835,30,Male,3,Beginner,302,20
R092224,42,Female,2,Beginner,291,26
R066323,63,Female,1,Advanced,254,20
R049643,64,Male,3,Intermediate,281,41.2
R080126,46,Female,3,Advanced,224,24
R090975,33,Female,2,Beginner,287,20
R038981,20,Male,0,Beginner,,20
R001414,57,Male,4,Beginner,248,20
R082108,35,Female,3,Beginner,266,20
R095378,57,Female,2,Advanced,237,49.1
R067570,34,Female,4,Advanced,173,24
R070439,58,Non-binary,5,Beginner,273,51.4
R099336,18,Male,0,Beginner,,20
R054261,44,Male,2,Beginner,275,20
R088357,61,Non-binary,2,Beginner,302,20
R040312,43,Female,3,Beginner,236,41.4
R014284,22,Non-binary,2,Advanced,175,20
R087650,24,Male,3,Beginner,239,20
R061147,26,Female,2,Beginner,292,34.6
R014955,31,Female,4,Beginner,264,20
R095072,29,Female,3,Beginner,269,20
R030447,42,Male,3,Intermediate,270,31.7
R062919,36,Female,2,Intermediate,227,20
R009047,52,Female,0,Beginner,,20
R044790,40,Male,2,Intermediate,257,28.4
R077443,19,Female,3,Advanced,256,20
R027145,43,Male,0,Beginner,,20
R076690,47,Female,2,Beginner,226,20
R068259,40,Male,1,Beginner,290,45.5
R014203,65,Male,3,Beginner,299,31.9
R085040,54,Female,0,Beginner,,20
R025861,18,Female,0,Advanced,,37.3
R012935,35,Female,0,Advanced,,20.2
R053483,59,Female,3,Intermediate,226,20
R063132,58,Male,0,Intermediate,,20
R068553,62,Male,0,Advanced,,59.2
R067238,53,Male,3,Intermediate,240,49.4
R069281,27,Female,3,Advanced,212,20
R043876,30,Male,4,Beginner,277,20
R035095,57,Female,0,Beginner,,20
R073783,30,Male,3,Beginner,278,30.6
R037759,43,Male,4,Intermediate,268,20
R014317,39,Female,2,Beginner,247,20
R066538,42,Male,1,Intermediate,308,28.5
R037910,44,Male,6,Intermediate,253,37.5
R027400,60,Female,1,Intermediate,242,30.4
R019309,29,Female,3,Intermediate,245,20
R033058,37,Female,1,Beginner,301,20
R084309,39,Male,0,Beginner,,20
R055322,27,Male,1,Intermediate,274,34.2
R097321,18,Male,1,Advanced,212,31.8
R032411,33,Female,0,Beginner,,20
R066242,61,Female,2,Intermediate,246,36.6
R070693,33,Female,5,Beginner,261,24
R002921,31,Male,2,Intermediate,287,52.3
R058395,45,Female,2,Advanced,252,20
R030178,24,Female,1,Intermediate,241,20
R077026,49,Female,2,Beginner,274,20
R052053,27,Male,0,Beginner,,20
R042468,19,Male,6,Advanced,203,42.1
R076683,43,Female,4,Intermediate,246,48.3
R037615,30,Male,0,Beginner,,20
R071194,57,Female,1,Advanced,197,28.2
R023144,37,Female,2,Beginner,256,20
R009035,28,Female,3,Beginner,295,20
R053126,44,Male,0,Intermediate,,20
R031637,28,Male,6,Intermediate,236,31
R054892,23,Male,2,Beginner,281,20
R094283,54,Female,4,Beginner,319,25
R043343,21,Female,1,Beginner,276,107.5976684
R031434,29,Male,2,Advanced,232,20
R047732,38,Male,4,Beginner,282,20
R018771,23,Non-binary,4,Beginner,274,20
R028976,58,Female,2,Advanced,218,65.1
R088619,27,Female,2,Beginner,308,26
R063593,19,Female,4,Beginner,303,33.9
R005381,37,Female,2,Beginner,311,20
R027097,21,Male,1,Beginner,243,20
R030675,53,Female,2,Advanced,223,75.8
R085407,42,Female,1,Beginner,267,20
R042847,24,Male,1,Intermediate,269,24.6
R056992,57,Male,1,Beginner,282,20
R022814,37,Female,3,Beginner,252,38
R027221,43,Male,3,Beginner,280,20
R052683,26,Female,0,Intermediate,,20
R084360,34,Male,6,Beginner,295,27.5
R047136,50,Male,1,Beginner,307,32.5
R041821,51,Male,5,Advanced,250,20
R005390,41,Male,2,Intermediate,260,20
R010362,59,Male,2,Beginner,264,31.5
R033639,23,Male,3,Beginner,351,33.3
R020981,47,Male,1,Beginner,274,20
R060248,45,Female,0,Intermediate,,20
R014704,61,Female,1,Intermediate,219,39
R021441,41,Non-binary,0,Intermediate,,30.5
R001809,36,Female,1,Advanced,215,46.3
R028031,40,Male,0,Beginner,,20
R015610,21,Male,2,Advanced,203,52.3
R096017,42,Male,1,Advanced,207,53.7
R034337,61,Male,1,Beginner,302,20
R009652,57,Male,6,Beginner,276,20
R071314,22,Female,0,Advanced,,20
R040059,31,Male,2,Intermediate,259,73.2
R034440,41,Female,3,Beginner,291,20
R017571,38,Female,1,Beginner,299,56.9
R073828,44,Male,3,Intermediate,220,25
R001896,19,Female,0,Intermediate,,42.4
R092978,42,Male,2,Beginner,231,20
R083357,45,Male,3,Advanced,262,29.4
R044331,24,Female,1,Intermediate,258,20
R034456,64,Male,1,Beginner,280,20
R049307,43,Female,3,Beginner,285,36.8
R049549,64,Female,1,Advanced,207,34.5
R050097,43,Non-binary,1,Beginner,285,23.9
R024490,60,Female,1,Advanced,231,108.8735964
R041715,24,Male,1,Beginner,311,20
R004123,44,Female,3,Beginner,295,20.5
R049736,28,Female,0,Beginner,,20
R011689,19,Female,2,Beginner,297,31.1
R088329,60,Male,0,Advanced,,28.5
R090662,39,Male,2,Intermediate,300,43.2
R045946,29,Male,3,Beginner,287,39.8
R054240,23,Male,2,Beginner,323,20
R050475,61,Female,2,Advanced,237,62.7
R092902,47,Male,2,Advanced,225,71.1
R003440,30,Female,2,Advanced,240,27.2
R002524,52,Female,1,Intermediate,265,39.3
R058499,50,Male,2,Intermediate,235,21.5
R045606,38,Male,2,Advanced,229,29.3
R086463,51,Female,4,Intermediate,279,31
R093781,29,Male,4,Intermediate,246,20
R099703,39,Male,3,Beginner,292,20
R056624,50,Male,5,Advanced,219,20
R043608,20,Female,3,Intermediate,277,20
R084041,21,Male,3,Intermediate,280,20
R094709,37,Male,3,Beginner,289,27.8
R007038,41,Female,3,Beginner,297,20
R070512,29,Male,3,Advanced,212,22.6
R088433,41,Male,3,Intermediate,217,25.2
R083202,42,Male,0,Beginner,,20
R029307,49,Male,3,Advanced,183,20
R003752,47,Female,5,Intermediate,279,20
R080666,30,Male,5,Beginner,328,20
R046333,51,Non-binary,2,Beginner,322,20
R081542,49,Male,2,Beginner,289,28.1
R057261,58,Male,2,Intermediate,253,20
R036207,28,Male,0,Intermediate,,20
R002494,23,Female,0,Beginner,,20
R011869,30,Female,3,Intermediate,279,20
R014676,60,Female,3,Beginner,318,28.2
R050071,38,Female,1,Intermediate,274,20
R001271,51,Female,2,Beginner,309,20
R074541,36,Male,4,Beginner,336,20
R068016,46,Male,2,Intermediate,266,20
R056989,19,Female,3,Intermediate,312,24.9
R093358,48,Male,0,Beginner,,20
R038036,32,Male,0,Advanced,,20
R093770,23,Male,1,Intermediate,232,20
R096319,63,Non-binary,3,Intermediate,286,20
R010827,41,Female,0,Beginner,,20
R033125,62,Male,2,Intermediate,253,30.6
R044401,36,Female,1,Beginner,272,20
R059552,40,Female,3,Advanced,240,40.2
R059614,57,Male,2,Intermediate,239,20
R000108,52,Male,1,Intermediate,234,47.8
R077599,52,Male,3,Intermediate,271,20
R002792,30,Female,2,Advanced,243,27.3
R001503,48,Male,3,Advanced,223,51.1
R045187,35,Female,2,Beginner,274,32.2
R040410,52,Male,2,Beginner,240,21.9
R025056,49,Male,3,Advanced,220,20
R003427,54,Male,4,Advanced,222,52.7
R062419,50,Male,4,Intermediate,285,30.9
R094273,64,Male,3,Beginner,285,20
R027483,61,Female,4,Advanced,235,46
R063379,46,Male,1,Intermediate,206,24.5
R076051,49,Male,2,Intermediate,222,38
R020832,55,Female,3,Intermediate,258,33.1
R041083,32,Female,1,Beginner,308,20
R007598,30,Male,2,Intermediate,258,22.1
R088715,29,Female,3,Beginner,317,43
R076493,44,Male,3,Intermediate,290,51.5
R064032,62,Female,3,Advanced,180,40.9
R068375,26,Female,1,Beginner,271,20
R084216,48,Female,1,Beginner,274,20
R057558,60,Female,0,Intermediate,,20
R030326,42,Male,2,Intermediate,227,20
R036970,35,Male,2,Advanced,209,20
R064993,36,Male,2,Intermediate,279,37.2
R059052,59,Male,0,Intermediate,,43.4
R072012,47,Male,1,Intermediate,284,112.6479953
R048605,29,Female,0,Intermediate,,20
R064225,62,Male,5,Intermediate,217,113.1753503
R014329,58,Male,0,Intermediate,,20
R001192,18,Male,0,Advanced,,36.9
R095961,42,Female,6,Advanced,241,38.5
R019478,35,Female,2,Intermediate,233,25.7
R011354,36,Female,3,Intermediate,249,20
R095304,50,Male,1,Advanced,254,20
R023445,29,Female,1,Intermediate,245,35.7
R095404,25,Male,0,Advanced,,20
R089553,28,Male,4,Advanced,209,20
R030872,26,Male,2,Beginner,251,20
R007961,42,Female,3,Beginner,269,38.8
R032800,48,Female,3,Beginner,244,24.2
R076210,54,Female,2,Intermediate,235,47.8
R046472,42,Female,2,Intermediate,288,23.6
R022634,28,Male,4,Beginner,282,20
R014396,34,Male,5,Beginner,284,30.5
R093149,28,Non-binary,2,Beginner,308,20
R064191,27,Male,1,Beginner,264,20
R060032,31,Female,1,Intermediate,201,27.9
R072870,36,Female,2,Beginner,285,38.5
R057866,40,Female,5,Beginner,308,31.4
R019882,27,Female,1,Beginner,270,20.8
R045932,56,Male,1,Intermediate,249,32
R078767,42,Male,4,Advanced,206,20
R012409,42,Male,3,Intermediate,284,20
R029616,65,Female,1,Intermediate,234,55.4
R008273,20,Female,2,Advanced,155,20.8
R059347,39,Male,2,Beginner,285,20
R048505,37,Male,2,Intermediate,253,20
R033847,21,Male,1,Intermediate,217,46.2
R032609,56,Female,1,Advanced,257,41.3
R003459,25,Female,6,Beginner,273,20
R016236,19,Female,1,Beginner,283,28.2
R058455,47,Female,1,Intermediate,265,20
R073198,29,Non-binary,1,Advanced,282,20
R001540,59,Female,0,Beginner,,21.1
R026711,63,Male,1,Advanced,214,20
R094865,57,Female,4,Intermediate,285,30.2
R034708,43,Male,3,Advanced,188,20
R052115,51,Female,2,Intermediate,268,20
R061477,32,Female,1,Beginner,291,20
R031827,43,Female,3,Advanced,222,20
R033349,64,Female,2,Intermediate,264,20
R093734,55,Female,3,Beginner,280,20
R021705,18,Male,3,Intermediate,257,20
R058996,61,Male,3,Advanced,165,20
R024289,25,Female,1,Advanced,191,37.4
R003541,51,Male,1,Beginner,273,109.1606306
R090556,38,Non-binary,2,Beginner,308,20
R031301,31,Female,3,Intermediate,257,20
R077553,55,Female,0,Beginner,,20
R050405,23,Male,0,Beginner,,20
R065237,26,Female,2,Beginner,271,43.5
R085524,18,Male,3,Intermediate,268,20
R027415,23,Female,1,Beginner,246,26.7
R052064,27,Female,4,Advanced,215,20
R063146,20,Male,2,Beginner,276,20
R021683,63,Non-binary,1,Beginner,258,20
R099735,54,Female,3,Advanced,211,52.7
R036558,34,Male,2,Intermediate,265,21.4
R013280,21,Male,5,Intermediate,243,57.6
R065985,49,Male,3,Beginner,296,118.5706656
R080524,38,Female,3,Beginner,294,38.1
R014026,18,Male,3,Beginner,253,32.2
R007124,39,Male,2,Intermediate,302,34.9
R013254,29,Male,1,Advanced,240,37
R002157,23,Female,1,Intermediate,235,27.4
R050293,57,Female,1,Beginner,295,22.7
R037183,48,Female,2,Advanced,237,23.7
R046260,46,Female,1,Beginner,274,20
R046569,27,Female,2,Beginner,322,20
R092632,64,Male,2,Beginner,231,21.2
R025177,28,Non-binary,5,Beginner,238,20
R088600,48,Female,1,Intermediate,259,20
R025750,37,Male,3,Advanced,227,20
R024416,53,Female,1,Beginner,309,20
R046017,21,Female,4,Advanced,200,23.8
R036395,40,Male,2,Beginner,282,118.6497704
R024561,44,Male,3,Beginner,299,34.3
R084776,55,Male,2,Beginner,287,20
R039769,60,Female,3,Intermediate,296,42.6
R065351,20,Female,2,Beginner,296,20
R094422,28,Non-binary,3,Beginner,269,26.3
R015306,23,Female,4,Beginner,242,20
R087137,36,Female,2,Intermediate,252,20
R068303,54,Female,4,Advanced,192,28.9
R043923,49,Male,5,Beginner,274,20
R081852,40,Female,2,Advanced,246,20
R085373,60,Female,2,Beginner,257,20
R054472,61,Male,1,Beginner,302,20
R022666,25,Male,1,Intermediate,271,22.7
R060913,20,Male,2,Beginner,236,20
R060607,40,Female,5,Beginner,306,20
R091385,41,Male,3,Advanced,212,47.5
R063865,23,Male,3,Intermediate,274,29.6
R064680,26,Male,1,Beginner,216,20
R096693,20,Female,1,Advanced,257,50.4
R023011,61,Male,1,Advanced,216,20
R074249,44,Female,4,Intermediate,284,40
R009597,40,Female,1,Beginner,271,20
R089614,32,Female,2,Intermediate,254,25.5
R043744,37,Female,2,Intermediate,264,39.2
R079677,56,Female,2,Beginner,288,25
R058212,22,Male,0,Beginner,,69.5
R029382,42,Female,1,Intermediate,250,31.7
R038800,26,Male,4,Beginner,272,20
R059686,19,Female,1,Intermediate,273,20
R085000,51,Male,1,Beginner,315,20
R045545,27,Male,4,Advanced,181,20
R039930,35,Male,1,Advanced,218,20
R069879,48,Male,3,Intermediate,265,51.8
R021351,40,Female,2,Intermediate,245,20
R016942,19,Female,0,Advanced,,20
R004172,55,Male,3,Intermediate,281,20
R020547,63,Male,2,Beginner,270,53.4
R001213,34,Male,1,Beginner,302,25
R058919,60,Male,2,Beginner,287,20
R033707,23,Male,2,Intermediate,304,42.4
R042017,59,Male,5,Beginner,321,20
R085686,41,Female,1,Beginner,300,20
R040626,28,Female,1,Intermediate,235,32.2
R031927,50,Male,0,Intermediate,,38.8
R024799,44,Female,3,Beginner,325,28.8
R002655,25,Female,4,Beginner,316,40.8
R016015,18,Female,3,Beginner,262,26.3
R005397,25,Female,1,Advanced,249,23.3
R066041,26,Non-binary,2,Beginner,300,41.7
R007899,55,Female,1,Advanced,257,20
R089602,23,Male,0,Beginner,,20
R072217,44,Female,1,Beginner,298,20
R063997,35,Male,2,Beginner,272,28
R095756,57,Male,2,Beginner,277,108.7193243
R031669,46,Male,2,Advanced,281,36
R081050,55,Male,1,Intermediate,260,25
R012892,64,Female,3,Advanced,208,56.3
R034150,62,Female,5,Intermediate,204,39.3
R098981,52,Female,0,Advanced,,20
R033127,39,Non-binary,3,Beginner,267,26.8
R040355,58,Male,1,Beginner,300,45.4
R015134,56,Male,3,Beginner,296,20
R018460,21,Male,1,Advanced,227,42.5
R024205,28,Male,4,Beginner,305,27.1
R025043,28,Female,3,Advanced,223,107.6755634
R009136,39,Female,4,Intermediate,260,44.2
R062032,27,Male,4,Beginner,269,20
R090475,30,Male,2,Intermediate,238,20
R062016,47,Male,4,Beginner,305,23.3
R002390,44,Male,1,Intermediate,254,20
R066335,47,Female,1,Beginner,282,20
R047000,42,Female,3,Intermediate,240,20
R039497,41,Female,2,Beginner,250,30.6
R047899,48,Male,0,Intermediate,,20
R040061,52,Male,2,Intermediate,262,40.9
R094668,38,Male,1,Beginner,341,20
R004704,30,Male,3,Intermediate,252,28.7
R070917,34,Male,1,Beginner,314,21.8
R064644,36,Female,2,Intermediate,250,29.9
R057470,60,Female,1,Beginner,292,62.1
R048431,27,Male,2,Beginner,270,20
R016168,56,Male,3,Intermediate,247,20
R093315,27,Female,4,Beginner,296,23.7
R011810,32,Male,2,Intermediate,252,20
R092700,43,Female,1,Intermediate,276,20
R042274,56,Male,2,Advanced,257,22.5
R036920,42,Non-binary,2,Intermediate,256,20
R083033,22,Male,1,Beginner,298,32.3
R057020,39,Male,0,Advanced,,39.6
R059265,23,Male,3,Beginner,249,20.3
R037252,55,Female,1,Beginner,258,20
R002910,50,Female,4,Beginner,316,20
R056772,19,Female,1,Beginner,224,20
R047642,26,Non-binary,1,Beginner,264,20
R010011,62,Female,2,Beginner,296,20
R024872,38,Male,1,Beginner,271,20
R082684,27,Non-binary,2,Advanced,239,57.5
R043803,62,Female,4,Beginner,286,20
R052317,30,Female,2,Intermediate,265,32.6
R014257,26,Female,1,Advanced,214,27.6
R080790,35,Male,1,Intermediate,278,20
R013674,59,Male,3,Beginner,258,102.3727932
R059766,44,Female,2,Advanced,172,20
R002630,57,Male,0,Advanced,,26.5
R095994,56,Female,3,Beginner,306,20
R093237,20,Female,2,Beginner,325,20
R067728,49,Male,1,Beginner,286,20
R018975,32,Female,1,Beginner,319,31.7
R082440,27,Male,2,Beginner,259,29.9
R037219,50,Female,3,Intermediate,277,25.4
R082539,45,Female,4,Beginner,287,20
R022284,31,Male,0,Intermediate,,46.5
R055562,60,Female,0,Advanced,,111.8318271
R047687,57,Male,1,Intermediate,263,49.5
R033887,54,Male,4,Beginner,305,32.1
R033558,44,Male,1,Beginner,255,26.4
R048926,47,Male,2,Beginner,281,20
R044676,65,Female,2,Beginner,284,20
R048727,53,Male,2,Advanced,226,26.6
R024876,49,Male,1,Intermediate,256,39.4
R089005,61,Female,3,Intermediate,280,20
R097216,27,Non-binary,2,Intermediate,267,20
R023778,61,Female,0,Beginner,,27.4
R038551,44,Male,2,Beginner,260,20
R014620,60,Male,2,Beginner,374,20
R071397,41,Female,2,Intermediate,264,31.2
R099214,35,Male,2,Intermediate,272,101.497514
R039205,24,Male,1,Intermediate,272,20
R092954,43,Male,2,Advanced,241,36.3
R064974,65,Female,3,Beginner,295,34.3
R091140,55,Male,1,Beginner,285,65.7
R091574,52,Female,1,Intermediate,245,20
R088407,49,Male,1,Intermediate,259,20
R009728,24,Male,3,Beginner,232,104.2426502
R062510,44,Male,2,Intermediate,230,24.8
R077086,55,Male,4,Advanced,252,35.3
R007346,53,Male,3,Beginner,277,20
R021191,26,Male,1,Beginner,248,20
R086325,62,Male,3,Beginner,290,20.6
R067195,62,Female,2,Beginner,268,21.4
R024284,63,Female,1,Beginner,276,20.5
R023135,33,Female,2,Intermediate,273,34.1
R009475,26,Female,2,Beginner,234,29.6
R041905,37,Male,2,Beginner,274,20
R036824,35,Female,4,Advanced,231,20
R062782,38,Female,0,Beginner,,30.5
R081481,59,Female,1,Advanced,204,20
R065434,37,Male,1,Beginner,264,23.1
R071864,57,Female,1,Beginner,270,24.1
R095406,43,Male,2,Intermediate,280,22.8
R012404,42,Male,5,Beginner,309,36.1
R090244,27,Female,3,Beginner,266,20
R078129,44,Female,1,Intermediate,287,44.9
R060020,56,Female,1,Beginner,323,38.8
R084598,39,Male,4,Beginner,297,20
R015042,41,Female,3,Beginner,247,20
R028721,32,Non-binary,5,Beginner,261,29.5
R053123,29,Female,3,Advanced,220,34.6
R034442,41,Female,2,Intermediate,231,42.8
R059863,52,Female,1,Beginner,278,20
R093222,26,Male,3,Intermediate,240,20
R068417,23,Male,4,Advanced,204,39.4
R084018,40,Female,0,Beginner,,21.8
R079343,32,Non-binary,3,Advanced,195,20
R066911,59,Female,0,Advanced,,20
R059166,59,Male,3,Intermediate,217,28.8
R055902,55,Male,3,Beginner,294,54
R082141,55,Male,1,Beginner,288,20
R074149,46,Female,3,Beginner,287,20
R036156,56,Male,2,Advanced,233,20
R099421,18,Female,4,Beginner,338,30.5
R083837,22,Female,2,Beginner,267,114.5196358
R066638,57,Male,1,Intermediate,245,20
R049519,54,Female,0,Advanced,,46.8
R002362,41,Female,3,Beginner,280,20
R065579,64,Male,4,Advanced,253,33.3
R066875,20,Female,2,Beginner,303,24.4
R096192,21,Female,1,Beginner,250,20
R009966,55,Female,1,Intermediate,300,46.4
R012076,32,Non-binary,3,Beginner,292,20
R053657,21,Female,1,Intermediate,239,20
R082915,32,Female,3,Beginner,268,20
R029195,50,Male,3,Advanced,258,20
R009690,21,Female,2,Beginner,268,20
R031104,45,Male,2,Intermediate,282,27.6
R085640,65,Female,3,Beginner,248,20
R015191,45,Female,4,Intermediate,222,50.1
R075426,61,Female,1,Beginner,220,44.5
R070882,20,Female,0,Beginner,,38.9
R080945,25,Non-binary,1,Intermediate,241,20
R044141,49,Male,1,Advanced,218,48.1
R014995,25,Female,3,Beginner,290,20
R016970,27,Female,3,Advanced,162,43.7
R045983,59,Male,4,Beginner,277,20
R002041,18,Male,2,Beginner,261,20
R088672,46,Female,4,Beginner,319,20
R049111,39,Female,4,Intermediate,285,20
R017373,42,Male,3,Advanced,264,20
R005115,21,Male,2,Intermediate,211,20
R054598,19,Female,2,Beginner,283,36.3
R051189,21,Female,0,Advanced,,20.4
R083536,19,Male,0,Beginner,,20.8
R065489,60,Female,1,Beginner,272,20
R009340,58,Female,2,Beginner,287,23
R074375,22,Female,3,Beginner,283,32.9
R038147,54,Male,3,Advanced,217,30
R074917,50,Female,1,Beginner,303,20
R040323,55,Male,2,Advanced,206,61.8
R007265,54,Female,5,Intermediate,226,46.9
R011233,59,Male,2,Intermediate,267,33.4
R085559,23,Male,2,Beginner,294,21.8
R001755,39,Female,4,Advanced,228,50.5
R016619,23,Male,1,Intermediate,206,20
R036827,24,Female,3,Beginner,230,22.9
R025086,19,Female,3,Intermediate,217,31
R078835,39,Male,0,Intermediate,,20
R051161,37,Female,1,Advanced,229,20.2
R057801,60,Male,1,Intermediate,227,26.3
R061353,64,Female,1,Intermediate,263,29.1
R016599,40,Female,0,Beginner,,20
R095573,53,Non-binary,0,Beginner,,20
R015059,39,Male,3,Beginner,272,20
R028719,50,Male,3,Intermediate,240,20.3
R005311,35,Female,3,Beginner,228,20
R040100,34,Male,3,Intermediate,283,20
R005117,37,Male,1,Beginner,246,23.8
R053760,34,Female,3,Beginner,267,31
R052597,27,Female,2,Intermediate,253,20
R051802,57,Male,3,Beginner,326,20
R095151,51,Female,2,Beginner,282,36.1
R014818,49,Female,1,Beginner,309,26.9
R084068,41,Male,1,Intermediate,237,51.4
R068678,29,Female,3,Beginner,290,20
R073258,47,Male,1,Intermediate,251,49
R040462,33,Male,2,Beginner,293,25.8
R032876,42,Male,0,Intermediate,,30.9
R054008,63,Female,2,Beginner,287,33.5
R020190,32,Male,1,Beginner,289,20
R085347,64,Non-binary,2,Intermediate,275,20
R024321,34,Male,4,Intermediate,232,20
R022732,24,Male,1,Advanced,182,20
R076371,41,Female,1,Intermediate,237,20
R044058,54,Female,3,Beginner,265,27.6
R059207,20,Male,5,Beginner,317,20
R025646,37,Female,2,Beginner,324,39.1
R005976,59,Non-binary,3,Beginner,276,27.6
R022870,45,Female,0,Intermediate,,23.8
R013883,59,Female,1,Beginner,271,43.2
R096944,47,Male,0,Beginner,,29
R062388,40,Female,0,Beginner,,20
R092805,48,Non-binary,1,Advanced,264,22.7
R017797,50,Male,0,Intermediate,,20
R023396,23,Male,0,Beginner,,20
R052674,40,Male,3,Intermediate,260,23.2
R040286,43,Female,1,Advanced,203,20
R087706,39,Male,5,Beginner,271,20
R082921,61,Female,2,Advanced,259,20
R034872,29,Non-binary,0,Intermediate,,31
R048652,28,Female,0,Intermediate,,32
R053053,62,Non-binary,0,Beginner,,20
R031894,57,Female,3,Advanced,207,50.1
R071174,25,Female,6,Intermediate,244,27.6
R070148,30,Male,4,Advanced,194,20
R064076,43,Male,3,Advanced,185,29.2
R037556,48,Female,4,Beginner,295,20
R019155,54,Female,3,Intermediate,252,32.5
R065605,33,Male,2,Beginner,293,25.2
R005050,50,Female,1,Advanced,202,31.1
R050551,30,Male,2,Intermediate,275,34.7
R031006,45,Female,2,Intermediate,256,20
R022522,36,Male,1,Beginner,281,20
R077446,33,Male,2,Intermediate,260,20
R028923,33,Male,1,Intermediate,250,27.2
R052961,39,Male,4,Intermediate,217,36.2
R063008,19,Male,3,Beginner,269,20
R089562,37,Female,2,Intermediate,232,33.8
R020532,65,Male,0,Beginner,,20
R065299,44,Female,3,Beginner,303,29.6
R010038,25,Male,3,Beginner,270,20
R075450,36,Female,1,Intermediate,234,42
R003353,64,Male,1,Intermediate,245,37.7
R021481,52,Male,3,Advanced,213,20
R036404,39,Female,2,Beginner,268,20
R098366,26,Male,0,Intermediate,,20
R023853,23,Female,2,Beginner,290,20
R061361,56,Female,0,Beginner,,21.1
R035383,55,Male,1,Beginner,259,20
R023884,26,Female,4,Beginner,296,20
R036438,33,Female,0,Beginner,,33.4
R074594,20,Male,1,Intermediate,232,20
R038890,49,Female,3,Intermediate,250,20
R026834,39,Male,2,Beginner,261,20
R068507,50,Male,1,Beginner,310,39.7
R018379,60,Female,1,Intermediate,295,20
R085598,51,Female,1,Advanced,281,23
R039463,21,Female,4,Beginner,268,20
R091470,59,Male,3,Beginner,222,20
R060999,27,Male,2,Beginner,287,37.7
R096175,35,Male,2,Intermediate,296,27
R067271,31,Male,4,Beginner,273,20
R093253,47,Male,1,Advanced,246,20
R089232,57,Female,5,Intermediate,241,20
R048417,34,Male,3,Beginner,308,20
R056122,56,Female,4,Beginner,256,45
R053663,38,Female,0,Beginner,,35.7
R032064,51,Male,3,Beginner,234,20
R074476,52,Male,3,Intermediate,266,30.4
R040615,27,Non-binary,2,Beginner,262,20
R018408,43,Male,4,Beginner,286,20
R008926,43,Male,1,Intermediate,230,20
R035353,52,Male,1,Beginner,265,40.4
R085902,24,Female,2,Intermediate,242,20
R068426,42,Male,0,Intermediate,,20
R075697,46,Female,1,Beginner,245,44.2
R009797,37,Female,1,Advanced,198,37.6
R050401,20,Female,1,Beginner,261,20
R061788,62,Male,0,Advanced,,26.5
R060219,58,Male,2,Advanced,236,75.7
R024070,18,Female,0,Beginner,,20
R082785,42,Male,0,Beginner,,20
R027991,20,Female,2,Intermediate,298,20
R071671,54,Female,2,Beginner,296,32.4
R076271,56,Male,4,Advanced,213,20
R005373,38,Female,3,Beginner,234,20
R053446,48,Non-binary,1,Advanced,218,33.1
R091790,58,Female,4,Beginner,272,20
R031900,51,Male,3,Intermediate,257,37.5
R046751,41,Female,1,Intermediate,245,20
R006431,47,Female,1,Beginner,288,20
R080810,53,Non-binary,1,Beginner,296,20
R085749,44,Female,4,Advanced,219,42.8
R053242,39,Female,2,Beginner,273,20
R069388,19,Female,0,Beginner,,20
R030271,64,Female,1,Advanced,245,44.5
R071290,26,Female,4,Intermediate,236,34.8
R082822,50,Male,1,Intermediate,253,24.2
R036013,28,Male,3,Beginner,242,36.6
R024449,40,Female,3,Advanced,215,20
R024477,43,Male,3,Beginner,292,20.5
R062354,39,Female,3,Intermediate,297,70.1
R060442,26,Male,0,Intermediate,,22.8
R021956,19,Female,2,Beginner,266,20
R048574,32,Male,2,Beginner,262,20
R077468,52,Female,0,Advanced,,97.6
R008076,48,Male,3,Advanced,219,54.4
R040066,32,Male,2,Intermediate,220,20
R069466,39,Male,2,Intermediate,270,20
R091469,36,Male,3,Advanced,199,45.5
R044053,58,Female,3,Intermediate,229,35.5
R040144,42,Male,2,Beginner,263,20
R004809,26,Female,1,Advanced,279,20.4
R088676,63,Male,4,Beginner,279,20
R097213,60,Male,2,Intermediate,224,20
R043345,62,Female,2,Beginner,290,23.2
R053584,33,Female,5,Beginner,303,20
R075040,40,Female,2,Intermediate,271,20
R041375,27,Male,1,Intermediate,275,42.1
R061006,50,Male,2,Beginner,221,20
R035813,40,Female,2,Advanced,183,20
R081693,56,Male,1,Advanced,238,20.6
R094394,28,Male,4,Intermediate,233,20.4
R086154,48,Female,2,Intermediate,192,20
R004285,24,Male,4,Intermediate,251,20
R029729,46,Female,1,Advanced,204,20
R091752,35,Male,2,Advanced,249,38.4
R079453,27,Female,4,Intermediate,275,107.8632212
R064994,28,Female,2,Intermediate,231,20
R007670,21,Female,2,Beginner,284,20
R056980,62,Female,2,Advanced,225,37.6
R077962,58,Non-binary,3,Advanced,195,20
R013366,50,Female,3,Beginner,272,20
R055935,56,Male,4,Beginner,289,20
R086873,55,Male,1,Intermediate,295,20
R039745,62,Female,3,Intermediate,282,30.1
R012209,50,Female,4,Beginner,278,38.2
R014634,37,Male,1,Beginner,338,20
R027276,48,Female,6,Advanced,208,20
R043882,32,Female,1,Beginner,281,20
R094136,34,Male,0,Beginner,,20
R014117,61,Male,2,Beginner,257,36.4
R025922,30,Female,0,Beginner,,20
R032843,20,Male,3,Advanced,218,31.6
R021894,32,Male,3,Beginner,337,29.5
R022930,65,Male,0,Beginner,,20
R011494,27,Female,2,Beginner,261,102.2552314
R041512,61,Non-binary,3,Intermediate,235,48.2
R077256,26,Male,1,Advanced,256,61.6
R048881,46,Female,2,Beginner,254,20
R004776,26,Male,3,Intermediate,274,20
R021451,55,Female,2,Intermediate,241,20
R010077,24,Male,2,Advanced,217,20.4
R028811,45,Female,4,Beginner,276,20
R039876,61,Male,1,Intermediate,245,20
R071825,48,Male,2,Beginner,262,63.1
R018561,58,Female,3,Advanced,220,20
R060580,53,Non-binary,5,Beginner,313,111.5561134
R035805,52,Female,3,Beginner,251,20
R023602,33,Female,4,Intermediate,237,20
R046507,39,Female,6,Intermediate,239,30.7
R086763,49,Non-binary,1,Beginner,301,27.4
R053389,27,Male,2,Beginner,272,111.242862
R056313,33,Male,1,Beginner,277,26.3
R096637,43,Female,3,Advanced,247,35.9
R050593,64,Male,0,Intermediate,,20
R062711,52,Male,0,Beginner,,20
R096646,55,Female,3,Intermediate,230,20
R086847,22,Female,1,Beginner,287,20.4
R031038,21,Male,2,Beginner,271,20
R078222,65,Male,0,Beginner,,23.9
R003397,43,Male,2,Intermediate,255,20
R091265,29,Male,3,Advanced,246,20
R053972,59,Female,2,Advanced,223,46.8
R073605,53,Female,2,Beginner,264,39.5
R082314,61,Female,4,Beginner,303,20
R038809,19,Female,3,Advanced,232,66.8
R055484,32,Female,3,Intermediate,242,40
R029272,63,Female,0,Beginner,,20
R024142,46,Female,4,Intermediate,236,20
R017447,63,Female,1,Beginner,271,20
R031243,39,Male,2,Beginner,262,20
R099111,33,Female,7,Advanced,250,20
R020714,52,Male,1,Intermediate,287,64.2
R032293,29,Male,5,Beginner,310,20
R073780,29,Male,5,Advanced,235,37.8
R020962,52,Female,1,Beginner,226,20
R037644,30,Female,3,Advanced,213,20
R043732,35,Female,1,Beginner,290,20
R008021,51,Female,3,Intermediate,216,20
R032909,49,Female,3,Beginner,261,37
R061427,54,Female,0,Beginner,,30.7
R078424,21,Non-binary,1,Intermediate,236,20
R049206,53,Female,3,Intermediate,235,54.4
R010419,55,Male,1,Beginner,227,28.8
R018404,49,Female,2,Beginner,311,20
R046256,25,Male,2,Beginner,317,20
R024241,38,Male,1,Advanced,200,48.3
R032514,50,Male,1,Advanced,178,20
R031112,26,Male,4,Intermediate,273,20
R073401,52,Non-binary,1,Intermediate,224,20
R025508,44,Female,3,Beginner,299,20.3
R057064,61,Male,1,Advanced,206,39.6
R068744,39,Male,1,Advanced,201,21
R043424,63,Female,2,Beginner,314,45.9
R073746,48,Male,2,Beginner,260,20
R065830,52,Male,3,Intermediate,252,20
R059889,31,Male,1,Beginner,265,20
R056789,48,Female,2,Advanced,214,20.1
R034643,61,Male,1,Intermediate,242,20
R037067,34,Female,3,Intermediate,249,46.9
R065057,42,Male,0,Beginner,,26.4
R036690,64,Female,1,Beginner,283,20
R094320,32,Male,2,Beginner,248,20
R030211,26,Female,1,Advanced,275,21.6
R001869,55,Female,2,Advanced,251,20
R040835,61,Female,3,Advanced,198,27.3
R091709,47,Male,1,Advanced,200,36.2
R065657,56,Female,0,Beginner,,27
R035052,53,Female,3,Intermediate,271,36.6
R067021,20,Male,1,Beginner,259,24
R055916,65,Male,2,Intermediate,250,27.9
R055793,53,Female,1,Beginner,311,114.7136074
R039899,32,Male,3,Beginner,284,20
R080593,25,Male,0,Intermediate,,20
R001123,62,Female,0,Intermediate,,113.0552971
R005477,28,Male,5,Beginner,286,30
R004606,53,Male,3,Advanced,280,38.9
R009183,38,Female,3,Beginner,334,20
R077984,57,Female,3,Intermediate,281,29.8
R027265,44,Male,1,Beginner,323,20
R099104,48,Female,3,Beginner,351,20
R098445,25,Female,3,Beginner,277,24.4
R001517,51,Female,1,Beginner,290,25.6
R047484,22,Female,0,Beginner,,28.9
R012950,45,Female,1,Intermediate,258,20
R001289,64,Female,2,Beginner,303,25.3
R096226,39,Female,3,Intermediate,254,39.7
R081703,35,Male,2,Advanced,221,25
R004063,20,Male,1,Beginner,321,20
R038934,34,Male,1,Intermediate,255,71.6
R036387,56,Female,3,Beginner,271,24.9
R069550,23,Male,0,Beginner,,20
R038513,49,Female,2,Advanced,232,20
R033867,64,Female,2,Beginner,259,33.1
R015722,58,Male,3,Advanced,201,20
R013719,43,Male,4,Beginner,273,27.8
R009662,35,Male,1,Intermediate,244,20
R035931,55,Non-binary,1,Intermediate,240,20
R003744,38,Male,2,Beginner,307,20
R073383,36,Female,3,Advanced,224,20
R043908,24,Male,0,Beginner,,31
R089800,59,Male,3,Intermediate,279,20
R016034,31,Non-binary,1,Beginner,324,114.0933143
R050372,30,Male,3,Intermediate,222,20
R006581,41,Female,3,Beginner,245,20
R054702,53,Female,0,Intermediate,,20
R054187,44,Male,2,Intermediate,205,20
R052176,29,Female,3,Intermediate,234,20
R024246,26,Male,1,Intermediate,209,26.5
R085518,62,Female,1,Intermediate,237,20
R064888,64,Female,4,Intermediate,212,45.1
R026954,26,Female,0,Advanced,,36.4
R061308,63,Male,2,Advanced,256,33.4
R001348,34,Female,1,Advanced,257,20
R056026,29,Male,1,Beginner,236,20
R043204,41,Male,0,Advanced,,20
R054014,29,Male,3,Beginner,281,33.9
R071721,56,Female,1,Beginner,269,20
R083623,50,Male,1,Beginner,232,20
R053192,42,Male,2,Beginner,272,20
R066509,24,Female,1,Beginner,251,20
R021672,52,Male,2,Intermediate,192,20
R014169,64,Female,3,Intermediate,231,37.6
R009075,32,Female,0,Advanced,,108.0849233
R097577,27,Male,3,Beginner,229,27.7
R080059,38,Female,2,Beginner,244,34.7
R012889,44,Female,3,Beginner,275,20
R085035,62,Male,1,Beginner,300,20
R090731,42,Male,4,Beginner,321,119.0801717
R005450,25,Male,0,Beginner,,55.8
R064286,36,Male,4,Intermediate,263,41
R004183,33,Male,0,Beginner,,39.1
R069714,52,Male,2,Beginner,266,20
R017670,36,Male,4,Beginner,232,35.1
R015518,45,Male,2,Intermediate,234,58.7
R039076,54,Male,1,Intermediate,236,37.9
R078287,53,Female,0,Intermediate,,20
R067344,33,Male,2,Intermediate,244,59.4
R004243,47,Female,0,Intermediate,,20
R035393,32,Female,5,Beginner,275,36.1
R027786,36,Male,1,Advanced,211,20
R024718,38,Female,1,Advanced,180,20
R023236,26,Female,1,Beginner,310,43.3
R024469,23,Female,3,Intermediate,229,40.7
R036732,39,Female,2,Advanced,190,26.7
R023792,27,Female,2,Beginner,272,20
R025087,40,Female,3,Intermediate,248,22.5
R061047,49,Male,1,Intermediate,242,27.6
R064074,27,Female,5,Intermediate,254,24.7
R062615,59,Female,1,Advanced,224,20
R056917,19,Female,3,Beginner,256,20
R040424,37,Female,2,Advanced,196,47.1
R003087,58,Male,3,Beginner,293,23.8
R084318,49,Female,2,Beginner,231,20
R087623,62,Female,1,Intermediate,229,38.5
R031736,42,Male,2,Intermediate,249,20
R038857,47,Male,1,Intermediate,281,33.2
R066153,53,Male,1,Intermediate,286,20
R068978,58,Male,2,Beginner,216,21.4
R016746,41,Female,2,Intermediate,262,29.5
R082371,63,Female,0,Advanced,,20
R094995,19,Male,1,Intermediate,244,20
R061113,55,Female,2,Beginner,293,20
R097864,21,Male,4,Beginner,235,27.2
R021018,20,Female,2,Intermediate,276,28.2
R007136,18,Female,1,Intermediate,276,24.2
R031130,46,Female,2,Intermediate,242,26.6
R073934,54,Female,3,Beginner,263,22.1
R046354,22,Male,3,Intermediate,309,20
R055057,51,Male,1,Intermediate,235,25.1
R007699,50,Female,0,Beginner,,34.3
R074547,45,Female,1,Intermediate,247,20
R052195,20,Male,2,Beginner,265,20
R053890,55,Male,2,Beginner,279,20
R030101,33,Non-binary,1,Beginner,297,20
R092020,44,Male,5,Beginner,303,20
R037904,32,Female,2,Beginner,284,30.2
R096394,24,Female,2,Beginner,261,34.5
R079503,36,Female,2,Advanced,263,102.18592
R010631,60,Male,3,Advanced,241,30.8
R092755,23,Female,5,Beginner,276,20
R060292,32,Male,0,Intermediate,,20
R050315,37,Male,2,Intermediate,255,39.7
R008511,42,Male,0,Beginner,,20
R011734,53,Male,2,Intermediate,244,56.7
R061566,26,Female,0,Beginner,,37
R012174,21,Male,3,Beginner,290,20
R059721,31,Male,0,Beginner,,26.6
R075523,38,Female,1,Intermediate,263,52.6
R070245,25,Female,3,Beginner,211,20
R025188,20,Male,2,Advanced,190,45.6
R064757,19,Female,1,Beginner,254,20
R022834,22,Male,2,Beginner,306,20
R059252,22,Male,0,Beginner,,30.3
R065067,57,Female,0,Advanced,,38
R086723,46,Female,1,Beginner,283,20
R006877,23,Female,3,Beginner,220,21.6
R077087,25,Male,2,Beginner,287,20
R086171,65,Male,1,Beginner,254,20
R061332,61,Male,1,Intermediate,209,41.4
R031655,61,Female,4,Beginner,296,34.6
R094591,56,Male,1,Beginner,273,29.1
R082901,27,Female,2,Beginner,296,31
R013473,37,Male,2,Advanced,216,20
R029508,43,Female,1,Intermediate,262,26.1
R032606,25,Male,3,Intermediate,256,20
R087577,30,Male,5,Intermediate,264,20
R010844,27,Female,3,Intermediate,212,20
R011589,53,Female,0,Beginner,,46.6
R004445,23,Female,4,Intermediate,270,62.6
R013713,65,Male,4,Beginner,299,20
R073221,20,Female,0,Intermediate,,35
R024010,34,Male,0,Advanced,,27.2
R035871,61,Female,1,Intermediate,210,20
R099693,55,Male,5,Beginner,276,20
R057090,44,Female,2,Intermediate,281,20.5
R033758,26,Female,0,Advanced,,22.6
R071964,63,Female,0,Advanced,,20
R099585,37,Female,3,Beginner,251,20
R053342,39,Male,1,Beginner,286,20
R028291,48,Female,0,Advanced,,20
R006064,60,Non-binary,1,Beginner,327,20
R079518,64,Female,1,Advanced,182,34.3
R009658,23,Female,2,Intermediate,256,20
R066603,51,Female,2,Beginner,284,20
R009334,27,Male,0,Intermediate,,33.2
R011849,49,Male,3,Beginner,285,23.6
R042240,37,Female,0,Beginner,,20
R069697,20,Male,4,Beginner,278,20.5
R045449,63,Non-binary,3,Beginner,266,74.7
R080346,64,Male,2,Advanced,202,49.7
R030557,53,Male,2,Beginner,297,20
R023122,65,Female,2,Beginner,301,30.1
R091531,61,Male,0,Beginner,,36.1
R064126,47,Male,5,Intermediate,272,100.3673625
R076426,24,Female,0,Intermediate,,20
R055612,28,Male,5,Beginner,256,26.5
R028184,35,Female,5,Intermediate,234,20
R055475,46,Male,0,Beginner,,20
R003085,31,Female,1,Advanced,215,48.5
R088387,47,Male,3,Intermediate,268,31.6
R073931,42,Male,3,Beginner,340,20
R024539,48,Male,1,Intermediate,311,46.2
R067991,32,Female,1,Beginner,292,20
R044879,64,Female,4,Advanced,233,41.1
R061911,22,Female,3,Beginner,298,20
R070753,29,Male,4,Intermediate,303,29.9
R070125,42,Female,1,Advanced,272,24.9
R097009,42,Male,0,Beginner,,20
R044862,50,Female,1,Beginner,323,65.4
R050554,45,Male,1,Intermediate,257,28
R025725,27,Female,0,Intermediate,,31.2
R002619,49,Female,2,Beginner,296,115.2362277
R089423,62,Male,0,Intermediate,,47
R016856,47,Male,5,Intermediate,215,20
R056684,58,Male,0,Beginner,,20
R087906,38,Male,1,Intermediate,251,24.9
R025395,31,Female,3,Advanced,254,35.9
R058040,25,Female,0,Beginner,,20
R099246,25,Female,2,Beginner,262,20
R007676,46,Male,0,Beginner,,58.7
R090362,25,Male,2,Beginner,350,45.3
R092284,53,Male,3,Intermediate,289,115.6175393
R024460,43,Female,5,Beginner,256,31.2
R002977,52,Male,1,Beginner,346,22
R090314,51,Male,1,Beginner,315,42.9
R039953,62,Male,1,Beginner,290,20
R066427,39,Male,2,Beginner,242,20.9
R072516,28,Male,1,Beginner,267,20
R045377,24,Female,3,Intermediate,219,20
R082279,25,Non-binary,3,Beginner,322,20
R005754,24,Male,1,Intermediate,249,20
R050938,58,Male,1,Advanced,269,20
R075815,22,Female,3,Advanced,208,54.2
R003904,43,Male,2,Beginner,243,20
R007881,31,Male,2,Beginner,249,40
R046840,45,Female,4,Beginner,261,20
R024964,20,Male,0,Intermediate,,20
R044094,38,Female,1,Intermediate,252,20
R069102,20,Female,0,Intermediate,,20
R019655,65,Male,2,Intermediate,178,32.6
R057466,52,Male,0,Beginner,,20
R003927,38,Female,2,Intermediate,259,20
R040638,46,Female,1,Beginner,286,20
R058470,63,Female,1,Advanced,207,38.8
R098395,57,Male,1,Beginner,291,20
R083996,33,Male,1,Intermediate,227,20
R044477,59,Male,2,Beginner,301,20
R004950,26,Female,4,Advanced,192,20
R000943,51,Female,1,Beginner,295,40.5
R049372,58,Male,3,Intermediate,218,38.6
R016440,21,Male,2,Beginner,245,20
R017662,57,Female,3,Intermediate,234,20
R038477,25,Male,1,Beginner,307,35.4
R045668,18,Male,2,Beginner,326,20
R080098,50,Male,2,Beginner,298,31.6
R010771,48,Male,3,Intermediate,258,20
R067232,32,Female,1,Beginner,291,20
R022968,34,Male,1,Intermediate,233,29.3
R020855,33,Male,5,Beginner,264,29.1
R082964,40,Male,3,Intermediate,226,20.7
R098268,44,Female,2,Beginner,316,20
R070762,32,Male,2,Advanced,173,46.9
R049053,35,Male,1,Beginner,285,20
R093231,45,Male,0,Advanced,,112.3340282
R053487,47,Female,2,Advanced,198,23
R053377,29,Female,1,Beginner,311,20
R066498,47,Male,2,Advanced,215,20
R035089,34,Female,4,Intermediate,232,20.5
R033963,60,Male,4,Beginner,249,20
R030218,22,Male,5,Beginner,312,20
R018734,21,Male,1,Beginner,273,20
R056667,43,Male,2,Beginner,304,23.1
R071607,37,Female,3,Advanced,209,20
R080347,32,Male,3,Intermediate,275,20
R064715,18,Male,1,Intermediate,241,20
R095837,62,Male,1,Beginner,348,20
R037101,56,Male,5,Advanced,196,20
R047708,62,Female,2,Advanced,230,54.1
R034836,34,Male,2,Intermediate,246,20
R095789,20,Male,2,Intermediate,273,31.8
R091392,42,Female,1,Intermediate,239,32.5
R033506,43,Female,3,Intermediate,266,20
R038568,33,Male,2,Intermediate,202,34.7
R081935,30,Male,4,Beginner,262,20
R052088,39,Female,1,Intermediate,213,20
R063434,61,Female,2,Advanced,215,20
R066771,23,Male,5,Intermediate,244,20
R026339,18,Female,2,Intermediate,308,20
R017118,51,Male,3,Beginner,271,54.4
R001293,49,Female,4,Beginner,257,34.4
R062890,29,Male,0,Beginner,,34.7
R005193,33,Female,2,Beginner,263,20
R027185,25,Male,1,Advanced,211,37.6
R018843,35,Female,2,Beginner,302,20
R081551,47,Non-binary,3,Beginner,277,20
R044720,46,Female,3,Beginner,283,20
R061407,34,Male,2,Beginner,275,32.7
R004332,22,Female,7,Intermediate,251,20
R027701,55,Male,3,Beginner,301,20
R097823,48,Female,1,Intermediate,299,20
R069002,56,Male,2,Beginner,307,20
R006488,24,Male,1,Beginner,319,20
R086679,62,Female,1,Beginner,249,20
R052419,59,Female,2,Beginner,275,20
R066572,52,Female,5,Beginner,352,20
R073659,32,Female,0,Advanced,,20
R012599,63,Female,1,Beginner,259,25.8
R034926,27,Male,2,Beginner,275,28.2
R093880,65,Female,1,Intermediate,216,29.6
R066238,63,Male,4,Advanced,219,24.4
R098418,56,Male,3,Intermediate,213,112.380463
R018943,51,Male,1,Beginner,311,35.1
R075605,54,Female,0,Advanced,,20
R063598,37,Non-binary,2,Advanced,214,51.4
R095007,61,Male,5,Intermediate,261,20
R001143,37,Male,2,Intermediate,214,20
R093532,58,Female,2,Advanced,174,47.3
R062571,37,Male,2,Intermediate,254,20
R095500,20,Male,5,Advanced,233,20
R093601,30,Male,3,Intermediate,226,27.9
R020486,32,Male,2,Beginner,277,20
R005324,56,Male,0,Intermediate,,20
R009692,45,Male,4,Intermediate,249,51.2
R086436,37,Male,3,Beginner,284,20
R002562,28,Female,1,Advanced,249,20
R071257,54,Non-binary,2,Beginner,289,28.2
R005580,63,Male,4,Beginner,286,20
R063935,50,Female,1,Beginner,318,23.4
R096997,35,Male,2,Beginner,273,20
R014855,50,Male,2,Intermediate,212,29.2
R051144,58,Female,2,Beginner,268,105.3723817
R003110,41,Female,1,Advanced,170,50.9
R079699,19,Female,1,Intermediate,262,20.5
R024218,44,Non-binary,2,Advanced,260,24.5
R040037,18,Male,2,Intermediate,237,26.2
R003326,65,Female,2,Advanced,181,20
R079530,27,Female,2,Intermediate,241,20
R090574,53,Female,2,Intermediate,244,29.8
R044290,26,Male,2,Intermediate,233,50.3
R076844,37,Female,6,Intermediate,232,20
R084575,41,Female,1,Beginner,305,20
R076786,56,Female,1,Beginner,244,20
R043879,20,Female,3,Advanced,231,27.6
R077285,21,Male,3,Advanced,252,39.3
R056028,47,Male,4,Intermediate,243,20
R024990,33,Male,0,Beginner,,20
R082664,50,Female,2,Intermediate,270,20
R099022,61,Male,1,Beginner,299,20
R068212,59,Female,1,Beginner,257,48.8
R059605,65,Male,2,Beginner,306,42.5
R023105,53,Male,1,Intermediate,281,20
R014756,58,Female,2,Intermediate,247,20
R002094,50,Male,2,Advanced,221,25.2
R023841,35,Male,3,Intermediate,280,20
R029298,57,Male,1,Beginner,276,20
R066705,53,Female,3,Intermediate,212,20
R009855,41,Male,2,Beginner,267,42.8
R029330,28,Male,3,Beginner,340,20
R083717,36,Male,2,Intermediate,245,26.2
R067771,31,Female,1,Intermediate,311,20
R004492,31,Male,2,Advanced,232,46.9
R028640,33,Female,3,Beginner,268,44.7
R015049,34,Male,1,Intermediate,252,20.1
R043309,41,Female,1,Intermediate,235,20
R030833,44,Female,0,Beginner,,20
R037901,50,Female,2,Beginner,272,20
R008893,52,Female,2,Beginner,293,20
R026578,61,Male,3,Intermediate,264,20
R060601,61,Female,1,Beginner,300,20
R046062,45,Female,2,Intermediate,215,20
R008601,20,Female,4,Beginner,257,113.183999
R032072,55,Female,2,Intermediate,210,43.1
R087313,41,Male,2,Beginner,249,20
R047036,24,Female,3,Intermediate,211,41.3
R062917,65,Male,1,Beginner,302,29
R064517,54,Male,1,Beginner,277,24.2
R019315,43,Male,1,Beginner,309,20
R082956,58,Male,0,Beginner,,20
R053541,50,Female,2,Beginner,282,25.4
R031102,24,Male,1,Intermediate,287,20
R066192,57,Female,1,Intermediate,283,20
R092204,43,Male,2,Intermediate,207,56.5
R022882,23,Male,0,Intermediate,,20
R020697,48,Male,1,Beginner,305,20
R034675,44,Female,1,Beginner,297,20
R060175,24,Female,3,Intermediate,230,20
R097982,41,Female,2,Advanced,219,20
R050237,58,Female,1,Advanced,223,60.4
R044523,61,Non-binary,2,Beginner,263,20
R067137,31,Male,1,Advanced,191,65.8
R086676,34,Female,2,Beginner,214,34.1
R027320,61,Female,0,Beginner,,29.7
R003492,27,Female,2,Beginner,311,20
R013251,35,Male,2,Advanced,260,47
R084667,52,Male,0,Beginner,,26.6
R069840,51,Male,4,Beginner,278,20
R046722,36,Female,2,Intermediate,275,20
R060494,40,Female,3,Advanced,220,20
R000278,52,Female,2,Beginner,296,20
R017717,24,Female,1,Advanced,189,21.9
R013078,53,Male,1,Intermediate,263,48.1
R003345,34,Male,1,Intermediate,258,28.2
R065732,55,Male,1,Beginner,263,40.6
R089040,41,Female,3,Beginner,268,20
R065087,39,Male,3,Intermediate,231,20
R032785,52,Male,2,Intermediate,255,38.7
R024825,31,Male,0,Advanced,,20
R097021,47,Female,0,Intermediate,,20
R040897,47,Male,3,Beginner,295,20
R057237,37,Male,1,Advanced,218,20
R087171,60,Male,2,Beginner,301,20
R059429,40,Male,5,Beginner,254,20
R002758,58,Female,4,Advanced,260,49.1
R041835,65,Male,2,Beginner,236,20
R046855,21,Male,2,Beginner,282,116.2250941
R022848,51,Male,2,Beginner,292,31.6
R048415,53,Female,2,Beginner,314,21.9
R010837,21,Male,3,Intermediate,257,22.9
R080257,27,Male,4,Intermediate,212,106.0331254
R078434,25,Male,2,Intermediate,241,32.3
R011074,29,Female,2,Intermediate,242,28.5
R012033,48,Male,1,Beginner,254,36.5
R077156,53,Male,0,Beginner,,20.5
R027763,64,Male,2,Intermediate,242,28.2
R072359,57,Male,2,Intermediate,231,20
R014408,27,Male,1,Beginner,271,32.3
R090465,58,Female,1,Intermediate,269,32.6
R002584,56,Male,1,Beginner,283,20
R054096,50,Female,4,Beginner,286,24.7
R048715,37,Male,4,Beginner,306,21.5
R080144,30,Female,1,Beginner,271,20
R005039,63,Female,1,Intermediate,269,30.2
R009463,46,Female,6,Beginner,278,24.1
R067936,47,Female,1,Intermediate,268,30
R047747,53,Male,1,Intermediate,291,20.4
R093640,43,Female,2,Beginner,268,31.3
R071331,62,Female,1,Intermediate,278,34.1
R021657,23,Female,4,Beginner,279,39.4
R016629,27,Female,1,Intermediate,252,20.3
R076221,58,Male,0,Beginner,,32.3
R024883,34,Female,2,Beginner,261,20
R081380,40,Female,1,Beginner,229,20
R012584,20,Female,1,Beginner,283,28.8
R070120,25,Female,0,Beginner,,24.1
R040551,59,Female,3,Beginner,291,20
R072269,22,Male,0,Beginner,,20
R039271,56,Female,1,Beginner,324,20
R037206,59,Male,2,Intermediate,266,20
R091121,38,Male,2,Beginner,262,20
R019369,38,Female,4,Beginner,309,30.8
R010915,53,Male,1,Beginner,273,43.5
R012239,49,Male,2,Beginner,303,20
R083115,63,Female,4,Beginner,244,20
R095169,18,Male,5,Intermediate,199,20
R038446,50,Male,3,Intermediate,256,46.2
R070529,34,Female,4,Beginner,243,22.1
R072742,37,Female,0,Beginner,,20
R068468,46,Female,1,Intermediate,250,28.4
R054493,64,Male,0,Beginner,,20
R007951,56,Male,2,Beginner,245,37.6
R080218,46,Female,5,Intermediate,307,100.2348313
R036088,28,Male,4,Advanced,250,20
R053532,52,Female,1,Intermediate,241,42.7
R038736,53,Female,1,Intermediate,293,26.2
R071950,51,Female,2,Beginner,292,20
R077467,34,Female,1,Beginner,278,20.3
R066413,36,Male,3,Beginner,298,40.7
R077120,52,Female,0,Advanced,,20
R064697,30,Female,1,Beginner,283,30.5
R023748,27,Female,4,Beginner,245,20
R091523,40,Female,1,Intermediate,266,20
R098678,63,Male,2,Advanced,205,27.5
R051695,44,Non-binary,4,Intermediate,251,34
R039827,18,Male,2,Advanced,228,45.2
R067873,42,Female,0,Advanced,,23.3
R092930,35,Female,0,Intermediate,,27
R061964,53,Female,0,Intermediate,,20
R055332,47,Male,0,Advanced,,20
R002530,25,Female,1,Advanced,226,41.4
R065662,44,Female,0,Advanced,,44.4
R079230,41,Female,6,Beginner,268,33.7
R018088,35,Female,7,Intermediate,288,20
R059585,56,Female,2,Intermediate,237,22.3
R075258,60,Male,4,Beginner,267,20
R038657,21,Male,2,Beginner,315,20
R048173,48,Female,2,Intermediate,236,50.8
R002267,25,Female,1,Beginner,310,28.6
R037978,44,Female,0,Beginner,,23.2
R042908,44,Female,1,Beginner,212,20
R076026,62,Male,3,Beginner,289,20
R005674,44,Male,0,Beginner,,20
R061186,21,Male,2,Advanced,225,44.1
R083669,41,Male,0,Advanced,,20
R067979,18,Female,1,Intermediate,243,28.4
R042223,65,Female,0,Advanced,,49.6
R038008,64,Female,3,Advanced,193,20
R080428,46,Female,2,Beginner,273,34.2
R035539,35,Male,1,Advanced,235,20
R039970,26,Female,3,Beginner,254,20
R006381,46,Male,4,Beginner,306,20
R054410,21,Male,0,Advanced,,20
R085030,29,Non-binary,3,Advanced,207,20
R071132,20,Male,1,Beginner,261,29.2
R086551,46,Male,0,Intermediate,,20
R013992,42,Male,1,Beginner,308,22.3
R098047,54,Female,3,Intermediate,280,31.4
R042725,65,Female,1,Intermediate,203,20
R068658,45,Male,2,Beginner,281,25.9
R024178,46,Male,3,Beginner,272,20
R087583,34,Female,1,Advanced,201,36.8
R070900,35,Male,2,Beginner,294,20
R012862,63,Female,3,Beginner,267,28.9
R039680,21,Male,1,Beginner,285,20
R028055,28,Female,1,Intermediate,220,20
R032939,32,Male,3,Intermediate,269,20
R001665,57,Male,4,Beginner,256,26.2
R039516,52,Female,2,Beginner,315,35
R069907,22,Male,0,Beginner,,40.3
R090943,30,Female,0,Intermediate,,50.6
R055590,19,Male,0,Intermediate,,44.4
R058115,33,Male,3,Intermediate,254,20
R003328,29,Male,4,Advanced,214,20
R073318,27,Female,2,Beginner,322,29.2
R037111,41,Male,0,Intermediate,,35.7
R098818,51,Female,3,Beginner,261,28.8
R006843,33,Female,1,Advanced,206,119.6378367
R010723,45,Male,0,Beginner,,20
R000640,24,Non-binary,2,Advanced,217,76
R016420,34,Male,0,Intermediate,,20
R092278,45,Female,3,Intermediate,237,34.5
R043171,56,Female,2,Beginner,268,20
R016049,27,Female,2,Beginner,293,20
R065694,44,Female,1,Beginner,256,41.8
R031951,47,Male,2,Beginner,262,21.6
R050799,62,Female,0,Beginner,,46.9
R028734,62,Female,1,Intermediate,189,58
R088476,58,Female,3,Advanced,259,20
R087683,63,Female,3,Intermediate,216,32
R045368,57,Female,0,Beginner,,20
R026638,63,Male,2,Beginner,292,20
R070354,56,Male,2,Intermediate,323,20
R074414,43,Male,1,Beginner,286,20
R027672,23,Female,2,Beginner,263,20
R057297,53,Non-binary,0,Beginner,,20
R091537,48,Female,0,Beginner,,20
R099669,28,Male,1,Intermediate,216,55.6
R057859,29,Male,3,Beginner,250,20
R004591,39,Female,2,Beginner,289,20
R039483,30,Female,3,Intermediate,278,20
R004971,25,Female,4,Advanced,188,25.9
R034963,28,Male,4,Intermediate,205,45.2
R007468,31,Male,1,Beginner,296,26.5
R089336,38,Female,0,Intermediate,,28.5
R010013,26,Male,2,Beginner,308,40.1
R041403,21,Male,2,Beginner,314,28.5
R016478,37,Female,2,Beginner,241,20
R044735,55,Female,0,Intermediate,,40.5
R037795,20,Female,6,Intermediate,230,20
R014656,18,Female,1,Intermediate,241,20
R033163,50,Male,2,Beginner,326,20
R010433,42,Female,4,Beginner,332,38.6
R003812,30,Male,1,Beginner,303,30.3
R075419,56,Female,1,Advanced,218,28
R068451,63,Male,2,Intermediate,265,20
R019798,63,Male,3,Beginner,243,20
R035331,41,Male,2,Beginner,268,45.3
R059928,54,Male,0,Intermediate,,26.7
R015735,61,Female,2,Beginner,300,37
R081718,46,Male,1,Beginner,288,20
R048671,42,Female,4,Intermediate,234,32.1
R088458,43,Female,3,Intermediate,238,20
R051597,24,Female,1,Advanced,179,27.4
R004993,64,Male,2,Beginner,299,20
R094251,59,Female,1,Beginner,312,38.9
R095537,59,Female,3,Intermediate,234,54.7
R077345,53,Male,2,Beginner,349,20
R070797,37,Male,0,Beginner,,20
R002145,50,Female,1,Beginner,267,20
R026654,30,Female,4,Beginner,317,20
R013057,52,Female,4,Beginner,267,20
R020164,65,Female,2,Intermediate,243,20
R033926,32,Female,1,Beginner,278,105.6917296
R076459,21,Female,1,Intermediate,185,20
R085462,40,Male,3,Intermediate,258,20
R083002,48,Male,1,Beginner,295,26.2
R092908,27,Male,1,Beginner,276,40.1
R003544,20,Female,1,Beginner,278,27.8
R042822,37,Male,2,Intermediate,211,107.0761369
R034288,26,Male,3,Intermediate,298,20
R044032,64,Female,1,Intermediate,251,29.4
R025034,29,Male,0,Intermediate,,44.6
R082924,55,Female,3,Beginner,310,20
R083625,20,Female,3,Advanced,234,20
R079681,19,Male,1,Advanced,238,29.1
R002786,44,Female,2,Beginner,267,33.9
R007891,24,Male,1,Advanced,258,38.9
R022045,42,Female,3,Beginner,297,27.9
R025695,47,Male,3,Beginner,290,20
R096002,26,Male,2,Advanced,251,20
R071730,19,Female,3,Advanced,210,35.3
R014270,40,Female,1,Intermediate,251,20
R081308,48,Male,2,Advanced,217,29.6
R038395,32,Female,1,Beginner,290,37.5
R020262,65,Female,0,Intermediate,,34.5
R092421,57,Male,2,Intermediate,293,49.9
R046186,61,Male,2,Beginner,291,20
R014494,35,Female,2,Advanced,230,20
R068080,35,Male,1,Intermediate,246,44.2
R089645,46,Female,0,Intermediate,,26.8
R015212,19,Male,0,Advanced,,20
R036925,26,Male,1,Intermediate,275,29.2
R071786,40,Female,1,Beginner,254,20
R009636,40,Male,4,Beginner,282,24.2
R095495,37,Female,1,Intermediate,282,20
R025241,31,Male,3,Intermediate,224,47.7
R075703,63,Male,5,Beginner,285,23.6
R042404,60,Male,3,Beginner,262,24.7
R072475,42,Female,2,Intermediate,241,39.5
R044287,54,Female,1,Beginner,263,26.3
R078431,51,Female,2,Advanced,232,60.3
R007411,37,Male,3,Beginner,278,43.7
R031398,46,Male,2,Intermediate,261,25.1
R052928,36,Female,2,Intermediate,249,20
R024791,59,Male,3,Intermediate,243,20
R024063,55,Female,3,Beginner,281,20
R015091,23,Female,2,Beginner,292,23.2
R095079,64,Female,1,Intermediate,232,52.8
R023205,26,Male,3,Beginner,294,36.2
R071563,52,Male,1,Beginner,271,20
R021877,25,Female,2,Advanced,238,27
R007269,58,Male,1,Intermediate,225,20
R065298,25,Female,0,Intermediate,,32.1
R012596,61,Female,2,Beginner,310,20
R059282,54,Female,0,Beginner,,20
R038873,42,Female,2,Advanced,250,107.1346308
R022268,42,Male,3,Intermediate,245,20
R090909,51,Male,1,Intermediate,284,20
R031050,30,Male,2,Intermediate,249,20
R053396,28,Female,1,Intermediate,226,47
R088802,55,Female,0,Intermediate,,33.6
R084808,61,Male,1,Advanced,204,20
R086782,23,Female,1,Advanced,205,47
R048447,26,Female,3,Advanced,201,24.8
R024759,60,Male,5,Advanced,243,32.6
R051822,59,Male,3,Beginner,264,20
R047729,22,Male,1,Intermediate,254,39.4
R050619,21,Female,4,Advanced,227,44.8
R086537,20,Male,2,Beginner,272,20
R073002,53,Male,1,Intermediate,261,45.3
R026858,29,Female,6,Intermediate,223,20
R073853,52,Female,2,Beginner,260,22.5
R035140,20,Male,4,Advanced,201,20
R000680,28,Female,5,Beginner,273,20
R038949,51,Female,1,Beginner,264,20
R059380,59,Male,2,Advanced,231,52.3
R029108,19,Female,4,Advanced,213,53.1
R060293,61,Non-binary,3,Beginner,293,20
R051207,33,Male,2,Beginner,311,20
R061318,31,Male,1,Advanced,191,38.4
R086579,61,Male,2,Beginner,299,20
R061143,58,Male,1,Intermediate,260,35.6
R042870,44,Female,1,Advanced,243,29.7
R040493,28,Female,4,Beginner,282,49.8
R047440,45,Male,1,Beginner,303,20
R016826,52,Female,6,Intermediate,261,20
R086841,56,Male,6,Intermediate,249,32.5
R000135,31,Female,1,Advanced,163,47.9
R038092,33,Male,1,Beginner,307,20
R099057,62,Female,1,Beginner,284,23.4
R049607,18,Male,3,Beginner,272,20
R088020,60,Male,5,Beginner,293,24.9
R066087,40,Female,0,Beginner,,20
R027066,57,Male,2,Intermediate,202,33.5
R093289,30,Male,3,Intermediate,263,27.5
R005419,38,Female,2,Intermediate,272,27.8
R010002,39,Male,0,Advanced,,39.7
R087185,64,Male,2,Advanced,210,33.8
R001113,19,Female,2,Beginner,228,34.1
R051259,46,Female,0,Beginner,,29.8
R024234,28,Male,1,Beginner,292,23.3
R078701,47,Female,1,Advanced,239,29.7
R014602,34,Male,1,Beginner,292,41.2
R008939,29,Female,2,Advanced,260,37.1
R096185,39,Female,1,Beginner,303,116.1854803
R001262,25,Male,6,Beginner,287,20
R007940,59,Female,1,Intermediate,251,20
R011313,37,Male,2,Advanced,232,46.3
R049469,21,Male,4,Intermediate,207,20
R011898,55,Female,2,Advanced,213,41.6
R062080,61,Male,2,Advanced,181,20
R034914,20,Female,1,Intermediate,230,42.6
R071875,36,Female,2,Beginner,322,20
R025586,22,Female,1,Intermediate,272,59.2
R030259,62,Male,3,Advanced,243,72.3
R039450,21,Male,4,Intermediate,235,22.1
R060397,24,Female,3,Beginner,267,105.7517802
R060778,33,Female,3,Intermediate,249,32
R034779,64,Male,2,Beginner,264,20
R001943,59,Male,2,Beginner,337,47.4
R025191,23,Female,1,Intermediate,241,24.1
R040604,47,Female,4,Beginner,287,20
R019189,21,Male,3,Intermediate,261,46.7
R057565,52,Female,0,Advanced,,20
R051128,64,Male,1,Intermediate,268,33.2
R034621,32,Male,3,Intermediate,269,21.5
R016076,49,Female,2,Advanced,239,34.4
R086370,63,Male,4,Intermediate,189,34.6
R087850,57,Male,1,Intermediate,274,20
R081934,18,Male,1,Beginner,303,119.3999038
R037929,39,Female,3,Advanced,236,55
R092666,29,Female,2,Intermediate,223,20
R055072,52,Male,3,Beginner,260,23.5
R038573,65,Male,1,Beginner,280,20.6
R051173,35,Male,2,Intermediate,245,20
R001384,39,Male,2,Beginner,286,23.7
R063047,46,Male,2,Beginner,278,31.6
R035345,60,Male,2,Intermediate,244,30.7
R056938,23,Female,1,Intermediate,229,20
R089929,33,Female,2,Advanced,235,30.5
R005554,64,Female,0,Intermediate,,45.2
R048744,19,Male,1,Beginner,330,20
R045410,53,Female,1,Beginner,332,20
R044871,40,Male,5,Beginner,294,20
R085731,64,Female,2,Intermediate,266,32.7
R002948,22,Female,1,Intermediate,247,20
R068889,40,Male,2,Beginner,284,20
R054474,42,Male,5,Intermediate,268,20
R012504,41,Male,3,Beginner,344,31.8
R051326,33,Male,3,Intermediate,213,20
R030320,65,Female,2,Intermediate,237,20
R043865,60,Male,0,Beginner,,20
R003291,45,Female,3,Intermediate,230,63
R052646,23,Male,3,Advanced,215,20
R072218,60,Female,1,Beginner,336,20
R031777,21,Female,1,Intermediate,272,20
R023739,44,Male,4,Beginner,241,26
R027143,36,Male,3,Beginner,254,20
R055177,37,Male,1,Advanced,186,41.7
R038069,39,Female,3,Beginner,277,20
R068532,47,Non-binary,0,Beginner,,20
R052658,38,Female,2,Intermediate,255,49.9
R070650,27,Female,0,Intermediate,,23.2
R032992,35,Female,2,Intermediate,242,25.5
R024360,38,Female,1,Beginner,266,33.2
R047905,32,Female,1,Intermediate,258,20
R028933,44,Female,2,Advanced,195,49.8
R094078,32,Male,2,Beginner,269,41.6
R044640,19,Non-binary,4,Intermediate,235,20
R077832,21,Non-binary,1,Intermediate,250,20
R090357,30,Female,1,Beginner,312,55.2
R076050,28,Female,3,Advanced,233,47
R057480,65,Female,3,Beginner,241,20
R090337,59,Female,2,Beginner,244,20
R090506,45,Male,3,Beginner,277,20
R019300,56,Male,4,Intermediate,238,35.9
R009821,39,Male,2,Intermediate,178,32.2
R071828,20,Female,0,Intermediate,,20
R070382,34,Male,4,Beginner,323,22.7
R072678,59,Non-binary,3,Beginner,297,20
R014474,38,Male,3,Beginner,285,110.5794337
R005161,47,Female,3,Beginner,309,23.5
R024146,49,Female,0,Intermediate,,20
R042523,63,Female,3,Advanced,147,20
R092486,29,Female,1,Intermediate,236,29.4
R009598,26,Female,4,Advanced,230,38.8
R023328,64,Male,3,Beginner,283,20
R070774,40,Female,4,Intermediate,255,100.412427
R036150,24,Female,3,Beginner,273,28
R081525,63,Female,1,Intermediate,224,20
R048247,41,Female,2,Advanced,200,30.9
R013359,62,Male,2,Beginner,277,20
R077164,59,Male,1,Beginner,280,20
R039306,49,Male,4,Advanced,245,41.2
R068992,18,Female,6,Intermediate,260,20.1
R034928,50,Female,2,Beginner,258,20
R016654,60,Male,2,Beginner,289,22.3
R092246,38,Non-binary,1,Beginner,239,43.6
R098791,37,Female,2,Advanced,259,20
R085774,57,Male,1,Beginner,280,47.2
R080282,21,Male,5,Intermediate,271,30.2
R042407,46,Female,2,Intermediate,219,26.2
R063738,40,Female,2,Beginner,304,20
R003208,52,Male,4,Beginner,276,20
R000651,27,Female,2,Advanced,212,26.4
R065125,38,Female,1,Beginner,261,20
R061202,33,Male,4,Beginner,251,21.4
R087365,25,Male,0,Advanced,,20
R054979,40,Male,1,Beginner,262,20
R027133,64,Female,3,Intermediate,310,28.1
R015351,33,Male,1,Beginner,285,20
R096894,60,Female,3,Beginner,269,24.3
R059967,55,Female,2,Beginner,251,20
R034023,27,Male,3,Beginner,282,32.6
R007048,58,Male,5,Advanced,249,20
R021729,22,Female,1,Beginner,311,36.4
R061057,21,Male,1,Intermediate,241,44.8
R018526,22,Male,5,Beginner,296,30.7
R009820,35,Female,2,Advanced,242,21.5
R003624,39,Male,2,Beginner,310,25.9
R073145,61,Female,3,Intermediate,263,20.3
R062442,19,Male,3,Intermediate,236,20
R097778,48,Female,2,Advanced,189,35.7
R056043,53,Male,4,Beginner,243,20.1
R045578,61,Male,4,Intermediate,261,20
R088351,18,Female,2,Advanced,213,36.4
R006117,39,Female,1,Beginner,273,20
R006481,40,Male,4,Intermediate,289,20.1
R077376,51,Male,0,Intermediate,,20
R006454,48,Female,0,Intermediate,,20
R040197,38,Male,2,Beginner,269,20
R052230,40,Female,4,Intermediate,209,36.8
R003465,62,Male,0,Beginner,,28.1
R032668,27,Male,2,Beginner,271,22
R060771,60,Female,0,Beginner,,20
R082719,43,Female,3,Beginner,303,20
R032690,30,Male,3,Advanced,211,35.1
R094970,27,Female,4,Advanced,173,68.9
R025720,35,Male,4,Beginner,279,20
R054652,34,Male,2,Advanced,272,44.9
R016827,23,Female,0,Beginner,,20
R005834,45,Female,3,Advanced,214,20
R077867,20,Female,2,Beginner,302,20
R026966,42,Female,0,Beginner,,20
R046009,27,Male,1,Intermediate,248,53.4
R049913,52,Female,1,Beginner,272,20
R056359,34,Male,4,Beginner,258,28.6
R044327,44,Male,1,Intermediate,211,20
R020696,53,Male,3,Beginner,296,30.8
R011877,27,Male,1,Advanced,186,27.8
R020439,60,Female,3,Advanced,238,66.5
R072405,44,Male,0,Intermediate,,40.1
R026051,19,Male,1,Beginner,252,20
R036283,25,Male,4,Beginner,291,20
R062531,45,Non-binary,0,Beginner,,20
R000493,51,Male,2,Beginner,306,21.5
R014888,37,Male,3,Intermediate,268,25.2
R047395,48,Male,3,Intermediate,238,20
R062552,59,Female,2,Intermediate,244,38.4
R000484,56,Male,1,Beginner,310,20
R095714,47,Female,1,Advanced,238,46.3
R017353,26,Female,1,Intermediate,216,20
R061840,35,Male,5,Beginner,294,20
R052855,43,Female,0,Beginner,,43.6
R044277,52,Male,1,Advanced,217,35
R088373,25,Female,2,Beginner,270,20
R021696,47,Female,2,Intermediate,252,26
R042764,57,Female,3,Beginner,297,31.1
R035604,26,Male,5,Beginner,297,49.8
R083920,59,Male,4,Intermediate,272,20
R093606,46,Male,3,Beginner,310,23.4
R028231,34,Male,1,Beginner,270,20
R099634,31,Female,1,Beginner,304,20
R046607,43,Male,4,Intermediate,283,38.8
R045391,25,Female,0,Beginner,,20
R038310,43,Male,1,Beginner,265,20
R035888,35,Male,6,Advanced,209,41.6
R079459,60,Male,0,Intermediate,,20
R023981,18,Male,3,Intermediate,296,20
R002864,56,Male,7,Advanced,163,41.2
R079447,26,Female,2,Beginner,261,38.6
R087155,47,Male,2,Advanced,212,20
R033725,28,Female,5,Intermediate,254,43.1
R057901,38,Male,2,Intermediate,266,55.1
R049089,50,Male,0,Beginner,,36.1
R048163,40,Female,3,Beginner,272,20
R014386,65,Female,3,Advanced,193,25.1
R085253,23,Female,1,Advanced,225,31.9
R059057,24,Non-binary,1,Beginner,258,21.5
R002679,41,Female,2,Beginner,267,28.8
R019314,26,Female,5,Beginner,285,37.3
R027728,62,Female,1,Beginner,273,25.4
R051415,29,Male,2,Beginner,303,24
R008195,42,Female,2,Beginner,294,20
R045648,49,Female,4,Intermediate,268,20
R013644,65,Female,0,Advanced,,24.7
R013201,62,Male,2,Beginner,309,20
R021349,53,Male,2,Beginner,282,20
R047713,60,Female,5,Beginner,279,37.1
R092072,33,Male,1,Beginner,319,20
R094690,43,Male,1,Advanced,171,47.3
R064144,58,Male,1,Intermediate,267,24.9
R005601,57,Male,1,Intermediate,298,63.4
R098837,35,Female,0,Beginner,,20
R060415,54,Male,2,Intermediate,249,20
R046894,52,Female,1,Intermediate,243,37.6
R086317,41,Female,2,Advanced,240,32.9
R093172,33,Male,0,Beginner,,42.2
R078519,59,Female,3,Intermediate,243,103.8787106
R050911,58,Male,0,Beginner,,24.5
R097041,22,Male,5,Intermediate,249,22.4
R096422,46,Female,1,Beginner,289,41.9
R060567,62,Male,5,Beginner,296,20
R093994,31,Non-binary,2,Beginner,290,20.2
R020280,62,Female,3,Advanced,223,37.6
R000899,40,Female,1,Intermediate,220,20
R026994,38,Female,3,Beginner,303,20
R093493,27,Female,3,Intermediate,220,20
R069938,54,Female,2,Advanced,253,106.4399876
R066511,50,Female,1,Advanced,191,20
R043498,24,Male,2,Intermediate,253,42.2
R057773,65,Female,1,Advanced,189,42.9
R077786,61,Female,0,Advanced,,65.8
R065340,44,Female,1,Beginner,244,28.6
R013156,22,Male,3,Intermediate,258,20
R051499,24,Male,1,Beginner,306,20
R030783,60,Male,2,Beginner,338,20
R037051,42,Male,0,Beginner,,24.9
R074176,47,Female,0,Beginner,,20
R064422,22,Female,3,Beginner,248,20
R002823,60,Female,3,Intermediate,289,39.5
R067562,44,Female,1,Advanced,236,21.4
R031848,58,Male,1,Advanced,216,20
R038434,29,Male,0,Beginner,,26
R023689,44,Male,2,Beginner,328,20
R051859,58,Male,0,Advanced,,20
R026503,23,Male,4,Beginner,298,20
R033595,50,Female,6,Beginner,317,20
R074925,44,Male,1,Beginner,271,35.3
R083040,30,Female,0,Beginner,,27
R097928,49,Male,5,Beginner,265,38.9
R097775,48,Female,3,Advanced,251,26.2
R021474,64,Male,1,Intermediate,274,20
R095965,35,Male,3,Beginner,256,25.3
R048244,59,Male,1,Intermediate,246,31.9
R029126,49,Female,1,Beginner,273,20
R082705,24,Male,1,Advanced,213,20
R093886,27,Male,1,Advanced,224,20
R066501,40,Male,2,Intermediate,236,20
R093648,36,Female,4,Beginner,261,20
R004489,50,Female,3,Beginner,276,20
R055866,24,Male,4,Intermediate,226,20
R087006,55,Female,1,Advanced,183,29.7
R049512,52,Male,2,Intermediate,302,20
R076374,37,Male,1,Intermediate,234,20
R022549,20,Female,0,Beginner,,24.4
R034384,56,Female,1,Beginner,253,32.9
R002514,42,Female,4,Beginner,312,20
R075298,35,Female,4,Intermediate,274,20
R077275,39,Male,3,Advanced,258,62.3
R062845,41,Female,2,Intermediate,245,31.9
R051984,41,Female,1,Advanced,148,20
R030849,58,Male,2,Intermediate,232,21.3
R077030,54,Female,3,Intermediate,232,30.3
R093477,33,Male,1,Intermediate,204,54
R062492,62,Male,1,Beginner,296,20
R010152,28,Male,2,Beginner,303,20
R081923,47,Male,5,Beginner,272,20
R042455,44,Male,0,Beginner,,33.9
R014902,27,Female,4,Intermediate,244,20
R054858,32,Female,2,Advanced,247,20
R021691,22,Male,4,Advanced,244,58.4
R041885,45,Female,2,Intermediate,207,42.9
R007456,34,Female,4,Beginner,235,20
R019858,43,Male,0,Advanced,,20
R052107,43,Female,3,Intermediate,230,28.2
R084825,28,Male,4,Advanced,200,24.7
R038997,30,Male,2,Beginner,257,30.7
R081424,47,Male,2,Beginner,290,20
R094974,41,Male,2,Beginner,308,25.9
R042221,58,Male,1,Advanced,237,24
R081724,52,Female,1,Beginner,338,20
R048687,59,Female,1,Advanced,208,20
R058749,60,Female,2,Advanced,207,31
R056844,42,Male,2,Beginner,275,20
R087598,32,Male,2,Advanced,219,52.1
R070627,36,Female,0,Intermediate,,33
R031439,39,Female,2,Intermediate,222,49.3
R037302,40,Female,2,Beginner,302,20
R026836,51,Male,2,Advanced,240,33.8
R086115,29,Female,4,Beginner,252,114.0680501
R096709,41,Non-binary,1,Beginner,312,117.6667599
R035609,35,Male,0,Beginner,,38.8
R050524,20,Female,3,Beginner,274,20
R056390,39,Male,3,Beginner,304,20
R094568,47,Female,1,Beginner,352,53.7
R033182,27,Male,0,Beginner,,20
R042864,37,Female,2,Beginner,249,33.6
R017609,34,Male,4,Beginner,266,35.5
R023265,26,Female,4,Beginner,257,25
R022698,23,Male,4,Intermediate,220,20
R024613,63,Male,2,Beginner,297,20
R045464,51,Non-binary,1,Beginner,291,20
R051869,61,Male,0,Beginner,,20
R036595,18,Female,3,Advanced,248,30.7
R006685,38,Female,0,Beginner,,36.4
R012759,62,Female,4,Beginner,251,37.5
R092939,47,Female,2,Intermediate,267,20
R015500,24,Male,2,Beginner,306,20
R099341,59,Male,0,Beginner,,20
R077495,62,Female,3,Advanced,251,20
R067565,42,Non-binary,4,Beginner,289,20
R005858,62,Female,3,Intermediate,271,49.8
R011050,45,Female,2,Intermediate,254,20
R082028,54,Male,1,Advanced,234,41.9
R035799,32,Male,5,Beginner,260,20
R014959,56,Female,5,Intermediate,250,113.1994186
R061277,36,Female,2,Beginner,281,20
R045318,60,Male,1,Intermediate,305,27.7
R050280,46,Male,2,Advanced,201,46.7
R095510,45,Female,4,Intermediate,259,20
R097474,39,Male,3,Intermediate,261,32.8
R019797,36,Female,2,Beginner,249,36.5
R016138,28,Female,0,Beginner,,20
R044554,42,Male,2,Beginner,285,42.3
R078182,20,Female,0,Intermediate,,22.9
R024072,42,Male,2,Beginner,275,31
R001062,36,Male,4,Advanced,207,50
R051602,21,Male,3,Intermediate,232,27.3
R061962,30,Male,3,Advanced,188,31.8
R094390,59,Female,1,Intermediate,314,20
R014344,23,Female,1,Beginner,309,20
R017191,21,Male,2,Beginner,264,58.8
R007160,31,Male,1,Beginner,254,21.4
R081456,39,Male,2,Beginner,252,40.4
R010911,19,Female,1,Beginner,297,20
R084116,38,Male,0,Beginner,,24.5
R003121,63,Female,1,Intermediate,230,22.9
R067248,37,Female,0,Beginner,,20
R093208,20,Female,3,Beginner,275,31.2
R001568,47,Female,2,Beginner,242,22.9
R011281,35,Male,0,Beginner,,20.9
R065594,56,Female,1,Intermediate,262,109.387601
R015566,55,Male,2,Intermediate,271,38
R085249,33,Male,5,Beginner,312,20
R054654,29,Male,1,Intermediate,248,38.4
R015338,59,Male,1,Advanced,179,20
R081870,59,Female,1,Beginner,283,20
R015881,26,Female,3,Intermediate,253,55.8
R067453,59,Female,4,Intermediate,258,20
R033243,55,Male,3,Beginner,326,22.9
R074433,50,Male,2,Beginner,296,31.6
R001916,57,Male,1,Beginner,299,20
R055955,33,Male,1,Advanced,196,72.9
R015743,23,Female,0,Beginner,,20
R056277,24,Male,3,Beginner,273,20
R042244,33,Male,1,Beginner,250,47.6
R078640,54,Female,3,Advanced,246,59
R026828,41,Female,0,Beginner,,20
R015872,48,Female,1,Beginner,299,27.2
R097257,58,Female,2,Beginner,235,110.7622014
R073608,48,Male,0,Beginner,,24.1
R022317,32,Male,3,Beginner,265,45.6
R027446,23,Female,0,Intermediate,,32
R051307,56,Male,1,Beginner,311,20.3
R037566,29,Male,1,Beginner,269,30.5
R003406,57,Male,2,Intermediate,213,20
R096673,50,Male,0,Beginner,,115.8571992
R038216,37,Female,0,Intermediate,,31.5
R016969,33,Male,1,Intermediate,241,20
R073891,47,Female,2,Intermediate,195,20
R021063,37,Female,1,Beginner,283,34.9
R028344,40,Male,3,Advanced,197,53.4
R088833,53,Male,6,Beginner,257,21.4
R075795,47,Male,2,Beginner,277,32.5
R085112,45,Female,0,Beginner,,20
R096328,43,Male,3,Intermediate,246,114.7824004
R029913,37,Female,3,Advanced,230,20
R077795,19,Female,1,Advanced,215,109.1434484
R026564,43,Male,0,Advanced,,47.9
R050296,21,Male,0,Beginner,,24.8
R024053,42,Female,1,Intermediate,243,20
R092543,23,Female,1,Beginner,295,22.1
R006451,54,Female,4,Beginner,317,20
R028732,46,Male,4,Beginner,273,28.7
R085246,32,Female,2,Intermediate,256,47.9
R092826,39,Female,3,Beginner,250,20
R091431,39,Female,2,Beginner,284,30.1
R022180,45,Female,2,Beginner,254,20
R072690,19,Male,0,Beginner,,20
R059588,42,Male,1,Beginner,269,20
R005415,47,Female,1,Intermediate,265,26.2
R050679,40,Female,2,Intermediate,216,52.6
R033185,37,Female,1,Intermediate,302,32.7
R041333,28,Female,1,Beginner,285,20
R030309,64,Male,0,Intermediate,,30
R070273,57,Female,2,Beginner,331,20
R031994,58,Female,1,Beginner,288,20
R086210,49,Male,2,Beginner,296,20
R048239,52,Male,1,Intermediate,244,26.1
R031476,45,Male,3,Intermediate,249,20
R075736,46,Female,1,Intermediate,315,44.3
R015941,54,Non-binary,1,Beginner,274,20
R000191,26,Female,3,Intermediate,271,20
R087617,30,Female,3,Beginner,276,109.8947795
R059990,37,Male,2,Advanced,312,33.7
R037554,19,Female,3,Beginner,306,20
R058184,37,Male,4,Beginner,274,29.8
R033306,27,Female,1,Intermediate,216,24.6
R045087,21,Female,4,Advanced,206,50.8
R049900,29,Female,2,Beginner,251,20
R079921,59,Female,2,Intermediate,218,20
R089349,39,Female,2,Beginner,294,31.1
R055828,43,Male,5,Advanced,214,50.8
R007538,27,Female,2,Beginner,245,20
R074188,38,Female,5,Beginner,259,20
R047188,32,Male,4,Beginner,277,26.1
R051962,24,Male,3,Beginner,305,20
R072465,31,Male,3,Beginner,312,31.1
R041388,26,Male,3,Intermediate,284,20
R045981,29,Female,1,Beginner,243,118.6594887
R078953,58,Female,3,Advanced,199,35.2
R019784,47,Female,1,Beginner,270,20
R027764,60,Male,0,Intermediate,,20
R007349,63,Female,3,Intermediate,260,32.5
R029985,21,Female,2,Beginner,265,20
R059119,47,Female,2,Beginner,289,20
R027044,46,Male,1,Beginner,277,20
R061377,55,Male,1,Beginner,274,20
R059298,60,Male,1,Beginner,266,20
R039601,43,Female,2,Beginner,271,20
R002856,27,Female,1,Advanced,223,56
R085412,28,Female,1,Intermediate,266,23.1
R085907,50,Female,4,Beginner,305,20
R027515,44,Female,2,Advanced,199,20
R056012,55,Male,2,Intermediate,232,47.6
R005168,30,Male,1,Intermediate,313,27.5
R082451,32,Female,1,Beginner,265,42
R079602,52,Female,0,Beginner,,25.2
R033518,37,Male,1,Beginner,285,20
R078937,30,Male,4,Beginner,266,20
R081012,30,Female,5,Beginner,275,31.7
R032270,38,Female,6,Intermediate,276,43.9
R090939,42,Female,1,Advanced,226,53.5
R000955,62,Male,0,Intermediate,,36.3
R009814,36,Female,2,Beginner,252,25.5
R091488,51,Female,3,Advanced,248,25.7
R055237,45,Male,3,Advanced,201,48.7
R032305,43,Male,2,Advanced,232,40.7
R074265,27,Male,2,Beginner,250,21.3
R039082,22,Male,1,Intermediate,245,25.2
R038676,22,Male,6,Beginner,284,20
R016267,35,Female,2,Beginner,275,20
R010219,51,Female,3,Beginner,300,22.2
R064922,26,Female,3,Advanced,188,23.5
R074484,55,Male,1,Beginner,234,60.8
R065769,34,Female,2,Intermediate,256,22.5
R013699,22,Female,0,Intermediate,,28.6
R001255,64,Male,1,Beginner,291,29.7
R026224,49,Male,1,Beginner,257,50.5
R028078,36,Male,2,Beginner,318,20
R088470,39,Female,5,Beginner,302,29.8
R050331,24,Female,0,Beginner,,61.5
R029723,42,Female,2,Beginner,300,23.3
R049239,26,Male,1,Beginner,251,20
R093114,28,Male,4,Advanced,236,29.3
R065005,22,Non-binary,5,Intermediate,213,57.9
R008816,22,Female,1,Beginner,227,26.6
R041472,35,Female,1,Beginner,285,20
R006322,53,Male,2,Beginner,313,20
R089213,23,Male,4,Intermediate,239,54.8
R019439,49,Male,3,Beginner,262,20
R024530,50,Male,2,Intermediate,290,20.1
R005637,29,Male,5,Beginner,291,20
R035117,18,Female,1,Beginner,269,37.8
R044994,37,Male,1,Intermediate,191,20
R021023,37,Male,5,Intermediate,232,27.2
R031679,26,Male,2,Beginner,259,20
R077696,63,Female,2,Advanced,272,20
R045703,23,Female,1,Advanced,202,43.8
R093972,50,Male,0,Advanced,,20
R008158,22,Female,2,Intermediate,257,23.3
R018433,39,Male,3,Advanced,211,25.7
R074868,51,Female,1,Intermediate,256,29.9
R045637,49,Female,0,Beginner,,20
R022694,35,Female,1,Intermediate,244,20
R049550,63,Male,1,Advanced,224,36.4
R021266,43,Female,2,Intermediate,260,47.6
R050960,52,Male,1,Intermediate,273,36.9
R056367,55,Male,3,Beginner,307,20
R076768,30,Male,4,Beginner,295,20
R038778,29,Male,2,Advanced,234,45.1
R065243,32,Female,4,Advanced,246,60.7
R089219,38,Female,1,Advanced,233,20
R013048,31,Female,2,Beginner,270,50
R075441,55,Male,1,Beginner,304,34
R007762,33,Female,5,Intermediate,219,50.8
R078935,46,Female,1,Beginner,281,20
R017091,60,Female,3,Beginner,307,20
R064154,19,Male,3,Beginner,296,30.5
R066962,62,Female,5,Intermediate,271,43.7
R045853,53,Female,1,Intermediate,286,20
R063766,63,Male,2,Beginner,295,108.3721057
R021056,34,Female,1,Intermediate,273,28.3
R050134,41,Female,2,Intermediate,230,20
R049129,44,Male,0,Beginner,,50.3
R050001,52,Female,2,Beginner,236,20
R041737,39,Male,2,Beginner,255,37.9
R055246,33,Male,0,Beginner,,20
R055407,31,Female,1,Intermediate,242,35
R016128,37,Male,1,Beginner,232,20
R053061,24,Male,2,Intermediate,254,21.1
R094826,25,Male,1,Intermediate,236,60.6
R023304,46,Female,1,Beginner,252,33.3
R080223,30,Male,2,Advanced,244,31.2
R076475,42,Male,3,Intermediate,245,34.6
R006705,62,Female,0,Beginner,,37
R076954,27,Male,2,Intermediate,226,20.8
R065677,36,Female,2,Advanced,190,21.7
R014779,41,Male,4,Beginner,312,29.7
R072677,20,Female,2,Beginner,277,26.9
R069526,36,Female,1,Beginner,273,20
R018764,62,Female,2,Intermediate,260,20
R046967,60,Male,2,Intermediate,198,29.3
R011246,38,Male,3,Advanced,225,52.3
R007743,29,Male,2,Intermediate,246,20
R083767,60,Male,4,Beginner,278,35.7
R097699,51,Male,1,Intermediate,245,118.2097756
R033249,44,Male,3,Beginner,276,27.2
R060630,59,Female,1,Beginner,286,20
R079463,40,Male,4,Intermediate,247,20
R029181,64,Female,6,Beginner,272,20
R020306,29,Female,3,Beginner,297,51.3
R019173,32,Male,1,Beginner,243,20
R028140,34,Female,0,Beginner,,24.2
R056600,32,Male,2,Intermediate,248,34
R089922,37,Female,0,Intermediate,,44.5
R010498,32,Male,3,Beginner,279,54.1
R017517,50,Female,3,Intermediate,248,20
R061726,52,Male,1,Advanced,215,39.8
R041299,65,Male,1,Beginner,288,50
R064554,34,Male,1,Beginner,240,20
R053281,46,Male,2,Intermediate,232,20
R091106,36,Male,0,Beginner,,20
R093122,47,Non-binary,0,Advanced,,20
R048809,63,Male,0,Beginner,,20
R087150,52,Male,4,Advanced,202,20
R007373,24,Female,0,Intermediate,,20
R042547,26,Female,2,Intermediate,218,30
R010254,40,Female,4,Beginner,263,20
R014055,34,Male,3,Advanced,203,24.2
R093830,23,Male,1,Beginner,263,20
R032926,34,Female,1,Intermediate,246,28.2
R062056,57,Female,3,Beginner,262,20
R007996,62,Male,2,Beginner,301,29.4
R018275,62,Male,1,Advanced,216,47
R052530,58,Female,4,Intermediate,235,20
R060704,18,Female,1,Beginner,254,20
R074542,37,Male,4,Beginner,278,20
R047881,36,Male,1,Intermediate,227,53.7
R073437,63,Male,2,Beginner,296,20
R084831,43,Male,1,Beginner,272,20
R064214,35,Non-binary,2,Intermediate,263,20
R055317,45,Male,2,Advanced,240,35
R038871,20,Male,1,Advanced,247,29.4
R030967,39,Male,3,Advanced,272,38.3
R062723,61,Non-binary,5,Intermediate,237,25.2
R080210,41,Male,1,Advanced,217,21.2
R016798,20,Male,1,Intermediate,234,20
R077076,19,Male,3,Advanced,226,61.4
R003127,29,Male,1,Beginner,258,31.9
R092287,48,Male,0,Beginner,,20
R024623,26,Male,2,Intermediate,241,20
R080925,44,Female,2,Beginner,281,20
R099566,47,Female,1,Advanced,196,34
R028677,59,Female,2,Beginner,244,20
R037009,41,Female,2,Beginner,255,33.4
R082457,22,Female,2,Beginner,294,20
R065679,43,Male,2,Beginner,279,20
R032636,31,Female,5,Beginner,279,25.6
R050127,65,Male,1,Advanced,244,20
R047584,63,Male,4,Beginner,289,34.8
R017598,62,Male,1,Intermediate,237,20
R037684,48,Female,3,Intermediate,273,20
R022389,29,Female,3,Beginner,293,38.3
R088348,41,Female,1,Beginner,275,20
R098899,41,Female,2,Beginner,270,20
R071618,40,Male,2,Beginner,287,20
R058082,55,Male,2,Beginner,279,20
R086532,47,Male,3,Beginner,289,20
R009543,25,Male,1,Beginner,280,34.5
R008538,43,Male,2,Intermediate,277,52.6
R067236,19,Female,3,Beginner,285,20
R065269,65,Female,3,Intermediate,247,20
R048723,59,Male,3,Beginner,325,20
R091581,64,Female,1,Beginner,260,20
R042378,50,Male,6,Beginner,327,20
R078088,63,Male,4,Advanced,224,36.8
R070526,63,Male,2,Beginner,238,36.1
R072306,63,Female,2,Beginner,292,23.8
R090477,33,Female,3,Advanced,235,34.6
R010460,44,Male,3,Beginner,297,20
R060537,60,Male,3,Advanced,230,31.5
R034519,65,Male,1,Intermediate,209,20
R012007,24,Female,3,Beginner,279,20
R057413,34,Female,1,Beginner,276,38
R038066,31,Male,1,Advanced,226,20
R032532,21,Male,2,Intermediate,265,30.3
R070937,65,Male,4,Beginner,278,30.3
R055693,65,Male,1,Advanced,230,20
R042623,50,Female,0,Intermediate,,41.1
R007875,55,Female,0,Advanced,,20
R095486,49,Female,5,Beginner,296,20
R021423,40,Female,4,Beginner,291,20
R074427,41,Male,1,Advanced,240,20
R095590,27,Female,1,Intermediate,266,24
R067146,58,Male,1,Intermediate,273,20
R038909,45,Male,6,Intermediate,254,113.2273742
R050868,31,Male,1,Beginner,254,20
R079512,23,Female,1,Advanced,228,27
R025856,58,Female,3,Intermediate,251,38.6
R065961,18,Female,2,Beginner,261,20
R035304,55,Female,2,Intermediate,240,25.9
R031563,48,Male,4,Intermediate,246,35.1
R066363,60,Male,3,Intermediate,236,24
R042712,50,Male,3,Intermediate,256,31
R024301,60,Male,1,Beginner,240,20
R022502,49,Female,1,Advanced,183,65.1
R046272,52,Female,2,Beginner,283,20
R004328,51,Male,2,Beginner,237,20
R065473,45,Male,3,Beginner,276,27.7
R095534,34,Female,1,Intermediate,242,20
R030538,53,Male,3,Advanced,197,61.4
R040487,65,Male,1,Advanced,223,20
R013211,42,Female,0,Beginner,,20
R052696,60,Female,2,Beginner,266,32.8
R030752,61,Male,3,Beginner,297,29.8
R001323,37,Male,3,Beginner,244,20
R030072,39,Female,3,Beginner,234,114.1404506
R082953,64,Female,2,Beginner,264,29.6
R074343,40,Male,1,Beginner,332,112.687245
R009415,63,Male,1,Beginner,278,23.2
R070821,64,Female,1,Advanced,268,23.6
R073794,46,Male,4,Beginner,325,20
R015718,64,Male,3,Advanced,229,21
R002454,55,Female,0,Beginner,,22
R079050,35,Female,2,Intermediate,258,26.4
R029138,26,Female,2,Intermediate,194,31.7
R071971,53,Male,5,Advanced,195,106.525356
R076938,42,Female,2,Beginner,301,28.4
R013698,63,Male,1,Beginner,242,20
R011466,43,Male,2,Beginner,312,42.9
R063284,55,Male,1,Beginner,274,21.7
R017356,44,Male,2,Beginner,317,20
R001224,39,Female,3,Advanced,228,24.4
R093484,27,Female,2,Intermediate,270,20
R032357,58,Male,4,Intermediate,224,45.1
R095842,57,Male,1,Beginner,271,20
R040108,33,Female,2,Beginner,299,20
R091473,40,Female,3,Beginner,294,24.5
R026385,29,Male,0,Intermediate,,35.8
R070265,57,Female,4,Beginner,302,21.1
R094544,49,Female,2,Intermediate,219,44
R066865,33,Male,2,Intermediate,258,20
R007246,49,Female,2,Beginner,296,20
R093254,19,Female,2,Intermediate,257,20
R027949,62,Female,2,Beginner,286,30.9
R027344,29,Non-binary,5,Advanced,224,56
R023861,54,Female,0,Beginner,,35
R073086,40,Male,0,Beginner,,20
R008619,51,Female,0,Beginner,,39.9
R036441,33,Male,3,Beginner,323,20
R096362,22,Female,1,Intermediate,261,20
R039180,33,Male,1,Beginner,266,51.8
R075906,36,Male,2,Advanced,225,20
R034105,33,Female,4,Advanced,210,38.8
R058581,36,Non-binary,3,Beginner,287,20
R094431,63,Male,1,Beginner,247,20
R076994,34,Female,2,Beginner,309,20
R044305,47,Male,1,Beginner,302,28.5
R045526,62,Female,1,Intermediate,222,26.9
R040974,51,Female,3,Beginner,261,21.7
R045884,38,Female,0,Beginner,,20
R060263,54,Male,3,Beginner,307,30
R066459,54,Female,2,Beginner,270,36.3
R095667,65,Female,1,Advanced,186,116.0041776
R002138,57,Female,4,Intermediate,272,20
R068094,51,Male,5,Beginner,280,20
R099345,59,Female,1,Beginner,286,20
R002460,62,Female,4,Beginner,316,20
R091949,38,Female,2,Beginner,270,20
R036632,36,Male,7,Advanced,227,37.2
R009647,34,Male,0,Beginner,,20
R051018,62,Male,0,Intermediate,,20
R030593,31,Female,2,Beginner,258,20
R068387,39,Male,3,Beginner,252,20
R026838,64,Male,1,Intermediate,273,25.6
R099624,39,Male,4,Beginner,270,74.3
R046145,60,Male,6,Beginner,277,20
R042962,45,Male,2,Beginner,298,20
R056982,45,Female,1,Advanced,252,38.6
R082796,51,Female,3,Beginner,309,29.3
R060112,41,Male,2,Intermediate,264,41
R048719,64,Male,5,Beginner,282,20
R038422,39,Male,0,Intermediate,,20
R001128,22,Male,2,Intermediate,265,75.4
R039728,63,Male,1,Beginner,251,36.2
R008717,46,Male,4,Beginner,285,20
R081462,32,Male,4,Beginner,279,52.8
R043491,28,Female,3,Intermediate,208,26.2
R082630,20,Female,0,Beginner,,20
R078554,37,Female,2,Advanced,234,20
R099714,64,Male,1,Beginner,269,20
R057913,42,Female,3,Beginner,323,27.8
R033022,46,Female,2,Beginner,251,24.6
R098616,18,Female,4,Advanced,218,20
R059789,42,Male,4,Beginner,336,112.8335085
R050460,25,Male,3,Beginner,277,20
R035608,65,Male,1,Beginner,293,32.6
R049665,55,Male,2,Beginner,292,47.3
R045218,27,Female,1,Intermediate,256,42.9
R073706,25,Male,0,Advanced,,30.8
R051376,34,Female,3,Beginner,269,20
R020800,46,Female,2,Beginner,313,62.5
R059704,65,Male,1,Beginner,308,20
R050129,40,Male,3,Intermediate,240,20.3
R075983,20,Female,0,Intermediate,,20
R028304,53,Non-binary,1,Advanced,204,57.5
R031625,58,Female,5,Beginner,301,23.4
R041458,20,Non-binary,0,Beginner,,20
R053200,59,Female,2,Intermediate,198,23.8
R087955,33,Female,3,Beginner,247,20
R022353,20,Female,0,Intermediate,,29.8
R065798,48,Male,2,Beginner,303,117.5988669
R069585,61,Female,0,Advanced,,51.4
R068133,43,Male,0,Beginner,,20
R000241,37,Male,1,Beginner,255,27.7
R024253,34,Male,0,Intermediate,,20
R052838,58,Non-binary,3,Beginner,284,20
R026552,42,Male,1,Beginner,264,20
R081432,30,Female,0,Advanced,,42.4
R099582,58,Female,0,Intermediate,,20
R043717,41,Female,0,Beginner,,30.2
R033034,20,Male,1,Beginner,288,29.4
R046804,33,Male,0,Beginner,,20
R084778,47,Female,4,Intermediate,273,21.2
R063544,54,Male,3,Advanced,204,39.8
R082456,39,Male,1,Intermediate,272,53.6
R071524,34,Male,1,Advanced,216,46.4
R076297,19,Female,4,Beginner,284,20
R051824,41,Female,3,Beginner,229,30.9
R007553,49,Male,4,Beginner,275,30.8
R050508,29,Female,1,Intermediate,220,40.5
R002946,38,Male,1,Beginner,307,35.9
R087870,43,Male,1,Intermediate,228,46.3
R041316,32,Female,2,Advanced,223,75.6
R050595,28,Female,2,Advanced,268,37.6
R072416,51,Female,3,Beginner,259,20
R033395,25,Female,1,Intermediate,276,24.4
R066316,58,Female,0,Beginner,,25.1
R053349,64,Non-binary,2,Intermediate,297,29.3
R081306,28,Female,2,Beginner,286,33.5
R061699,43,Male,3,Beginner,247,27.8
R090240,64,Male,1,Beginner,289,44.4
R065162,39,Female,0,Beginner,,35.5
R005534,41,Non-binary,3,Advanced,263,60.5
R096373,43,Female,0,Advanced,,42.3
R098511,43,Female,2,Beginner,268,20
R042914,41,Female,1,Intermediate,257,33.9
R037507,48,Male,3,Beginner,225,20
R065514,46,Female,2,Beginner,288,31.7
R029316,29,Female,0,Intermediate,,22.6
R017320,46,Male,1,Beginner,210,20
R017199,46,Male,3,Advanced,197,45.7
R004390,54,Male,2,Advanced,243,42.3
R005484,45,Male,1,Intermediate,238,32.4
R011586,19,Female,2,Advanced,244,21.6
R002001,29,Female,2,Intermediate,277,106.6420595
R093906,18,Male,1,Beginner,246,49.3
R006499,29,Female,3,Beginner,243,46.1
R038466,59,Female,0,Beginner,,20
R049163,50,Female,2,Advanced,200,36
R053209,45,Male,3,Advanced,224,23.2
R066297,19,Female,3,Beginner,281,26.7
R009517,45,Female,3,Advanced,218,20
R083454,64,Female,2,Beginner,340,27
R045622,20,Female,0,Advanced,,20
R029430,46,Male,2,Intermediate,250,20
R027030,43,Female,1,Beginner,249,20
R038029,41,Female,2,Intermediate,243,20
R035681,33,Male,0,Intermediate,,20
R014294,37,Male,2,Intermediate,207,38.6
R071027,61,Female,3,Advanced,191,23.9
R010990,38,Male,1,Beginner,288,20
R025891,59,Female,2,Beginner,292,20
R043293,26,Female,3,Beginner,229,30.6
R038842,54,Female,1,Intermediate,257,20
R080601,27,Female,1,Beginner,297,20
R063814,58,Female,2,Beginner,278,20
R073992,58,Male,3,Beginner,254,20
R037601,39,Female,4,Beginner,277,27.3
R016611,63,Female,1,Intermediate,261,20
R081118,38,Non-binary,3,Advanced,193,20
R094608,57,Male,1,Advanced,239,43.8
R051304,49,Male,4,Beginner,303,20
R031795,38,Male,0,Intermediate,,20
R017653,28,Female,2,Beginner,281,38.6
R005726,54,Female,5,Advanced,231,20
R010862,54,Female,2,Beginner,272,20
R044443,33,Female,1,Beginner,286,20
R081207,22,Male,2,Beginner,277,20
R068354,41,Female,2,Intermediate,296,20
R054782,19,Female,3,Beginner,266,20
R043735,37,Male,2,Beginner,297,28.2
R064614,59,Female,1,Advanced,214,20
R045832,26,Male,2,Beginner,287,20
R010051,30,Non-binary,2,Beginner,304,34.1
R028695,36,Female,5,Intermediate,216,20
R042517,50,Female,1,Intermediate,256,20
R015613,53,Female,3,Intermediate,237,47.5
R041248,30,Male,6,Beginner,302,20
R098244,40,Female,1,Beginner,288,27.4
R021648,64,Male,2,Beginner,270,20
R034269,50,Female,4,Intermediate,242,27.3
R038937,40,Male,2,Advanced,212,46.5
R073397,46,Female,1,Beginner,245,20
R035423,36,Female,3,Beginner,318,29.2
R098482,33,Female,1,Beginner,257,20
R070877,22,Male,5,Beginner,273,20
R030843,27,Female,0,Beginner,,22.1
R080038,32,Female,3,Intermediate,243,49.3
R021851,57,Female,0,Advanced,,54.7
R094611,37,Male,0,Advanced,,59.9
R087039,19,Male,1,Beginner,244,20.2
R050394,55,Male,0,Intermediate,,38.8
R024829,55,Male,2,Intermediate,221,33.4
R046263,52,Male,2,Intermediate,188,20
R022270,21,Male,2,Intermediate,243,23.8
R027058,61,Male,0,Beginner,,20
R043743,29,Female,1,Intermediate,271,46.8
R019169,20,Male,2,Intermediate,229,26.3
R056289,61,Female,0,Beginner,,21.5
R014824,40,Male,2,Intermediate,275,25.7
R052789,18,Male,0,Advanced,,36.6
R002567,36,Male,3,Beginner,331,20
R082885,30,Male,1,Advanced,164,65.3
R052039,39,Male,2,Intermediate,288,42
R062267,19,Female,0,Advanced,,31.9
R084472,37,Male,2,Intermediate,217,20
R069568,53,Female,3,Intermediate,228,20
R024573,53,Female,3,Advanced,243,42.5
R055288,28,Female,2,Advanced,286,62.6
R053316,48,Male,4,Beginner,230,20
R073126,56,Male,2,Intermediate,184,20
R080881,56,Male,3,Beginner,275,20
R008378,54,Female,3,Intermediate,267,20.3
R043712,44,Female,6,Beginner,282,29.6
R072453,56,Male,3,Advanced,216,50.7
R056246,65,Male,0,Beginner,,20
R004468,40,Male,0,Beginner,,24.9
R026187,20,Female,2,Intermediate,269,20
R097396,46,Male,3,Beginner,264,32.9
R052297,22,Female,0,Advanced,,32.7
R004327,20,Female,2,Intermediate,260,20
R077663,24,Female,5,Advanced,266,20
R035510,43,Female,0,Beginner,,23.9
R064510,39,Male,1,Advanced,218,20
R080308,54,Female,1,Intermediate,258,53
R070364,52,Female,2,Intermediate,278,20.5
R009561,29,Female,5,Beginner,272,20
R044078,54,Male,5,Intermediate,254,20
R057188,35,Non-binary,1,Beginner,238,20
R049922,18,Male,3,Intermediate,302,60
R054236,34,Male,2,Beginner,285,20
R043321,41,Non-binary,1,Intermediate,256,20
R074807,61,Female,3,Beginner,311,20
R096090,48,Female,1,Beginner,292,20
R006556,35,Male,2,Intermediate,240,104.4863524
R064806,30,Male,1,Beginner,281,41.8
R020281,36,Female,4,Beginner,287,20
R089626,21,Female,5,Beginner,309,21.5
R092129,37,Male,2,Beginner,295,104.7069763
R088471,41,Female,0,Beginner,,33.4
R066517,24,Female,2,Beginner,280,37.7
R093413,43,Male,2,Beginner,293,20
R008486,24,Male,1,Intermediate,229,20
R031350,33,Female,2,Beginner,272,21.4
R038503,32,Non-binary,1,Beginner,329,20
R019002,33,Male,2,Beginner,297,20
R025078,34,Female,1,Intermediate,249,31.8
R082542,56,Female,1,Advanced,207,20
R020779,27,Male,3,Beginner,284,23.3
R051562,58,Female,1,Beginner,277,20
R064824,20,Male,1,Intermediate,282,20
R009250,31,Male,3,Advanced,172,36.3
R081757,28,Female,5,Beginner,309,20
R091955,25,Male,2,Advanced,246,50.3
R087539,35,Female,1,Beginner,252,33.2
R003560,54,Female,4,Advanced,216,20.4
R037505,43,Female,3,Beginner,316,56.5
R069800,52,Male,1,Beginner,260,36.1
R094958,31,Female,6,Advanced,218,33.2
R066393,20,Female,2,Advanced,269,36.2
R096052,62,Male,5,Beginner,308,45.3
R014576,25,Male,2,Beginner,274,30.5
R095012,33,Female,3,Beginner,307,20
R003225,50,Female,4,Advanced,213,33.7
R046080,36,Female,4,Intermediate,254,57.6
R036328,65,Female,3,Intermediate,262,24
R022458,39,Male,2,Beginner,309,30.5
R054237,39,Non-binary,1,Advanced,236,20
R047090,34,Female,2,Intermediate,273,20
R034600,57,Female,2,Beginner,313,20
R064248,61,Male,2,Intermediate,275,20
R090363,28,Male,1,Beginner,348,20
R064427,33,Female,2,Advanced,213,20
R022712,48,Female,4,Advanced,206,20
R098701,32,Male,0,Beginner,,20
R045358,40,Female,1,Intermediate,272,38.9
R049977,38,Male,1,Beginner,261,20
R007760,45,Female,3,Beginner,272,39.2
R020394,48,Female,1,Beginner,260,20
R043902,26,Male,2,Intermediate,263,39.5
R015967,44,Male,1,Intermediate,237,21.9
R016169,51,Female,1,Beginner,308,20
R001644,57,Male,3,Advanced,247,23.7
R020843,33,Male,1,Beginner,253,20
R043913,39,Female,1,Beginner,264,20
R046088,25,Male,3,Intermediate,246,36.9
R027865,20,Female,2,Advanced,208,20
R015935,22,Male,0,Intermediate,,20
R096416,60,Female,3,Advanced,215,32.8
R020208,36,Female,1,Beginner,330,20
R053667,18,Male,2,Intermediate,250,20
R040818,38,Male,4,Beginner,278,20
R019496,54,Non-binary,2,Beginner,265,20
R051356,58,Female,3,Beginner,287,31.7
R084927,53,Male,2,Beginner,305,20
R019663,52,Female,3,Intermediate,298,20.5
R095361,27,Male,3,Intermediate,222,29.9
R081676,65,Male,2,Advanced,242,20
R022013,37,Male,2,Advanced,207,59.8
R091894,64,Non-binary,0,Intermediate,,48
R051242,50,Male,2,Intermediate,252,28.6
R034972,18,Male,1,Beginner,241,20
R036312,52,Female,3,Intermediate,237,20
R097709,28,Female,2,Beginner,301,48.1
R032615,21,Female,2,Intermediate,224,28.7
R031689,38,Male,2,Advanced,173,109.5786215
R001013,60,Male,2,Intermediate,219,20
R089330,37,Female,4,Intermediate,230,32
R050126,42,Male,1,Intermediate,254,35
R028806,64,Male,1,Intermediate,265,22.4
R045816,42,Male,2,Advanced,238,73.5
R052348,28,Male,1,Beginner,264,20
R014528,27,Female,0,Beginner,,30.4
R019114,55,Male,1,Beginner,300,21
R054144,55,Female,0,Beginner,,21.8
R080081,54,Non-binary,4,Beginner,305,28.3
R012634,29,Male,4,Beginner,292,20
R025834,47,Female,2,Beginner,303,20
R092752,23,Female,2,Advanced,209,54
R089234,64,Female,3,Intermediate,245,20
R063093,62,Male,2,Beginner,298,43.4
R077426,58,Female,1,Beginner,272,21.3
R063192,50,Male,1,Intermediate,233,20
R020664,55,Male,2,Advanced,257,62.4
R047612,38,Female,1,Advanced,194,47.7
R051933,38,Male,0,Beginner,,20
R022342,47,Female,2,Intermediate,212,53.6
R049279,18,Female,0,Beginner,,20
R024250,40,Male,1,Intermediate,265,20
R054871,58,Female,2,Beginner,249,27.7
R082749,33,Female,2,Intermediate,238,56.7
R094839,63,Female,2,Beginner,312,31.1
R085444,48,Male,2,Beginner,270,20
R095325,32,Male,2,Beginner,288,20
R093996,21,Male,1,Intermediate,240,33.9
R005027,54,Non-binary,2,Advanced,220,20
R047497,63,Female,2,Beginner,291,39.4
R063069,25,Female,2,Intermediate,276,20
R006903,49,Male,2,Intermediate,255,110.7082508
R030884,24,Male,0,Beginner,,20
R078834,35,Female,4,Intermediate,249,35.3
R036889,40,Male,3,Beginner,259,20
R033261,42,Female,3,Beginner,274,20
R058504,32,Non-binary,0,Beginner,,21
R057165,20,Female,1,Advanced,250,42.3
R099019,57,Male,4,Beginner,276,20
R003993,27,Male,2,Beginner,272,20
R040991,30,Female,2,Beginner,288,20
R040848,60,Male,1,Beginner,309,39.2
R093939,24,Male,4,Beginner,297,28.1
R043821,47,Non-binary,3,Intermediate,232,20
R020662,65,Female,2,Beginner,270,46.1
R072328,36,Male,1,Advanced,215,20
R010290,55,Male,3,Intermediate,225,20
R062653,35,Non-binary,1,Advanced,214,87.9
R069354,38,Female,1,Beginner,222,38.5
R021261,48,Male,0,Intermediate,,44.3
R079201,53,Female,0,Beginner,,20
R088784,43,Male,3,Beginner,305,20
R012018,35,Female,3,Beginner,273,20
R027367,40,Female,3,Beginner,350,20
R026633,23,Female,3,Intermediate,243,20.1
R052817,52,Female,1,Intermediate,277,101.0415585
R011478,24,Male,1,Advanced,180,117.0299894
R028601,51,Female,1,Beginner,229,20
R062984,41,Female,4,Intermediate,260,22.2
R074180,20,Male,2,Intermediate,230,20
R006783,30,Female,2,Beginner,302,20
R016505,18,Female,0,Beginner,,20
R084401,65,Male,1,Beginner,281,24.9
R078030,62,Female,0,Beginner,,30.9
R052930,53,Female,1,Intermediate,259,28.8
R071670,23,Female,1,Beginner,294,36
R063403,53,Male,2,Advanced,196,29.8
R029868,49,Male,4,Intermediate,250,37
R021106,27,Male,0,Intermediate,,25.7
R038542,62,Non-binary,1,Beginner,273,20
R047585,50,Male,2,Beginner,298,20
R091636,22,Male,4,Beginner,296,20
R018439,54,Female,1,Beginner,287,20
R039449,28,Male,0,Beginner,,28.4
R063011,44,Male,2,Beginner,244,20
R041965,46,Male,1,Advanced,195,20
R056347,43,Female,3,Beginner,294,20
R062260,58,Female,1,Beginner,279,20
R025226,58,Male,3,Beginner,304,20
R034881,20,Female,2,Intermediate,246,29.5
R050446,37,Female,2,Beginner,308,20
R032581,25,Female,2,Advanced,192,20
R052333,36,Male,0,Beginner,,20
R025581,24,Female,2,Advanced,213,20.1
R087696,54,Male,3,Advanced,208,101.2859169
R018983,39,Female,5,Beginner,280,30.7
R073290,39,Female,2,Beginner,320,20
R002606,27,Female,2,Advanced,259,35.9
R039721,47,Male,2,Advanced,248,53.1
R025279,56,Male,2,Beginner,326,20
R028453,57,Female,3,Advanced,242,20
R071235,51,Female,0,Advanced,,20
R018369,64,Male,0,Intermediate,,50.5
R021838,57,Female,1,Advanced,227,33.9
R070604,21,Female,1,Advanced,262,20
R054111,30,Female,2,Intermediate,213,29.1
R079445,33,Male,0,Advanced,,43.4
R071105,38,Male,1,Beginner,279,114.0297893
R071004,56,Female,2,Beginner,294,36.3
R078241,33,Male,2,Intermediate,274,34.2
R044202,65,Male,3,Beginner,312,26.3
R080880,47,Male,3,Beginner,263,22.7
R043022,19,Female,5,Intermediate,245,32.8
R049543,37,Male,2,Intermediate,232,26
R079922,29,Male,0,Intermediate,,47
R036529,22,Female,2,Advanced,209,33.8
R095362,62,Male,2,Beginner,314,20.7
R000047,26,Female,0,Intermediate,,25.3
R086118,58,Female,1,Beginner,255,20
R014250,52,Female,3,Beginner,313,41.8
R049193,64,Female,3,Beginner,266,26.6
R053705,26,Female,3,Beginner,272,37.8
R004425,20,Male,0,Beginner,,101.8838425
R051088,40,Male,1,Advanced,220,26.7
R093197,27,Female,3,Intermediate,265,32
R075122,46,Male,2,Beginner,270,20
R084903,30,Male,1,Intermediate,248,27.9
R056110,63,Female,2,Advanced,198,20
R023937,65,Female,3,Beginner,263,105.482936
R003604,32,Female,3,Intermediate,261,20
R017558,30,Male,1,Beginner,274,20
R049396,40,Male,4,Beginner,287,20
R078302,27,Male,1,Beginner,282,20
R046048,36,Male,4,Beginner,275,20
R055536,38,Male,1,Beginner,269,41.5
R003375,39,Male,2,Advanced,192,20
R053621,44,Female,1,Beginner,316,20
R097485,41,Male,2,Beginner,304,27.7
R091782,53,Female,1,Advanced,241,35.3
R019636,47,Male,2,Beginner,276,20
R041144,49,Male,2,Beginner,261,20
R082211,40,Female,3,Intermediate,278,20
R057769,42,Female,3,Intermediate,243,20
R072850,19,Female,2,Advanced,208,113.398919
R042292,56,Male,2,Advanced,182,33
R002975,45,Male,4,Beginner,323,31.2
R012126,63,Male,2,Intermediate,249,21.2
R081596,23,Male,2,Beginner,345,20
R030890,22,Male,2,Beginner,256,24.2
R054191,45,Male,3,Beginner,356,20
R009945,39,Female,3,Intermediate,242,20
R017768,51,Male,2,Intermediate,296,39.5
R049461,44,Male,4,Advanced,244,49.2
R080372,35,Female,1,Intermediate,274,20
R091959,54,Male,5,Intermediate,245,24.2
R074692,57,Non-binary,2,Beginner,277,20
R032145,63,Male,0,Advanced,,35.2
R025002,37,Male,1,Beginner,245,22.4
R061405,42,Non-binary,2,Intermediate,252,20
R046842,41,Male,2,Advanced,219,22.6
R075470,57,Male,1,Beginner,267,20
R004032,58,Female,2,Beginner,242,20
R087054,62,Male,4,Intermediate,275,20
R064827,26,Female,0,Advanced,,21.2
R063466,57,Female,3,Intermediate,255,20
R066650,25,Female,1,Advanced,214,22.4
R093908,22,Female,1,Beginner,296,47.9
R012011,35,Male,2,Intermediate,298,31.1
R008713,43,Male,1,Beginner,317,31.3
R060503,18,Female,1,Intermediate,258,20
R024615,50,Female,2,Advanced,206,25.3
R025389,51,Male,5,Beginner,230,38.9
R007787,40,Male,2,Beginner,286,20
R089436,27,Female,3,Beginner,340,20
R060242,38,Female,0,Intermediate,,26.8
R057974,41,Male,0,Advanced,,20
R082282,28,Female,0,Advanced,,20
R037921,62,Female,2,Beginner,248,20
R026024,59,Male,1,Beginner,304,20
R040181,61,Female,3,Intermediate,245,58.7
R030498,48,Female,3,Intermediate,292,24.4
R087606,49,Male,2,Intermediate,238,31.5
R050932,21,Female,1,Advanced,232,72.3
R014648,49,Male,1,Intermediate,244,51.7
R083778,56,Female,1,Advanced,205,30
R013581,42,Female,2,Beginner,283,41.2
R042953,32,Female,4,Beginner,273,20
R086745,20,Female,2,Beginner,288,110.4539621
R070819,28,Male,2,Advanced,231,32.5
R029716,60,Female,1,Beginner,340,20
R093297,52,Male,1,Beginner,257,20
R019143,18,Non-binary,2,Intermediate,234,23.5
R068397,23,Male,1,Intermediate,245,20
R097054,47,Female,1,Beginner,286,20
R060899,49,Male,4,Advanced,198,20
R088367,22,Male,3,Beginner,278,30.6
R083597,38,Female,2,Beginner,299,20
R012276,32,Male,3,Beginner,335,20
R069188,32,Male,3,Intermediate,258,35.6
R045032,33,Female,1,Intermediate,225,41.7
R019900,21,Male,3,Intermediate,256,34.6
R010016,35,Male,4,Advanced,232,20
R049725,18,Female,1,Intermediate,245,23.7
R086990,22,Male,1,Beginner,292,28.9
R084621,23,Male,1,Beginner,289,20
R064159,63,Male,1,Advanced,229,20.5
R078910,35,Female,4,Beginner,302,20
R015885,45,Female,0,Advanced,,51.2
R041191,33,Male,1,Beginner,363,20
R071157,62,Male,0,Intermediate,,23.8
R035613,48,Male,2,Intermediate,237,20
R052210,42,Female,3,Intermediate,240,24.6
R035348,60,Female,3,Intermediate,269,21.5
R004323,41,Female,0,Advanced,,51.6
R031405,33,Female,1,Intermediate,251,22.8
R012113,60,Female,1,Intermediate,266,49.4
R081264,18,Female,3,Advanced,229,20
R032870,38,Female,4,Beginner,237,28.7
R037277,27,Female,1,Beginner,275,20
R066964,50,Male,3,Advanced,228,84.3
R067510,50,Female,2,Intermediate,235,20
R075617,30,Female,2,Intermediate,215,25
R004538,24,Male,2,Beginner,284,20
R007912,20,Female,2,Beginner,313,25.6
R039948,37,Male,2,Beginner,314,20
R019005,25,Female,3,Beginner,272,28
R062472,41,Male,2,Advanced,236,46.9
R049161,59,Female,4,Beginner,267,20
R057374,31,Male,0,Intermediate,,20
R012724,32,Male,4,Intermediate,246,34.3
R036860,54,Male,1,Intermediate,295,20
R090773,61,Non-binary,1,Beginner,319,23.1
R070719,25,Female,0,Intermediate,,30
R084263,62,Male,3,Intermediate,243,69
R032418,28,Female,2,Intermediate,251,20
R035459,28,Male,2,Beginner,287,20
R025149,40,Non-binary,1,Beginner,264,20
R011912,46,Female,1,Beginner,307,43.1
R000013,53,Female,6,Beginner,286,30.3
R056854,25,Female,1,Advanced,231,27.5
R098913,24,Female,2,Intermediate,246,20
R046738,21,Female,5,Intermediate,257,50.5
R010504,41,Male,0,Intermediate,,28.7
R053273,18,Female,3,Advanced,269,64.3
R027995,42,Male,3,Intermediate,256,27.2
R085633,19,Male,4,Advanced,217,23.4
R046960,52,Male,0,Intermediate,,62.1
R069648,42,Non-binary,1,Intermediate,287,20
R000036,61,Male,1,Beginner,240,28.9
R095131,33,Male,3,Beginner,295,26.3
R029194,40,Male,6,Intermediate,199,20
R003299,31,Male,2,Beginner,263,20
R026320,20,Female,3,Advanced,220,20
R013599,18,Female,0,Beginner,,29.2
R079106,60,Female,3,Beginner,271,30.4
R013013,52,Non-binary,1,Beginner,296,20
R028402,19,Female,2,Beginner,292,20
R093406,43,Non-binary,2,Beginner,295,20
R029342,60,Male,6,Beginner,273,109.9953796
R097985,52,Male,3,Beginner,338,20
R016802,23,Male,1,Intermediate,225,40.4
R085993,28,Male,2,Beginner,325,20
R005713,61,Male,4,Beginner,267,20
R051706,35,Male,2,Beginner,323,26.3
R082218,60,Non-binary,1,Intermediate,242,26.8
R048515,34,Female,1,Intermediate,260,20
R085266,23,Female,1,Beginner,277,20
R071138,40,Female,1,Beginner,230,36.9
R023870,49,Male,2,Advanced,221,43.2
R015379,45,Male,0,Beginner,,20
R084589,48,Male,1,Beginner,280,20
R060382,23,Female,2,Intermediate,231,47.8
R036270,56,Male,3,Beginner,223,27.8
R010735,21,Female,2,Beginner,269,47.1
R077957,27,Female,2,Intermediate,231,112.5501574
R068619,34,Male,0,Beginner,,20
R023538,22,Female,4,Beginner,290,20
R015178,31,Female,4,Beginner,301,20
R049448,24,Male,0,Beginner,,29.2
R050552,59,Male,1,Intermediate,233,20
R085185,46,Male,3,Advanced,252,52.5
R016451,53,Male,4,Beginner,231,20
R063204,65,Non-binary,2,Intermediate,263,33.5
R078577,64,Female,3,Intermediate,285,42.1
R036316,38,Female,3,Beginner,272,20
R045903,31,Male,2,Intermediate,252,20
R056881,54,Male,3,Intermediate,237,20
R010385,41,Male,1,Beginner,254,26.7
R057588,35,Male,2,Intermediate,278,50.7
R006551,23,Female,2,Intermediate,282,20
R046992,50,Female,1,Beginner,273,31.3
R080620,42,Female,1,Beginner,328,20
R099596,36,Male,2,Beginner,268,20
R003415,25,Male,1,Beginner,285,20
R073607,54,Female,1,Beginner,308,21.6
R045445,39,Non-binary,1,Advanced,225,20
R074680,55,Male,4,Beginner,257,20
R015155,24,Non-binary,0,Beginner,,20
R026465,50,Female,1,Beginner,274,20
R097620,42,Male,1,Beginner,286,20
R022328,30,Female,0,Intermediate,,20
R033195,47,Male,6,Intermediate,256,20
R004483,28,Female,4,Intermediate,249,34.3
R070161,60,Male,0,Beginner,,20
R073454,44,Male,4,Beginner,261,20
R016086,38,Non-binary,1,Beginner,281,70.1
R033937,35,Female,0,Advanced,,39.3
R061175,43,Female,3,Beginner,244,20
R041991,21,Female,1,Beginner,301,20
R064499,61,Female,2,Beginner,313,31.1
R054565,18,Male,1,Intermediate,285,30.7
R075498,20,Female,1,Intermediate,281,20
R065674,63,Male,1,Intermediate,253,51.1
R077689,52,Female,2,Beginner,300,20.7
R040519,20,Female,0,Beginner,,20
R043380,60,Female,1,Advanced,212,20
R094767,28,Female,1,Intermediate,265,23.3
R093074,44,Male,0,Beginner,,20
R024528,33,Female,1,Beginner,298,25.2
R086864,64,Non-binary,0,Beginner,,40.9
R098217,37,Female,4,Beginner,274,20
R080789,59,Male,0,Beginner,,20
R071550,51,Female,2,Beginner,283,20
R055301,42,Male,3,Beginner,292,20
R015418,19,Female,3,Beginner,267,20
R057670,27,Male,0,Beginner,,36
R084522,43,Female,2,Beginner,284,20
R010525,28,Female,1,Beginner,240,20
R023425,48,Female,1,Beginner,269,20
R068129,63,Male,1,Beginner,251,20
R056079,24,Female,0,Beginner,,104.1792781
R044372,36,Male,3,Beginner,222,24.1
R087175,58,Male,1,Advanced,236,20
R011385,29,Female,1,Beginner,331,29.6
R040022,40,Male,2,Intermediate,224,24.2
R072802,44,Male,2,Beginner,299,23.7
R052651,31,Male,2,Advanced,229,108.5792629
R043835,43,Male,3,Beginner,275,20
R043669,27,Female,1,Advanced,228,26.6
R047879,40,Female,0,Beginner,,20
R094493,32,Female,3,Advanced,182,44.5
R013937,35,Female,1,Beginner,261,20
R066457,43,Male,1,Intermediate,264,28
R063625,63,Male,1,Intermediate,269,38.6
R085960,42,Male,1,Beginner,303,20
R069855,34,Male,0,Beginner,,28
R091689,23,Female,1,Advanced,255,44.6
R062673,36,Female,4,Advanced,265,25.4
R011472,30,Male,2,Intermediate,279,20
R041386,57,Female,2,Advanced,220,20
R093829,53,Female,4,Intermediate,206,25.8
R079088,54,Male,1,Beginner,273,20
R005122,49,Male,3,Intermediate,237,20
R075021,60,Female,2,Intermediate,239,20
R000402,33,Male,3,Beginner,275,20
R014850,58,Male,1,Intermediate,246,21.2
R007712,59,Female,1,Advanced,219,42.9
R053282,32,Female,3,Beginner,250,20
R067157,21,Male,0,Intermediate,,20
R069236,56,Female,1,Beginner,232,25.8
R042038,22,Female,3,Beginner,301,45.2
R003618,30,Male,3,Intermediate,263,23
R070677,52,Male,1,Intermediate,304,48
R056817,30,Female,4,Beginner,289,20
R048358,36,Female,0,Beginner,,20
R082783,56,Male,0,Advanced,,39
R075361,44,Female,1,Beginner,280,23.6
R004630,46,Male,4,Beginner,249,20
R087521,43,Female,4,Intermediate,248,60.4
R060520,23,Male,4,Intermediate,267,25.8
R004282,43,Male,1,Advanced,273,51.5
R085026,35,Female,1,Intermediate,282,37.3
R082335,59,Male,3,Beginner,270,27.4
R055918,57,Female,1,Intermediate,255,119.5080773
R046764,63,Female,2,Advanced,241,34.7
R031381,37,Male,2,Beginner,297,28.6
R065377,62,Female,0,Advanced,,20
R005835,51,Female,3,Beginner,259,36.1
R074583,40,Female,3,Beginner,279,30.8
R065877,52,Male,1,Beginner,261,105.5329573
R097992,54,Male,4,Advanced,205,20.2
R074335,55,Female,0,Beginner,,20
R001590,30,Female,3,Beginner,323,20
R079711,28,Female,2,Beginner,265,20
R083269,53,Female,2,Beginner,261,20
R016511,29,Male,0,Advanced,,20
R019940,22,Female,3,Beginner,239,20
R090049,24,Non-binary,1,Intermediate,269,20
R075444,51,Female,3,Beginner,307,20
R012799,37,Male,0,Beginner,,20
R074092,23,Female,4,Beginner,259,20
R024114,54,Male,2,Beginner,281,40.6
R088196,30,Female,2,Advanced,181,26.2
R011326,38,Female,2,Advanced,173,39.4
R021057,64,Female,1,Intermediate,242,37.2
R072078,61,Male,3,Intermediate,250,42.4
R046297,64,Female,0,Advanced,,20
R025281,56,Male,2,Advanced,242,36.9
R069867,49,Male,1,Intermediate,219,51.4
R089599,54,Female,3,Advanced,257,23.8
R089109,34,Male,0,Beginner,,115.18082
R072737,18,Female,2,Beginner,244,25.3
R082709,28,Male,3,Beginner,243,22.3
R032788,36,Female,4,Beginner,295,46.4
R093092,59,Male,0,Beginner,,20
R098344,60,Male,2,Intermediate,270,20
R013701,45,Male,1,Beginner,290,20
R071112,49,Female,1,Beginner,323,20
R082937,55,Male,2,Intermediate,259,32
R023206,30,Male,0,Advanced,,20
R010356,29,Male,2,Intermediate,266,20
R040679,36,Male,3,Intermediate,211,20
R076804,58,Female,2,Beginner,304,20
R030526,35,Female,1,Beginner,310,21.8
R098266,62,Male,0,Advanced,,31.2
R053841,59,Male,0,Beginner,,34.1
R079732,42,Male,2,Intermediate,248,40
R050269,43,Male,0,Advanced,,46.9
R007426,30,Female,1,Intermediate,248,20
R090858,29,Female,3,Advanced,225,23.3
R048969,65,Male,5,Intermediate,220,20
R014985,28,Male,1,Beginner,281,20
R064858,33,Non-binary,2,Intermediate,290,20
R041635,43,Female,2,Intermediate,263,20
R004439,31,Non-binary,0,Intermediate,,20.5
R028575,47,Female,4,Intermediate,228,20
R066063,62,Female,4,Advanced,252,45.2
R062624,52,Male,1,Beginner,291,20
R001103,44,Male,2,Beginner,302,20
R063012,36,Female,4,Beginner,309,20
R030256,47,Male,0,Intermediate,,59.3
R035162,27,Female,3,Beginner,274,37.7
R099277,32,Female,1,Beginner,282,20
R071076,44,Male,2,Intermediate,249,20
R017419,41,Female,4,Intermediate,216,20
R044173,28,Male,0,Intermediate,,47.7
R035266,63,Female,4,Intermediate,267,20
R069387,53,Non-binary,0,Advanced,,29.6
R057245,36,Male,1,Beginner,294,20
R020347,46,Male,2,Intermediate,243,20
R054905,21,Male,1,Beginner,235,41.6
R084617,26,Male,1,Intermediate,259,38.1
R022419,55,Male,0,Intermediate,,20
R088546,56,Female,6,Beginner,273,20
R030539,23,Female,3,Intermediate,260,20
R095589,56,Female,1,Beginner,272,25.5
R010462,28,Male,0,Beginner,,28.8
R083861,27,Female,2,Beginner,279,20
R000265,24,Male,4,Beginner,286,53.1
R021853,50,Female,2,Beginner,281,20
R032748,37,Male,1,Beginner,302,26.6
R032031,57,Female,1,Beginner,271,20
R013422,61,Female,2,Beginner,317,26.4
R069269,19,Female,2,Beginner,305,20
R047804,41,Non-binary,3,Beginner,317,20
R043564,50,Male,5,Intermediate,235,47.1
R068471,33,Female,2,Beginner,274,20
R039910,60,Male,4,Beginner,273,20
R013044,37,Female,0,Beginner,,20
R043636,64,Male,4,Advanced,265,20
R060283,25,Female,2,Beginner,269,20.9
R013089,48,Male,2,Beginner,277,20
R010239,33,Male,2,Advanced,235,20
R061093,53,Male,3,Intermediate,266,104.1964282
R063674,61,Female,3,Advanced,215,44.9
R061241,38,Male,0,Beginner,,20
R032344,39,Male,4,Beginner,286,22.7
R035652,31,Male,1,Intermediate,233,20
R096836,63,Female,2,Intermediate,253,20
R007342,60,Female,2,Beginner,282,20
R008271,56,Female,3,Advanced,184,51.5
R025054,23,Female,1,Beginner,254,23.9
R021556,42,Male,2,Intermediate,256,47.6
R029290,21,Female,3,Intermediate,203,50.2
R052500,36,Female,3,Beginner,278,20
R084075,40,Male,3,Intermediate,237,20
R043692,55,Female,2,Intermediate,259,36.8
R046159,59,Female,2,Beginner,251,21.6
R044389,39,Female,3,Intermediate,264,29.9
R066653,35,Female,3,Advanced,215,20
R001326,19,Female,3,Intermediate,244,24.9
R018742,62,Female,0,Advanced,,45.8
R065916,57,Female,1,Beginner,270,43.6
R039919,41,Male,3,Intermediate,248,53.1
R051612,25,Male,0,Beginner,,50.5
R023422,36,Female,2,Beginner,305,20
R054635,52,Female,2,Beginner,305,20
R070195,39,Female,5,Beginner,258,20
R024160,40,Female,2,Beginner,245,20
R063034,64,Male,3,Intermediate,264,20
R094607,40,Female,5,Intermediate,283,20
R026983,40,Male,3,Beginner,261,26.7
R023263,61,Female,0,Advanced,,20
R032989,45,Non-binary,0,Intermediate,,20
R074248,30,Female,2,Beginner,312,20
R011927,24,Male,2,Advanced,241,44.5
R093227,44,Female,1,Beginner,299,106.922639
R068693,33,Female,4,Beginner,279,41.4
R082758,50,Male,5,Intermediate,224,21
R095336,21,Female,1,Beginner,274,50.3
R071330,43,Male,1,Intermediate,254,44.8
R075809,45,Male,1,Intermediate,222,20.7
R064616,52,Male,2,Intermediate,223,20
R008108,36,Female,0,Intermediate,,20
R096331,18,Male,7,Intermediate,262,20
R089185,35,Male,0,Advanced,,70
R081401,51,Male,3,Beginner,300,20
R029276,19,Male,1,Beginner,268,20
R009389,20,Female,3,Beginner,227,20
R091147,65,Female,0,Beginner,,20
R035594,46,Female,1,Beginner,258,22.5
R097486,63,Female,0,Beginner,,42.2
R021619,32,Female,2,Beginner,313,20
R041551,44,Female,1,Intermediate,272,41.8
R090546,45,Male,3,Intermediate,221,25
R089010,60,Male,4,Intermediate,241,20
R023447,52,Male,1,Beginner,294,20
R019997,40,Female,3,Beginner,250,20
R025121,22,Female,0,Intermediate,,20
R043788,37,Female,2,Advanced,218,20
R030920,49,Female,1,Intermediate,297,29.8
R058310,49,Male,1,Advanced,226,20
R074670,50,Non-binary,2,Advanced,231,27.4
R002196,36,Male,5,Beginner,281,20
R035569,34,Female,1,Beginner,249,20
R002370,56,Male,2,Beginner,288,48.6
R085733,55,Female,2,Intermediate,240,20
R061223,42,Female,2,Beginner,261,20
R027004,31,Male,3,Advanced,187,29.2
R095959,29,Male,1,Intermediate,253,109.2816105
R042518,44,Male,0,Beginner,,20
R046851,46,Male,2,Advanced,213,27.4
R066915,31,Female,0,Advanced,,76.1
R012907,38,Male,3,Advanced,197,110.785656
R015009,50,Male,1,Intermediate,235,55.9
R085624,22,Male,2,Beginner,290,24
R080234,60,Male,1,Beginner,280,25
R011820,46,Male,2,Beginner,284,42
R003562,21,Male,1,Beginner,304,20
R005574,38,Female,2,Intermediate,246,42.2
R015196,34,Non-binary,3,Intermediate,318,29.4
R007537,61,Female,4,Beginner,310,48.7
R066655,31,Male,0,Advanced,,22
R023656,45,Male,0,Intermediate,,20
R016227,18,Female,2,Beginner,295,30.3
R014367,21,Female,4,Intermediate,289,20
R099697,52,Male,2,Beginner,280,20
R086581,29,Male,2,Advanced,217,20
R019129,38,Non-binary,4,Beginner,288,38.9
R053107,38,Female,3,Beginner,265,20
R071211,56,Female,0,Beginner,,20
R041067,43,Female,1,Intermediate,298,40.6
R048761,45,Female,1,Beginner,275,20
R028419,23,Female,1,Beginner,237,23.5
R034460,24,Female,0,Intermediate,,20
R069220,21,Male,2,Beginner,245,20
R036922,52,Female,0,Advanced,,65.6
R075453,38,Male,2,Beginner,285,20
R048018,31,Male,1,Beginner,279,100.8285267
R063831,40,Male,0,Beginner,,20
R028650,29,Male,0,Beginner,,20
R083916,59,Female,1,Intermediate,221,20
R040115,52,Male,4,Intermediate,245,28.8
R032490,19,Female,1,Intermediate,246,20
R098489,59,Male,2,Beginner,306,30.9
R022313,47,Female,4,Intermediate,266,50.4
R041508,42,Female,6,Beginner,275,20
R000655,20,Male,3,Intermediate,307,26.3
R047182,39,Female,1,Beginner,321,43.6
R041547,21,Male,2,Beginner,236,21.8
R032267,57,Male,2,Intermediate,244,50.2
R020948,42,Male,1,Beginner,295,20
R064321,23,Male,2,Intermediate,236,62.2
R031045,53,Non-binary,0,Advanced,,68.6
R068401,52,Female,2,Intermediate,254,20
R077213,36,Male,0,Intermediate,,41.3
R088299,49,Male,1,Intermediate,261,45.9
R034437,41,Male,0,Advanced,,20
R091521,47,Male,2,Beginner,271,20
R053366,63,Female,3,Intermediate,228,32.4
R018421,32,Female,0,Beginner,,53.9
R043896,55,Male,1,Beginner,296,20
R047680,22,Female,4,Beginner,255,20
R096366,60,Male,3,Beginner,251,40.6
R097360,63,Male,1,Advanced,235,66.4
R072246,64,Female,1,Beginner,292,28.7
R026596,63,Non-binary,0,Beginner,,20
R023805,46,Male,2,Beginner,274,20
R065540,44,Female,4,Advanced,225,23.9
R079144,53,Female,2,Intermediate,238,39.5
R054164,47,Male,2,Intermediate,221,20
R059617,39,Male,1,Beginner,292,40.8
R007234,51,Male,2,Beginner,254,20
R058269,44,Female,0,Beginner,,20
R093451,20,Female,5,Intermediate,234,20
R075816,60,Male,1,Intermediate,283,20
R074402,44,Female,4,Intermediate,256,100.6275653
R051573,37,Male,1,Beginner,271,20
R087894,26,Male,1,Intermediate,252,21.6
R077351,22,Female,1,Advanced,218,24.9
R080063,39,Male,1,Beginner,312,20
R078895,24,Female,2,Advanced,209,20
R012902,54,Female,2,Beginner,298,28.5
R039130,63,Male,1,Beginner,307,20
R079910,47,Male,1,Intermediate,225,22.3
R063174,26,Male,0,Intermediate,,108.9492991
R065065,55,Male,2,Beginner,302,20
R036629,28,Female,0,Intermediate,,40.7
R028394,61,Female,0,Beginner,,35.7
R096009,44,Male,2,Intermediate,246,20
R054062,31,Female,5,Intermediate,291,20
R054740,48,Male,2,Advanced,277,41.1
R066039,28,Female,3,Advanced,228,36.9
R065127,40,Male,2,Intermediate,226,28.7
R030677,18,Non-binary,3,Beginner,285,20
R059139,20,Female,2,Intermediate,289,20
R097084,28,Female,2,Beginner,275,37.7
R090749,56,Male,2,Beginner,215,20
R087467,27,Female,3,Intermediate,244,34
R080309,50,Male,1,Beginner,331,20
R029431,38,Female,1,Intermediate,297,106.7099082
R066869,48,Male,1,Beginner,309,26.5
R097793,43,Female,2,Beginner,289,22.6
R050685,57,Female,2,Beginner,296,26
R098740,39,Male,1,Beginner,268,30.9
R021750,28,Female,2,Intermediate,241,23.9
R050192,33,Female,1,Beginner,251,20
R062043,27,Male,2,Beginner,234,20
R011694,49,Male,1,Advanced,245,28.2
R008541,33,Male,2,Beginner,304,20
R027738,27,Male,4,Beginner,305,20
R037014,60,Female,1,Beginner,272,28.5
R020578,35,Male,1,Beginner,327,37
R036232,44,Male,2,Beginner,201,29.8
R016295,21,Female,2,Beginner,277,21.6
R035851,48,Male,2,Beginner,302,20
R065223,56,Male,0,Beginner,,30.7
R027971,24,Female,2,Beginner,294,20
R046543,43,Male,0,Intermediate,,49.7
R019142,30,Male,1,Intermediate,273,20
R089424,58,Male,1,Beginner,241,20
R086373,61,Female,2,Beginner,306,22.4
R072795,42,Male,2,Beginner,317,29.8
R099963,38,Male,0,Advanced,,30.4
R044264,57,Non-binary,3,Beginner,314,33.3
R033270,21,Male,1,Intermediate,264,22.8
R021461,36,Male,1,Intermediate,230,41.5
R022629,19,Female,0,Beginner,,20
R074766,36,Male,3,Beginner,290,119.1407946
R066801,59,Female,1,Advanced,220,27.6
R032460,27,Non-binary,3,Beginner,279,20
R069292,20,Male,4,Beginner,290,37.6
R013897,65,Male,2,Intermediate,242,56.9
R086008,51,Female,1,Beginner,260,20
R054069,39,Female,2,Intermediate,245,31.1
R017635,61,Female,2,Beginner,313,104.4070148
R057317,22,Male,1,Intermediate,318,48.2
R025501,27,Female,2,Intermediate,231,20
R091115,40,Female,2,Beginner,254,20
R059965,49,Female,1,Intermediate,266,41.1
R008299,42,Female,2,Intermediate,257,27.3
R087384,53,Male,3,Beginner,292,20
R085643,51,Male,3,Beginner,305,20
R080717,34,Male,0,Beginner,,20
R097659,52,Female,2,Intermediate,235,20
R099680,60,Female,0,Advanced,,20
R091120,35,Female,4,Beginner,284,20
R079764,57,Female,2,Intermediate,280,23.3
R063637,55,Male,2,Beginner,253,41.1
R029109,29,Male,0,Beginner,,20
R030667,40,Female,0,Beginner,,59.4
R069227,46,Female,2,Beginner,288,23.5
R074342,61,Male,0,Beginner,,25.1
R093478,47,Non-binary,0,Beginner,,29.9
R011867,50,Female,2,Beginner,278,20
R066867,22,Male,1,Beginner,255,29
R025919,59,Male,2,Intermediate,262,20
R078551,58,Male,1,Advanced,218,50.7
R049766,20,Female,1,Advanced,221,68.5
R059343,56,Female,0,Beginner,,33.6
R096501,40,Non-binary,5,Beginner,291,20
R071993,24,Female,4,Beginner,316,20
R060822,28,Female,2,Intermediate,282,33.4
R059860,60,Female,0,Advanced,,100.2862799
R010628,47,Male,2,Beginner,326,38.1
R032749,56,Male,3,Intermediate,279,20
R059088,57,Female,4,Beginner,276,29.8
R049188,25,Female,1,Beginner,282,35.3
R031519,54,Female,1,Intermediate,278,34.1
R008233,50,Male,3,Beginner,267,20
R058924,61,Female,1,Intermediate,224,30.4
R005994,19,Female,3,Intermediate,215,29.9
R025103,60,Female,1,Beginner,281,20
R054391,43,Male,3,Beginner,278,20
R088049,57,Female,1,Intermediate,274,23.2
R097118,23,Female,0,Beginner,,21.5
R049103,46,Male,2,Intermediate,225,67.7
R013302,31,Female,0,Beginner,,45.3
R097155,42,Female,3,Beginner,233,21.9
R092290,44,Female,5,Intermediate,278,37
R063538,38,Female,1,Beginner,315,20.8
R066589,52,Female,2,Beginner,258,24.1
R093597,42,Female,2,Beginner,261,20
R052576,59,Male,1,Advanced,215,20
R029941,30,Female,3,Intermediate,264,42.9
R086778,48,Male,1,Beginner,310,20
R040684,65,Female,3,Beginner,331,39.8
R080621,30,Male,2,Intermediate,215,20
R050118,19,Male,2,Beginner,250,20
R029768,62,Female,3,Beginner,287,24.5
R027824,20,Female,3,Beginner,304,50.7
R032915,58,Non-binary,1,Beginner,277,22.2
R080004,38,Male,1,Beginner,297,31.3
R029974,34,Female,1,Beginner,268,43.8
R056095,42,Male,2,Intermediate,225,36.7
R040280,42,Female,2,Advanced,189,20
R055600,58,Female,1,Beginner,261,27.4
R018192,29,Female,2,Beginner,316,20
R092512,55,Male,3,Advanced,211,36.5
R092972,62,Male,2,Intermediate,251,21.8
R027700,30,Male,3,Beginner,277,37.9
R021108,21,Female,2,Beginner,228,22.9
R023673,54,Male,1,Beginner,258,20
R065757,56,Male,2,Beginner,332,20
R024260,26,Male,2,Beginner,322,20
R082303,20,Female,2,Advanced,240,24.7
R041700,46,Non-binary,0,Beginner,,24.2
R098407,23,Female,0,Intermediate,,66.8
R038794,39,Female,3,Beginner,265,20
R054221,23,Female,1,Advanced,218,20
R085509,51,Male,0,Intermediate,,53.2
R080453,42,Female,2,Beginner,264,20
R035532,30,Female,0,Beginner,,20
R000476,63,Female,2,Beginner,326,49.4
R016481,32,Female,1,Advanced,211,20.2
R047932,58,Male,1,Beginner,241,20
R013754,52,Female,1,Advanced,217,20
R081943,24,Female,0,Intermediate,,20
R098125,60,Female,2,Beginner,254,53.3
R051675,30,Male,3,Beginner,285,27.9
R060037,64,Male,4,Intermediate,283,20
R097383,50,Male,0,Intermediate,,35.4
R033250,40,Male,2,Beginner,243,20
R075094,28,Female,2,Beginner,264,20
R052357,23,Male,2,Beginner,309,35.8
R025852,19,Female,1,Intermediate,241,54.6
R001458,34,Female,2,Beginner,288,46
R063155,62,Female,1,Beginner,276,20
R013026,41,Male,3,Intermediate,251,20
R007894,45,Female,2,Beginner,270,25.2
R007931,30,Female,4,Intermediate,261,20
R008282,56,Male,4,Intermediate,293,35.2
R052743,49,Female,2,Advanced,252,36.8
R064615,46,Male,2,Beginner,248,20
R078962,19,Female,3,Intermediate,263,113.8585882
R023819,41,Male,2,Advanced,198,48.4
R061082,25,Female,0,Beginner,,30.2
R036021,45,Male,3,Advanced,197,38.8
R037325,22,Male,0,Beginner,,20
R062226,25,Male,4,Intermediate,237,20
R072092,47,Female,1,Beginner,298,20
R084077,32,Male,1,Beginner,295,20
R078074,26,Female,1,Beginner,298,20
R013413,26,Female,4,Beginner,280,20
R056868,30,Male,3,Intermediate,236,37.3
R016489,64,Female,2,Beginner,261,29.7
R089844,58,Male,0,Beginner,,20
R047533,21,Male,0,Beginner,,20
R080365,25,Male,1,Beginner,268,20
R088429,61,Male,3,Beginner,286,20
R073333,38,Male,1,Advanced,194,36.9
R086607,50,Male,2,Intermediate,237,27.8
R044063,65,Male,1,Intermediate,198,20
R022924,22,Male,3,Beginner,280,34.2
R087664,24,Non-binary,4,Beginner,285,20
R050983,42,Female,2,Intermediate,257,25.5
R070436,52,Female,3,Intermediate,240,20
R045311,21,Male,4,Intermediate,243,20
R030683,33,Female,0,Intermediate,,33.7
R041919,36,Male,1,Intermediate,224,50
R002935,34,Male,1,Beginner,284,28.7
R074713,42,Male,3,Beginner,289,20.8
R062754,21,Female,1,Intermediate,255,28.4
R078033,56,Female,2,Beginner,301,24.1
R006810,56,Male,4,Intermediate,242,32.4
R083384,48,Female,4,Beginner,226,20
R069437,23,Female,1,Beginner,305,20
R028748,36,Female,3,Intermediate,233,29.2
R074424,56,Female,1,Advanced,229,30.1
R004447,57,Female,1,Beginner,241,20
R007925,62,Male,1,Intermediate,228,20
R031436,18,Male,0,Intermediate,,28.9
R091582,58,Male,1,Intermediate,242,20
R051956,19,Male,1,Beginner,295,20
R076797,59,Non-binary,4,Beginner,256,20
R034346,63,Male,2,Advanced,215,36.2
R085085,41,Male,4,Beginner,270,28.8
R032178,56,Male,2,Advanced,226,39.2
R019773,21,Female,4,Beginner,247,20
R018397,27,Female,3,Beginner,299,35.4
R040911,33,Female,2,Beginner,308,20
R057238,55,Female,2,Intermediate,168,27.4
R041886,24,Male,4,Beginner,269,20
R078464,61,Non-binary,6,Intermediate,265,54.1
R088821,51,Male,0,Intermediate,,20
R082408,42,Female,4,Intermediate,214,20
R010728,59,Male,2,Beginner,229,21
R090889,24,Female,3,Intermediate,231,20
R099750,62,Non-binary,2,Beginner,260,20
R093080,29,Female,1,Beginner,246,20
R044088,28,Female,2,Beginner,291,43.4
R081278,45,Non-binary,1,Beginner,254,20
R057614,53,Female,2,Beginner,261,20
R041140,43,Non-binary,1,Beginner,263,20
R022462,53,Female,1,Intermediate,235,20.1
R012931,46,Female,4,Beginner,291,22.3
R092875,43,Female,2,Beginner,255,28.4
R098534,34,Female,4,Beginner,264,20
R059760,57,Male,2,Beginner,302,20
R065871,18,Male,2,Intermediate,200,20
R090160,47,Female,3,Beginner,253,20
R083117,56,Male,0,Beginner,,32.1
R069836,49,Female,0,Beginner,,46.7
R079184,63,Male,1,Beginner,245,20
R003490,46,Female,3,Beginner,340,20
R046782,39,Male,1,Advanced,255,35
R053824,29,Female,2,Intermediate,278,43.1
R023623,23,Female,3,Beginner,299,23.3
R078690,62,Male,0,Advanced,,30.6
R072791,38,Male,2,Intermediate,257,47.1
R084757,50,Male,2,Intermediate,290,20
R072777,23,Male,3,Intermediate,230,20
R046423,21,Male,4,Beginner,253,20
R095011,29,Male,4,Intermediate,237,36.7
R028909,37,Female,0,Beginner,,44.6
R026474,27,Non-binary,1,Beginner,323,20
R054768,39,Female,0,Beginner,,30.3
R088066,62,Male,2,Intermediate,230,20
R089799,28,Non-binary,2,Beginner,296,28
R050064,20,Male,1,Beginner,289,20
R003280,43,Male,0,Beginner,,20
R054627,45,Female,0,Intermediate,,108.3973541
R067253,36,Male,2,Beginner,284,23.1
R014768,36,Male,1,Intermediate,260,20
R007918,20,Male,1,Beginner,307,20
R038023,29,Female,2,Advanced,245,20
R043360,62,Male,1,Advanced,246,35.1
R023774,65,Female,2,Beginner,261,20
R023010,50,Female,0,Intermediate,,20
R086536,18,Female,2,Intermediate,267,38.6
R042441,40,Female,4,Beginner,318,36.7
R017659,34,Male,1,Advanced,208,56.5
R008085,31,Male,2,Intermediate,285,20
R071459,65,Male,3,Advanced,239,20
R040274,62,Female,0,Beginner,,26.9
R065868,43,Male,1,Intermediate,261,25.3
R070934,39,Male,1,Intermediate,271,26.1
R034635,26,Female,5,Beginner,304,20
R016463,45,Male,2,Beginner,272,20
R061234,39,Male,1,Advanced,233,39.5
R092363,28,Female,1,Advanced,237,33.1
R087329,49,Male,1,Intermediate,230,36.5
R002451,50,Female,1,Advanced,229,28.4
R064911,31,Female,0,Beginner,,44
R069741,20,Female,0,Beginner,,20
R074774,31,Non-binary,0,Beginner,,20
R081647,53,Male,4,Beginner,282,25.7
R033472,52,Non-binary,2,Intermediate,301,20
R005624,43,Female,8,Beginner,264,20
R022403,38,Female,3,Intermediate,223,34.4
R013486,26,Male,0,Beginner,,20
R098704,61,Female,2,Beginner,289,52.2
R052429,37,Female,2,Intermediate,230,20
R025359,65,Female,1,Beginner,290,45.2
R074068,39,Female,0,Beginner,,34.4
R043125,39,Female,5,Beginner,282,20
R019255,60,Male,0,Beginner,,20
R040397,22,Male,2,Beginner,277,20
R015156,35,Female,1,Advanced,195,20
R083231,65,Male,0,Intermediate,,56.4
R064215,53,Male,3,Intermediate,264,20
R099003,43,Male,1,Intermediate,212,20
R069324,60,Male,2,Advanced,223,22
R071313,48,Male,1,Beginner,281,41.4
R037938,36,Female,2,Intermediate,233,20
R041179,35,Male,2,Intermediate,206,25.3
R012196,36,Male,6,Beginner,312,29.8
R051616,37,Female,3,Intermediate,270,34.4
R085931,49,Female,4,Beginner,293,20
R074534,52,Male,2,Intermediate,234,56.2
R052959,39,Female,1,Advanced,185,20
R009271,24,Male,0,Intermediate,,20
R075643,33,Female,0,Beginner,,37.9
R018132,35,Female,4,Intermediate,232,20
R018111,38,Female,2,Intermediate,250,20
R094862,52,Male,1,Beginner,294,26.9
R020958,40,Female,1,Beginner,286,20
R047499,59,Male,3,Beginner,316,20
R020013,44,Female,4,Beginner,256,20
R041199,57,Female,0,Beginner,,20
R019682,43,Female,7,Beginner,266,116.8699423
R064459,60,Male,1,Beginner,320,20
R008169,57,Male,2,Intermediate,266,20
R000499,22,Female,2,Intermediate,263,20
R028482,40,Male,0,Advanced,,29.5
R037218,33,Female,3,Advanced,220,20
R039399,44,Male,2,Advanced,253,22.8
R046646,51,Female,1,Beginner,249,20.5
R074648,33,Male,1,Beginner,262,20
R016174,55,Male,1,Beginner,271,20
R064576,38,Female,1,Intermediate,260,107.9063054
R062175,23,Female,2,Beginner,272,20
R072579,50,Male,2,Intermediate,229,38.7
R057318,61,Male,4,Intermediate,251,20
R046838,19,Female,1,Beginner,256,20
R021131,19,Male,2,Intermediate,245,20
R097198,22,Female,2,Beginner,268,20
R059197,51,Female,3,Advanced,196,25.7
R066510,27,Male,1,Intermediate,228,20
R014047,40,Male,1,Beginner,303,20
R052534,25,Female,2,Intermediate,252,20
R082252,51,Female,1,Advanced,219,20
R054497,38,Female,1,Beginner,295,39.6
R016653,38,Male,2,Intermediate,265,20
R099344,59,Male,4,Intermediate,242,42.9
R006854,53,Male,2,Beginner,246,20
R043401,63,Female,2,Beginner,284,46.3
R099955,42,Female,1,Intermediate,269,20
R007321,54,Female,3,Beginner,320,20
R087134,21,Female,3,Advanced,244,117.4570567
R056255,18,Female,1,Intermediate,203,42.4
R014454,20,Female,1,Beginner,297,27.5
R027408,63,Female,2,Advanced,237,40.7
R071942,23,Female,1,Beginner,304,20
R035630,28,Female,4,Advanced,215,20
R081683,40,Female,2,Beginner,297,20
R017346,59,Female,1,Intermediate,303,20
R019083,50,Male,4,Advanced,237,20
R067211,29,Female,2,Beginner,289,20
R007630,45,Female,0,Intermediate,,34.5
R091227,55,Male,3,Beginner,257,28.3
R063439,45,Male,5,Beginner,259,42.3
R052921,53,Male,2,Intermediate,267,105.5222897
R000100,18,Male,3,Advanced,216,20
R086287,57,Male,0,Advanced,,20.1
R054831,61,Male,2,Beginner,281,20
R060760,42,Male,1,Beginner,257,20
R058051,37,Female,3,Beginner,330,20
R026114,61,Male,0,Beginner,,20
R006805,27,Non-binary,2,Beginner,254,29.7
R080845,56,Female,1,Advanced,248,41.6
R013541,61,Female,3,Beginner,243,40.5
R042078,61,Male,0,Intermediate,,39.6
R018927,35,Female,0,Beginner,,20
R097986,22,Female,3,Advanced,236,20
R079934,45,Female,1,Beginner,295,25.5
R098043,42,Male,4,Intermediate,250,35.8
R060262,50,Male,2,Intermediate,266,20
R094834,61,Female,0,Beginner,,109.4942592
R027908,65,Female,2,Advanced,210,59.4
R034408,55,Male,3,Intermediate,265,20
R071364,30,Male,2,Advanced,244,20
R034531,45,Male,1,Beginner,311,20
R086196,40,Female,5,Advanced,223,67.9
R021377,51,Female,3,Beginner,328,41.1
R070419,32,Female,1,Intermediate,268,36.4
R063199,31,Male,5,Beginner,272,20
R092926,38,Female,3,Advanced,222,39.3
R029831,51,Male,4,Beginner,253,101.0537327
R096418,24,Male,2,Beginner,322,20
R050459,20,Non-binary,2,Beginner,259,20
R083256,64,Female,0,Intermediate,,42.7
R093335,37,Male,0,Advanced,,23.7
R002958,53,Female,1,Beginner,314,20
R042303,24,Male,4,Intermediate,264,20
R077011,60,Male,2,Beginner,269,20
R088171,47,Male,3,Beginner,293,20
R078397,35,Female,1,Beginner,246,48.2
R080983,27,Female,1,Beginner,249,34.8
R019516,57,Female,2,Beginner,305,20
R016177,22,Female,5,Advanced,202,37.2
R068130,49,Male,4,Advanced,200,20
R044311,32,Male,2,Beginner,326,33.8
R010968,48,Female,2,Advanced,213,31.1
R028628,43,Female,1,Beginner,261,40.5
R009914,64,Male,1,Intermediate,274,43.1
R006740,33,Male,3,Advanced,234,26.1
R075942,56,Female,2,Advanced,211,20
R058584,40,Male,1,Advanced,257,64
R020711,41,Non-binary,1,Intermediate,244,20
R094322,62,Female,2,Beginner,271,20
R092991,28,Male,3,Beginner,288,20
R069049,27,Female,3,Intermediate,265,20
R021680,54,Male,1,Advanced,221,36.8
R059148,65,Male,2,Advanced,221,41.9
R096838,31,Female,5,Advanced,298,20
R010268,38,Female,0,Beginner,,20
R023270,39,Male,3,Advanced,196,20
R028793,30,Male,2,Advanced,194,20
R033457,63,Female,4,Intermediate,279,20
R041538,44,Female,4,Advanced,225,34.7
R042370,18,Female,1,Beginner,301,20
R046705,39,Female,2,Beginner,274,20
R038604,38,Female,3,Intermediate,267,20
R001352,57,Male,1,Advanced,185,32.1
R036159,55,Non-binary,1,Intermediate,267,61.9
R047878,54,Male,1,Intermediate,277,62.9
R094008,39,Female,0,Beginner,,40.3
R056156,64,Male,3,Intermediate,260,21.6
R045863,61,Male,3,Intermediate,267,37.8
R002737,34,Non-binary,1,Intermediate,267,25.4
R053672,60,Female,3,Intermediate,206,31.8
R026562,28,Male,1,Beginner,308,46.5
R086027,31,Male,1,Beginner,307,20
R036179,63,Female,3,Beginner,306,46.2
R065166,19,Male,1,Beginner,280,20
R002083,19,Female,2,Beginner,286,20
R079321,55,Male,2,Intermediate,251,20
R089222,62,Male,4,Beginner,239,25
R074957,48,Female,1,Advanced,253,34.7
R091426,31,Male,2,Advanced,213,41.8
R074242,61,Male,3,Beginner,321,27.4
R049017,22,Male,3,Beginner,320,20
R013633,34,Female,1,Intermediate,226,31
R044510,26,Male,3,Advanced,243,55.3
R061187,62,Female,0,Intermediate,,20
R080702,47,Female,2,Advanced,232,41.9
R039548,43,Female,3,Beginner,328,20
R042885,30,Male,1,Advanced,244,108.8185336
R090351,34,Male,3,Intermediate,228,25.8
R048305,62,Male,3,Beginner,301,33.3
R000536,46,Male,0,Intermediate,,20
R043925,53,Female,2,Advanced,207,42.1
R077876,32,Female,3,Beginner,249,20
R018045,60,Female,2,Advanced,225,20
R055890,64,Male,1,Beginner,257,32.8
R081328,23,Male,2,Beginner,282,29.3
R036609,28,Female,0,Intermediate,,33.6
R028430,24,Male,2,Beginner,322,50.4
R018604,27,Male,3,Advanced,215,47.5
R026722,40,Female,6,Beginner,357,37.3
R045721,46,Female,1,Beginner,280,38.8
R079613,53,Male,1,Intermediate,238,46.5
R035376,32,Male,2,Intermediate,269,31.7
R006975,51,Female,4,Beginner,275,20
R009740,56,Non-binary,3,Beginner,300,49.1
R041592,32,Female,5,Beginner,305,45.2
R052904,56,Male,3,Beginner,349,24.7
R005643,18,Female,2,Intermediate,231,57.8
R068315,21,Male,1,Beginner,335,22.5
R007774,41,Female,0,Beginner,,101.650407
R098143,23,Male,4,Beginner,243,20
R047887,47,Female,3,Intermediate,239,35.7
R014118,58,Male,3,Intermediate,251,20
R040583,45,Male,1,Advanced,197,32.9
R027386,28,Female,2,Beginner,276,30.9
R086573,56,Female,3,Beginner,302,44.3
R041035,38,Female,2,Intermediate,289,20
R086289,22,Female,0,Intermediate,,20
R050410,29,Female,6,Beginner,313,20
R086645,49,Female,2,Beginner,270,20
R005227,37,Female,4,Intermediate,244,101.4043527
R072958,53,Male,5,Intermediate,266,20
R008842,58,Male,2,Advanced,226,45.7
R080294,22,Female,2,Advanced,224,102.7138398
R043789,35,Female,1,Advanced,247,30.5
R009137,55,Non-binary,1,Intermediate,238,25.6
R095872,31,Female,4,Intermediate,266,50.2
R050516,42,Female,3,Advanced,203,103.3564024
R051526,21,Female,2,Intermediate,296,27.7
R010630,20,Male,2,Advanced,220,31.1
R023536,60,Male,3,Beginner,274,20
R061495,40,Male,2,Intermediate,276,20
R092002,33,Male,0,Advanced,,20
R041829,55,Female,2,Intermediate,283,42.8
R036966,60,Female,0,Beginner,,20
R068554,62,Female,0,Advanced,,20
R023727,38,Male,3,Beginner,259,20
R026006,28,Male,0,Intermediate,,20
R055182,41,Male,1,Intermediate,256,26.9
R006271,28,Non-binary,1,Intermediate,221,51.1
R009697,54,Male,2,Beginner,287,117.8977296
R028545,28,Female,1,Beginner,293,20
R098102,47,Female,1,Beginner,251,35.6
R087346,22,Male,2,Intermediate,267,48.3
R097390,34,Female,1,Advanced,201,20
R097455,64,Female,0,Beginner,,30
R058615,42,Male,1,Beginner,305,26.1
R040056,43,Female,8,Intermediate,277,20
R052744,23,Female,3,Beginner,256,20
R028569,29,Female,0,Beginner,,20
R007911,62,Male,2,Beginner,296,20
R009056,41,Female,1,Beginner,236,21.8
R019493,34,Female,2,Advanced,193,104.1113871
R040111,47,Male,1,Beginner,304,20
R078847,41,Non-binary,0,Beginner,,23.5
R024483,39,Female,1,Beginner,305,28
R030852,21,Male,3,Beginner,259,29.2
R068410,64,Female,2,Beginner,252,23
R078712,26,Male,1,Beginner,308,21.3
R068549,39,Male,2,Beginner,285,20
R040526,21,Male,1,Advanced,185,27.2
R072860,57,Male,1,Intermediate,253,24.8
R064903,59,Male,0,Intermediate,,20
R018769,22,Male,3,Advanced,207,45.1
R039268,47,Female,4,Beginner,302,20
R042593,51,Female,3,Beginner,310,32.3
R057226,30,Female,2,Intermediate,227,56
R099668,39,Male,3,Beginner,296,20
R070025,58,Male,2,Beginner,241,23.3
R051726,24,Male,1,Beginner,264,20
R005248,27,Male,3,Intermediate,244,20
R008365,48,Male,5,Intermediate,247,110.1962394
R083372,62,Male,1,Beginner,285,20
R093602,18,Female,2,Intermediate,231,20
R014538,54,Male,0,Beginner,,20
R032778,55,Female,1,Advanced,203,43.2
R007949,34,Female,3,Advanced,239,100.388342
R058686,18,Male,0,Intermediate,,20
R023355,50,Male,0,Intermediate,,20
R066228,56,Female,1,Intermediate,210,34.1
R038459,46,Female,3,Advanced,190,20
R015686,44,Non-binary,3,Advanced,268,24.4
R093329,43,Female,3,Beginner,290,113.819796
R065492,33,Male,1,Intermediate,285,20
R061988,33,Male,3,Advanced,231,41
R028880,32,Male,5,Intermediate,312,110.5568599
R060573,65,Female,3,Beginner,281,20
R059361,54,Male,5,Beginner,278,41.9
R088838,45,Male,2,Beginner,311,40.1
R096198,45,Male,4,Intermediate,271,20
R064258,36,Female,4,Intermediate,264,55.9
R078433,50,Male,3,Beginner,259,20
R020259,47,Male,1,Beginner,284,20
R018471,50,Female,1,Beginner,247,20
R027828,20,Female,3,Beginner,304,20
R066740,35,Male,4,Beginner,309,23
R038091,37,Male,1,Beginner,251,55.6
R021329,27,Female,4,Intermediate,220,20
R007301,54,Female,0,Intermediate,,20
R024280,18,Male,2,Intermediate,252,20
R092729,27,Female,6,Beginner,254,20
R093828,52,Female,0,Intermediate,,51
R044278,64,Male,2,Intermediate,226,34.5
R088635,54,Female,2,Beginner,308,20
R005657,34,Female,2,Beginner,240,20
R019942,28,Female,1,Beginner,258,20
R026037,39,Male,2,Beginner,254,20
R069876,55,Female,2,Advanced,235,33.2
R005963,21,Male,2,Advanced,202,63.4
R091829,29,Female,4,Advanced,201,20
R000974,54,Male,2,Beginner,286,28.6
R064487,54,Female,0,Beginner,,20
R045662,38,Female,3,Beginner,261,20
R088815,57,Female,2,Advanced,225,51.7
R047076,29,Male,4,Advanced,253,36.8
R026397,20,Male,0,Intermediate,,47.8
R090103,48,Male,0,Intermediate,,23.2
R084203,30,Male,0,Advanced,,61.2
R079340,61,Male,2,Beginner,273,31.3
R069001,31,Female,5,Beginner,312,20
R083223,19,Female,2,Intermediate,227,49.5
R074290,57,Male,3,Advanced,272,27.3
R048713,58,Male,2,Beginner,286,25.5
R054345,29,Non-binary,1,Intermediate,267,30
R022681,51,Female,2,Beginner,247,20
R007278,19,Female,0,Intermediate,,20
R007916,58,Male,4,Beginner,318,20
R023785,23,Male,2,Beginner,258,35.1
R097312,54,Male,0,Intermediate,,20
R087899,51,Non-binary,3,Intermediate,236,20
R056099,54,Male,2,Beginner,295,20
R000352,54,Female,2,Beginner,299,35.7
R010473,37,Female,2,Intermediate,260,23.4
R027789,59,Male,2,Intermediate,215,20
R021387,64,Female,4,Intermediate,235,30.6
R076461,24,Female,3,Beginner,267,43.7
R064961,32,Female,1,Beginner,320,20
R033600,31,Female,0,Beginner,,20
R077918,18,Female,1,Advanced,208,50.8
R041839,19,Female,1,Beginner,259,21.7
R061381,31,Non-binary,3,Beginner,281,20
R034031,27,Non-binary,2,Intermediate,248,30.4
R021970,56,Male,4,Beginner,219,20
R079140,60,Female,3,Intermediate,264,40.4
R068872,38,Female,0,Intermediate,,20
R014610,19,Male,1,Intermediate,221,20
R017848,29,Female,2,Intermediate,259,20
R052979,19,Male,3,Advanced,264,42
R088623,18,Female,5,Beginner,278,36.8
R040893,55,Female,3,Beginner,257,21.9
R010361,55,Female,4,Intermediate,241,20
R019122,43,Male,0,Intermediate,,31.3
R004371,25,Male,1,Beginner,295,80.2
R003393,35,Female,0,Beginner,,20
R015637,24,Female,1,Beginner,249,20
R058428,33,Male,3,Beginner,290,20
R087259,49,Female,1,Beginner,243,20
R017024,37,Male,3,Beginner,305,20
R091617,28,Male,2,Beginner,317,20
R034304,51,Female,1,Beginner,298,38.6
R079371,52,Male,2,Advanced,235,20
R074952,42,Female,3,Intermediate,264,20
R044152,40,Male,3,Beginner,290,32.5
R011365,58,Female,1,Intermediate,254,20
R035001,60,Male,1,Beginner,274,49.5
R080600,49,Male,5,Advanced,226,117.8004389
R039506,34,Female,2,Advanced,239,29.2
R027565,55,Male,3,Advanced,229,52.3
R027516,57,Male,0,Intermediate,,20
R033721,40,Male,2,Intermediate,245,20
R096657,43,Male,0,Intermediate,,34.1
R012293,21,Male,2,Beginner,296,20
R023661,52,Male,1,Beginner,219,20
R017626,61,Female,3,Advanced,229,20.8
R082359,24,Female,2,Beginner,264,50.6
R085130,32,Female,3,Beginner,243,20
R094716,41,Female,0,Intermediate,,119.3302153
R037496,32,Male,3,Intermediate,255,24.5
R093492,21,Female,4,Beginner,288,20
R069482,44,Female,1,Beginner,306,20
R093408,38,Female,4,Intermediate,239,20
R072083,63,Male,5,Beginner,303,23.2
R071389,45,Male,1,Advanced,215,45.9
R039320,18,Female,1,Advanced,216,20
R001902,50,Male,2,Intermediate,266,42
R044070,39,Non-binary,3,Intermediate,236,20
R094605,45,Male,1,Intermediate,251,74.5
R002605,38,Non-binary,0,Intermediate,,20
R029614,39,Female,1,Beginner,281,40.7
R059254,58,Male,1,Intermediate,210,26.5
R079367,24,Male,1,Intermediate,244,20
R046369,26,Female,1,Advanced,205,20
R023754,19,Male,1,Intermediate,300,20
R060750,32,Female,2,Beginner,303,20
R075120,53,Female,1,Beginner,279,20
R093375,22,Female,3,Beginner,296,42.6
R034711,32,Male,0,Beginner,,20
R011761,27,Male,1,Beginner,242,20
R011228,59,Male,5,Intermediate,276,34.7
R071405,28,Female,2,Intermediate,188,30.9
R052140,27,Male,3,Beginner,305,20
R011405,31,Male,0,Beginner,,20
R001530,42,Female,5,Beginner,260,20
R057499,45,Female,1,Intermediate,256,20
R069562,22,Female,2,Beginner,289,20
R047766,63,Male,2,Advanced,181,23.1
R071457,26,Female,1,Intermediate,243,47.5
R014787,22,Male,6,Beginner,289,43.6
R096650,50,Female,1,Intermediate,227,29
R053149,24,Female,2,Beginner,310,20
R014243,45,Male,1,Intermediate,224,20
R084609,49,Female,3,Beginner,214,20
R041643,65,Male,2,Beginner,263,34.9
R060350,63,Male,1,Beginner,270,20
R017059,37,Male,1,Beginner,304,20
R083668,50,Female,2,Beginner,286,27.5
R038375,39,Female,1,Beginner,268,20
R069237,59,Female,1,Beginner,261,20
R039492,43,Male,3,Intermediate,233,20
R075513,53,Male,2,Beginner,281,20
R095658,18,Female,2,Intermediate,227,20
R058750,60,Male,0,Beginner,,20
R013875,65,Male,1,Beginner,319,20
R033430,22,Female,2,Intermediate,243,20
R019375,59,Female,2,Intermediate,226,22.3
R063535,57,Female,0,Beginner,,20
R023061,38,Female,1,Beginner,256,20
R002419,64,Male,4,Beginner,284,113.6753201
R028599,60,Female,2,Beginner,345,20.4
R047608,26,Female,4,Beginner,240,20
R042259,57,Male,1,Intermediate,250,20
R022271,21,Male,0,Advanced,,57.2
R055663,61,Female,2,Beginner,267,20
R066934,62,Male,3,Beginner,274,20
R095368,23,Male,3,Beginner,280,20
R094679,45,Female,1,Beginner,278,20
R090370,30,Non-binary,1,Beginner,259,20
R040564,25,Female,2,Advanced,221,20
R091670,51,Male,3,Beginner,320,38.4
R033530,53,Female,3,Intermediate,228,53.3
R095236,31,Male,3,Intermediate,271,27.3
R019170,53,Female,2,Intermediate,210,20
R000469,39,Male,7,Intermediate,246,25.2
R083659,49,Male,6,Intermediate,265,20
R081135,54,Male,2,Beginner,286,27.2
R059443,23,Male,2,Intermediate,255,42.7
R096625,59,Female,2,Advanced,216,20
R093211,56,Male,4,Beginner,239,33.9
R048102,42,Male,2,Advanced,210,69.4
R012141,56,Male,1,Advanced,173,20.8
R072920,57,Male,3,Beginner,285,20
R092479,30,Female,1,Intermediate,260,20
R032634,26,Male,1,Beginner,281,20
R090323,63,Male,3,Intermediate,306,20
R099373,37,Male,1,Intermediate,254,23.3
R066610,62,Female,2,Advanced,219,55.5
R098456,46,Female,2,Intermediate,228,106.0881914
R064674,31,Female,2,Advanced,251,27
R016379,40,Male,2,Advanced,223,79.3
R062726,37,Male,5,Beginner,318,20
R048698,28,Female,0,Intermediate,,21.2
R016046,59,Female,2,Advanced,196,20
R075359,41,Male,3,Beginner,258,20
R033954,41,Male,1,Beginner,246,32.8
R022242,65,Female,1,Intermediate,216,42.9
R038205,36,Male,3,Advanced,214,20
R032325,32,Female,3,Beginner,277,31
R020048,38,Female,2,Beginner,273,20.2
R055174,54,Male,3,Beginner,282,20
R069609,32,Male,4,Advanced,194,20
R047423,59,Male,0,Intermediate,,32.7
R035672,27,Female,3,Beginner,299,20
R023218,34,Male,1,Beginner,287,20
R090021,32,Female,0,Beginner,,20
R081363,48,Male,0,Advanced,,36
R054916,42,Female,1,Beginner,285,20
R099017,39,Male,0,Intermediate,,20
R057077,39,Male,1,Advanced,207,22.9
R031480,46,Female,5,Beginner,265,26.1
R034280,31,Female,2,Beginner,267,20
R010823,31,Female,3,Intermediate,283,21.7
R056862,56,Male,2,Advanced,205,38.1
R092983,54,Male,3,Beginner,305,25.4
R087613,55,Male,3,Beginner,262,23.6
R009786,39,Female,2,Beginner,254,20
R001685,58,Male,2,Beginner,237,20
R006165,32,Male,3,Beginner,250,22.8
R019008,35,Female,2,Advanced,235,20
R080756,21,Female,1,Intermediate,290,25.5
R089857,31,Male,3,Beginner,302,37.6
R089132,25,Female,1,Advanced,260,61.5
R087705,47,Male,2,Beginner,284,40.7
R074250,37,Female,1,Intermediate,255,20
R016628,45,Male,5,Intermediate,247,20
R072203,32,Female,3,Beginner,301,20
R018345,38,Female,2,Advanced,244,28.7
R024529,52,Female,1,Beginner,285,22.9
R008712,49,Male,6,Intermediate,248,35
R063750,39,Male,1,Intermediate,279,20
R003303,34,Female,1,Advanced,160,20
R023660,43,Male,1,Intermediate,178,20
R012554,25,Male,2,Beginner,273,20
R081141,44,Male,2,Beginner,285,28.3
R078821,58,Female,0,Beginner,,24.3
R067722,31,Male,0,Beginner,,20
R004047,30,Female,1,Advanced,163,58.4
R062330,29,Male,3,Beginner,293,20
R061509,64,Male,1,Beginner,241,27.1
R075293,40,Male,3,Beginner,289,20
R082652,61,Male,3,Beginner,316,22.5
R048315,60,Male,2,Beginner,305,20
R011092,34,Male,0,Intermediate,,20
R053978,43,Male,1,Intermediate,266,41.4
R077929,19,Female,0,Advanced,,34.7
R061231,24,Male,3,Intermediate,266,20
R003106,28,Female,2,Beginner,290,20
R098570,53,Male,2,Intermediate,254,20
R049540,29,Male,3,Intermediate,250,20
R090632,37,Male,1,Beginner,275,39
R076457,24,Female,3,Intermediate,186,20
R062046,32,Male,4,Intermediate,309,20
R028087,56,Female,3,Beginner,285,20
R077951,37,Female,2,Beginner,300,20
R085788,41,Female,4,Advanced,212,21.8
R051835,47,Male,0,Advanced,,20
R043289,49,Female,1,Beginner,314,26.6
R056760,59,Female,4,Advanced,207,33.3
R000823,34,Female,1,Beginner,311,20
R059694,18,Female,1,Intermediate,225,35.5
R050434,19,Female,2,Beginner,291,20
R073959,25,Male,0,Beginner,,49.8
R048448,64,Female,4,Beginner,294,20
R057826,40,Male,0,Intermediate,,20
R041524,40,Male,2,Beginner,269,20
R033111,45,Female,1,Beginner,289,20
R072790,29,Male,3,Beginner,261,25.9
R015318,48,Male,1,Intermediate,235,29.8
R034425,57,Male,0,Intermediate,,24.2
R081071,50,Female,2,Beginner,313,20
R073250,37,Male,3,Advanced,178,34.8
R078315,53,Female,1,Beginner,258,20
R077135,42,Male,2,Intermediate,272,20
R005793,59,Female,2,Intermediate,249,113.4994484
R015574,60,Male,2,Beginner,273,20
R058855,56,Female,2,Beginner,271,20
R004028,44,Female,0,Advanced,,53.2
R034197,44,Female,1,Intermediate,223,51.8
R015114,30,Non-binary,2,Advanced,220,33.6
R091540,59,Female,1,Advanced,228,20
R015515,55,Non-binary,2,Intermediate,245,20
R075378,41,Male,5,Beginner,281,47.4
R062134,19,Male,3,Advanced,202,36.4
R025898,37,Male,2,Beginner,251,20
R024792,42,Male,0,Beginner,,20
R026265,21,Male,1,Beginner,251,48.9
R021464,41,Male,3,Beginner,246,20
R099029,58,Female,3,Beginner,233,20.9
R093910,34,Male,0,Beginner,,20
R047774,59,Male,3,Beginner,305,20
R041907,43,Female,1,Beginner,313,20
R080318,34,Female,2,Beginner,295,20
R090051,54,Male,4,Intermediate,249,20
R071380,64,Male,3,Advanced,210,20
R084713,26,Male,2,Beginner,274,20
R019794,29,Male,4,Beginner,282,20
R010293,34,Male,1,Beginner,268,20
R071069,53,Male,1,Beginner,240,20
R091728,64,Male,1,Intermediate,245,20
R025676,39,Female,1,Intermediate,254,20
R031613,43,Male,1,Beginner,273,37.2
R049735,22,Male,2,Intermediate,236,47.2
R086169,19,Non-binary,3,Beginner,282,20
R093161,51,Male,0,Beginner,,20
R069296,31,Male,1,Advanced,184,20
R001021,61,Female,2,Advanced,248,32.4
R087703,60,Male,1,Beginner,251,20
R084900,60,Female,3,Beginner,298,22.6
R015296,62,Female,4,Intermediate,250,32.9
R015608,60,Male,1,Intermediate,263,32
R091530,62,Male,1,Advanced,260,20
R030284,48,Male,2,Beginner,302,23.4
R018823,43,Male,3,Advanced,213,46.1
R030892,46,Female,1,Intermediate,271,20
R016534,50,Female,2,Intermediate,271,43.7
R042016,23,Male,1,Beginner,324,41.8
R011721,31,Male,1,Intermediate,240,20
R094342,55,Male,5,Intermediate,240,20
R027841,37,Female,5,Intermediate,245,21.7
R067473,52,Female,3,Advanced,218,23.4
R083230,51,Female,2,Beginner,311,20
R070714,62,Male,3,Beginner,348,20
R089557,46,Male,3,Beginner,254,55.2
R026855,38,Male,1,Beginner,291,20
R026059,19,Female,4,Intermediate,227,20
R062968,42,Non-binary,6,Beginner,279,20
R076094,49,Male,3,Beginner,273,20
R063257,33,Female,5,Beginner,268,20
R038106,60,Female,2,Intermediate,253,20
R011758,45,Non-binary,1,Beginner,256,20
R047295,28,Male,3,Beginner,298,39.6
R044588,28,Male,1,Beginner,304,20.4
R076223,55,Female,2,Beginner,283,33.2
R076496,29,Female,5,Beginner,295,36.7
R048913,35,Female,0,Advanced,,33.5
R071288,65,Non-binary,1,Beginner,253,20
R037797,44,Female,1,Intermediate,215,20.5
R010377,50,Male,3,Beginner,289,52.7
R037463,59,Male,2,Intermediate,272,53.7
R032520,26,Female,2,Beginner,325,20
R002629,35,Female,2,Advanced,228,20
R033386,39,Female,2,Beginner,283,31.8
R054526,24,Female,2,Advanced,254,24.1
R016028,56,Male,5,Intermediate,264,20
R068826,60,Female,2,Beginner,269,30.2
R010250,43,Male,2,Intermediate,269,20
R071052,46,Female,4,Beginner,266,20
R003860,51,Female,2,Beginner,274,20
R024975,32,Female,1,Beginner,264,24.6
R086112,35,Female,2,Beginner,275,38.7
R007645,57,Male,0,Beginner,,20
R072467,42,Male,4,Beginner,258,38.8
R023139,63,Male,2,Intermediate,234,20
R029335,57,Female,0,Intermediate,,20
R003527,40,Female,4,Advanced,210,33
R099767,60,Female,3,Beginner,303,20
R002559,27,Male,0,Beginner,,20
R072873,27,Male,3,Advanced,145,46.4
R076715,28,Female,2,Beginner,315,32.4
R069756,54,Male,2,Advanced,197,50.3
R052584,35,Female,2,Beginner,294,20
R098973,58,Female,2,Beginner,308,20
R054203,54,Male,2,Beginner,267,20
R098103,40,Male,1,Beginner,304,113.8863928
R080177,44,Female,2,Intermediate,255,24.4
R015225,19,Female,0,Intermediate,,31.5
R095889,29,Male,1,Beginner,262,32.4
R071383,24,Female,1,Advanced,245,25.4
R088172,56,Male,1,Beginner,277,20
R003586,18,Female,3,Intermediate,269,26.9
R035787,36,Female,4,Beginner,258,20
R045154,28,Male,3,Intermediate,270,27
R093759,55,Male,2,Intermediate,275,44.5
R039531,60,Female,1,Advanced,215,25
R094983,59,Male,0,Advanced,,53.9
R096196,35,Female,1,Beginner,275,20
R052527,19,Female,3,Advanced,226,28.7
R077042,24,Male,1,Beginner,291,20
R011610,24,Female,1,Beginner,277,35.5
R025180,53,Male,1,Beginner,275,41.3
R090343,25,Male,5,Advanced,197,71.2
R065875,28,Non-binary,2,Beginner,295,108.99927
R008196,29,Female,1,Advanced,225,49.6
R040992,55,Male,2,Beginner,300,20
R033380,49,Female,2,Beginner,260,29.3
R004924,47,Female,3,Intermediate,186,20.4
R026571,56,Female,0,Beginner,,20
R003825,18,Male,2,Advanced,250,20
R057145,43,Male,5,Beginner,261,20
R081272,31,Male,3,Intermediate,259,20
R076480,63,Female,1,Intermediate,200,107.8051711
R048328,22,Female,3,Advanced,241,31.5
R079515,52,Female,2,Beginner,307,20
R064987,50,Female,1,Intermediate,305,20
R072425,53,Male,2,Intermediate,236,56.1
R086915,57,Male,0,Beginner,,20
R010306,48,Female,2,Intermediate,223,20
R098139,27,Male,3,Beginner,307,20
R072996,27,Male,2,Beginner,264,20
R012093,33,Male,0,Beginner,,42.8
R093470,57,Male,1,Beginner,288,20
R067583,49,Female,2,Intermediate,242,30.6
R053000,23,Male,4,Beginner,285,20
R017682,19,Female,3,Beginner,302,26.5
R013068,36,Female,3,Intermediate,257,38.9
R012074,39,Male,1,Beginner,287,20
R086320,54,Female,0,Advanced,,42.3
R084412,37,Female,2,Advanced,231,20
R028585,20,Male,2,Advanced,188,26.2
R084402,24,Male,2,Advanced,252,25.5
R083164,32,Male,2,Beginner,267,20
R058281,43,Male,2,Intermediate,228,20
R001096,59,Female,5,Beginner,290,24.5
R089734,42,Female,3,Beginner,295,22.6
R044156,38,Female,1,Advanced,244,20
R019525,53,Female,0,Intermediate,,20
R029313,56,Female,0,Intermediate,,30.4
R064923,26,Female,2,Beginner,279,20
R017418,63,Male,1,Advanced,194,20
R051334,28,Female,1,Beginner,256,24.9
R099279,33,Female,6,Intermediate,236,20
R000956,23,Female,2,Beginner,296,20
R098169,33,Male,1,Beginner,304,20
R098056,54,Female,0,Intermediate,,48.2
R081288,60,Female,0,Beginner,,56.8
R047467,29,Male,1,Beginner,234,20
R058401,27,Male,1,Advanced,228,20
R077437,18,Female,2,Beginner,287,27.6
R037898,63,Female,2,Intermediate,285,20
R009774,48,Male,4,Beginner,307,37.5
R048421,28,Male,3,Intermediate,220,51.3
R073989,45,Male,0,Beginner,,37
R043167,36,Male,3,Beginner,305,33.6
R080563,41,Male,2,Beginner,283,21.8
R006885,63,Male,5,Intermediate,269,20
R092862,52,Male,1,Beginner,308,51.5
R077312,24,Female,1,Advanced,219,20
R095381,44,Male,4,Beginner,293,32.5
R044506,47,Male,5,Intermediate,256,20.9
R041881,55,Male,3,Beginner,298,32.2
R087331,39,Male,4,Advanced,230,69.2
R004185,51,Female,2,Beginner,279,20
R060572,49,Female,0,Intermediate,,20
R070925,22,Male,2,Intermediate,204,41.5
R079940,57,Female,2,Beginner,272,37.3
R032119,53,Female,2,Beginner,286,55.9
R066148,22,Male,1,Beginner,298,37.3
R072890,52,Male,4,Beginner,291,20
R048791,53,Female,4,Beginner,270,54.2
R076556,35,Male,2,Beginner,271,31.5
R046993,23,Male,3,Beginner,301,20
R066499,19,Female,1,Beginner,292,32.6
R013194,23,Female,1,Intermediate,244,31.9
R025088,60,Female,5,Beginner,318,20
R008212,32,Male,1,Beginner,327,20
R098918,19,Male,2,Beginner,279,47
R039243,57,Female,1,Beginner,301,26.6
R082445,64,Male,2,Beginner,274,20
R009207,47,Female,0,Intermediate,,38.6
R050772,58,Male,4,Intermediate,284,24.7
R057002,39,Female,1,Intermediate,243,44.9
R016011,21,Female,1,Beginner,264,42.2
R054571,37,Female,2,Advanced,224,22.8
R000046,31,Female,0,Beginner,,20
R026437,27,Female,3,Intermediate,257,25.2
R045887,28,Female,2,Beginner,294,20
R094857,65,Female,2,Beginner,229,20
R080673,58,Non-binary,1,Intermediate,259,41
R008570,34,Female,1,Beginner,253,20
R099090,57,Male,1,Advanced,205,50.9
R038751,38,Female,3,Intermediate,280,25
R049979,19,Male,4,Intermediate,247,20
R087422,56,Female,2,Intermediate,286,34.3
R000970,26,Female,0,Beginner,,27.4
R014705,33,Non-binary,1,Advanced,276,24.4
R081174,45,Male,1,Beginner,257,20
R083408,44,Male,0,Intermediate,,26.7
R011861,53,Female,4,Advanced,257,46.8
R096583,18,Male,1,Advanced,173,55.4
R049290,52,Female,3,Beginner,254,20
R084043,62,Male,0,Beginner,,20
R047199,55,Male,2,Beginner,292,20
R018592,51,Female,1,Beginner,291,20
R011950,39,Female,2,Intermediate,249,33.3
R029646,63,Female,2,Advanced,187,54.7
R019608,30,Female,1,Intermediate,274,119.0609231
R026142,35,Non-binary,1,Intermediate,273,38.1
R066565,25,Male,3,Beginner,282,34.3
R026526,55,Female,2,Beginner,280,20
R065121,52,Non-binary,2,Intermediate,224,45.4
R076702,57,Female,3,Beginner,261,27.6
R043671,56,Male,4,Advanced,229,60.9
R044031,31,Male,2,Intermediate,252,20
R017355,51,Male,3,Intermediate,224,20
R021736,58,Male,2,Beginner,313,32.6
R086744,60,Male,6,Beginner,288,20
R002410,47,Male,3,Advanced,223,20
R034148,27,Female,3,Beginner,256,20
R047864,40,Female,2,Intermediate,287,41.8
R035411,21,Female,2,Intermediate,284,28.7
R036848,32,Male,3,Beginner,238,26.8
R002815,20,Female,2,Intermediate,236,20
R085427,26,Female,1,Intermediate,272,20
R096476,45,Male,5,Beginner,257,20
R084083,20,Male,2,Beginner,279,22.5
R008098,34,Non-binary,1,Beginner,302,20
R091708,25,Male,3,Beginner,315,44.9
R081245,42,Female,0,Beginner,,29.2
R063361,48,Female,1,Beginner,251,20
R002579,21,Male,1,Intermediate,258,42.5
R084158,25,Male,4,Beginner,280,20
R033731,49,Female,0,Intermediate,,20
R071339,35,Female,4,Beginner,263,20
R088953,39,Female,3,Beginner,300,32.1
R079054,28,Male,0,Beginner,,30.3
R066803,25,Male,5,Intermediate,278,28.7
R018749,47,Female,0,Advanced,,20
R043466,39,Female,2,Beginner,282,20
R017155,50,Male,2,Advanced,241,70.5
R078717,20,Male,3,Advanced,270,24.4
R072001,18,Female,2,Beginner,268,20
R062630,33,Male,0,Intermediate,,40.9
R082099,30,Male,4,Intermediate,263,22.2
R011765,24,Male,3,Intermediate,259,31.5
R099832,23,Female,2,Intermediate,261,22.9
R038845,31,Male,3,Beginner,269,20
R026274,50,Female,1,Intermediate,258,55.3
R069031,41,Female,1,Beginner,310,116.2032403
R002229,54,Male,1,Beginner,291,41.8
R035277,21,Female,1,Advanced,207,33.2
R021639,26,Female,1,Intermediate,276,20
R052803,42,Female,2,Beginner,265,32.6
R017766,40,Male,2,Advanced,191,20
R083708,43,Female,0,Beginner,,109.2318305
R086514,48,Female,3,Intermediate,235,20
R096109,58,Male,1,Intermediate,273,29.7
R092435,24,Male,2,Advanced,195,20
R026046,24,Male,2,Intermediate,274,21
R010448,55,Female,2,Advanced,202,20
R030910,65,Male,1,Beginner,269,20
R003078,39,Male,0,Intermediate,,20
R095629,37,Female,3,Intermediate,244,59
R000296,52,Female,3,Beginner,282,40
R027487,29,Female,2,Intermediate,233,20
R097940,59,Female,3,Beginner,326,20
R018786,37,Female,4,Intermediate,225,20
R039478,38,Male,2,Beginner,279,20
R003130,33,Female,3,Intermediate,276,25.7
R020410,23,Female,1,Intermediate,238,20
R019645,62,Female,2,Intermediate,233,28.8
R031933,28,Female,2,Beginner,285,39.5
R039432,54,Female,1,Beginner,296,23.8
R009068,50,Male,2,Intermediate,232,22.7
R008175,43,Non-binary,2,Beginner,280,20
R037478,34,Male,2,Beginner,292,20
R093619,40,Male,3,Advanced,230,42.6
R002957,41,Female,2,Beginner,275,20.8
R002160,58,Male,5,Advanced,176,20
R084252,57,Female,3,Beginner,263,28.5
R014708,19,Female,4,Intermediate,255,20
R047597,42,Male,1,Advanced,202,41.9
R011736,47,Male,2,Beginner,289,20
R070894,58,Female,0,Intermediate,,20
R065803,27,Female,1,Intermediate,253,27.4
R099516,59,Male,0,Intermediate,,20
R084738,31,Female,3,Beginner,274,44.5
R006211,64,Female,1,Intermediate,251,24.1
R015456,47,Female,3,Beginner,285,20
R051787,24,Male,1,Beginner,271,20
R082487,23,Male,0,Intermediate,,26.1
R063072,46,Female,2,Intermediate,224,20
R085505,25,Male,1,Advanced,215,20
R064536,22,Non-binary,4,Beginner,274,20
R017213,38,Male,0,Beginner,,20
R051479,32,Male,0,Beginner,,50
R077240,60,Male,2,Beginner,241,29.9
R005189,33,Female,2,Intermediate,283,44.6
R068440,39,Female,4,Beginner,243,20
R050255,35,Male,2,Advanced,192,20
R080381,37,Male,2,Intermediate,238,54.6
R069200,31,Female,2,Beginner,246,20
R010887,45,Female,2,Intermediate,216,20
R016549,51,Female,3,Advanced,215,41.6
R005233,54,Female,1,Beginner,271,36.7
R003951,35,Female,1,Beginner,315,20
R031663,25,Male,1,Intermediate,235,27.9
R052336,58,Female,1,Beginner,281,23.3
R000895,39,Male,3,Beginner,227,20
R049603,45,Female,2,Intermediate,305,25.8
R088493,33,Non-binary,1,Beginner,300,20
R077047,50,Male,4,Advanced,225,20
R067483,23,Female,1,Advanced,217,40.2
R041876,45,Female,1,Beginner,226,31.6
R028404,63,Female,3,Intermediate,263,20
R087604,51,Male,3,Beginner,255,34.6
R073936,62,Male,2,Intermediate,254,20
R024849,38,Female,3,Beginner,272,26.8
R088539,54,Male,2,Beginner,274,20
R072114,60,Female,2,Intermediate,268,20
R024353,39,Male,0,Intermediate,,54.6
R057875,64,Female,2,Beginner,259,23.3
R049415,26,Male,2,Intermediate,257,46.8
R023784,31,Female,3,Intermediate,239,45.8
R072801,46,Female,2,Beginner,280,27.2
R049204,23,Male,2,Intermediate,216,20
R099732,50,Male,1,Beginner,266,22.9
R095233,60,Female,0,Intermediate,,20
R090079,38,Female,2,Advanced,177,20
R088448,57,Male,1,Beginner,260,30.3
R060278,62,Male,0,Beginner,,20
R099544,53,Female,2,Beginner,267,28.9
R064861,43,Female,2,Advanced,232,20
R041492,57,Male,1,Advanced,209,21
R063931,36,Male,1,Advanced,196,20
R020972,64,Female,4,Intermediate,237,20
R053234,26,Female,2,Intermediate,202,22.1
R064862,62,Female,2,Intermediate,279,21.4
R011199,45,Female,3,Beginner,305,47.9
R046013,35,Male,2,Beginner,288,20
R003344,52,Male,1,Beginner,246,20
R071270,49,Female,1,Intermediate,303,20
R059877,36,Female,2,Beginner,297,20
R001736,51,Male,1,Beginner,266,20
R036624,20,Female,3,Beginner,267,40.1
R034172,27,Female,2,Intermediate,264,51
R099518,52,Female,0,Beginner,,108.4771477
R086492,41,Female,1,Beginner,312,27.4
R081589,61,Female,0,Beginner,,39.6
R057571,41,Female,0,Beginner,,30.9
R056084,28,Female,0,Advanced,,20
R065782,41,Female,1,Intermediate,296,20
R017323,45,Male,1,Intermediate,272,32.2
R017994,35,Female,3,Beginner,288,24.9
R091046,48,Female,1,Beginner,301,20
R039577,29,Female,0,Beginner,,25.9
R000448,29,Male,0,Beginner,,23
R006834,52,Female,3,Intermediate,259,20
R032451,22,Female,3,Advanced,249,20
R040746,31,Female,2,Intermediate,249,44.1
R084777,60,Female,2,Intermediate,254,20
R015494,55,Non-binary,1,Advanced,260,20
R000931,37,Female,2,Beginner,261,20
R060936,40,Male,3,Beginner,286,20
R017071,22,Male,2,Beginner,293,20
R044658,64,Female,2,Beginner,320,27.1
R023506,20,Male,2,Beginner,283,20
R090409,51,Male,4,Intermediate,286,20
R023147,58,Male,1,Beginner,256,20
R024749,64,Female,1,Beginner,287,20
R087740,43,Male,4,Intermediate,265,20
R062168,24,Female,1,Beginner,297,20
R005094,21,Male,1,Advanced,235,41.6
R075716,18,Female,4,Beginner,240,20
R059530,38,Male,1,Intermediate,209,21.3
R051523,48,Female,1,Advanced,249,20
R022844,30,Male,0,Advanced,,42.7
R041391,42,Male,4,Beginner,278,28
R049498,25,Male,3,Intermediate,276,20
R023924,64,Female,2,Intermediate,252,20
R036160,43,Male,6,Intermediate,227,38.3
R022744,36,Female,1,Beginner,233,26.2
R030979,63,Male,0,Intermediate,,20
R027178,50,Female,1,Intermediate,276,20
R030421,32,Female,1,Beginner,305,20
R065944,40,Female,3,Beginner,293,20
R070772,28,Male,1,Beginner,279,42.3
R033644,58,Female,2,Beginner,289,20
R084685,26,Male,3,Beginner,270,26.8
R087097,28,Male,1,Intermediate,235,33.4
R097049,27,Non-binary,1,Intermediate,286,20
R030779,33,Male,3,Beginner,289,45.6
R019329,19,Female,2,Beginner,302,20
R073892,39,Female,1,Advanced,236,20
R082597,56,Female,7,Advanced,205,51.4
R052149,22,Male,1,Beginner,265,20
R084662,34,Male,3,Beginner,264,20
R094169,65,Male,3,Advanced,209,20
R086314,65,Male,2,Beginner,266,34
R017181,55,Female,0,Advanced,,34
R071086,51,Non-binary,3,Intermediate,196,20
R030261,38,Male,2,Intermediate,275,20
R026153,48,Female,3,Advanced,237,23.4
R080337,44,Female,0,Beginner,,32.6
R072947,21,Female,3,Intermediate,216,28.6
R066612,60,Male,1,Intermediate,240,39.5
R084953,30,Female,2,Intermediate,282,27.9
R051087,36,Female,2,Beginner,246,20
R006748,38,Male,3,Beginner,289,20
R011534,65,Female,1,Advanced,221,20
R007970,41,Male,3,Beginner,279,28.2
R078436,20,Male,0,Beginner,,22.4
R079748,50,Male,0,Beginner,,20
R048510,42,Female,4,Advanced,191,20
R028094,26,Female,3,Intermediate,275,20
R043256,49,Female,2,Advanced,225,20
R072208,46,Female,1,Intermediate,228,47.8
R085886,27,Female,2,Advanced,248,21.1
R011812,52,Male,2,Advanced,205,57.4
R062755,59,Non-binary,0,Intermediate,,45.3
R001911,63,Male,2,Beginner,276,20
R035838,26,Female,0,Beginner,,20
R095933,56,Female,2,Intermediate,198,20
R066476,40,Female,2,Intermediate,244,20
R040846,20,Male,1,Advanced,193,20
R046794,51,Female,2,Beginner,257,20
R062061,22,Male,2,Beginner,307,34.9
R029074,60,Male,0,Intermediate,,20
R086151,21,Male,1,Beginner,269,22.1
R067735,64,Male,1,Beginner,267,20
R012031,54,Male,0,Beginner,,20
R088360,34,Male,1,Beginner,310,32.1
R008139,34,Male,4,Beginner,338,39
R064619,61,Male,2,Advanced,193,20
R034211,23,Male,1,Beginner,247,20
R055056,55,Female,3,Advanced,204,20
R038694,39,Non-binary,0,Beginner,,26.3
R056808,62,Non-binary,3,Intermediate,265,20
R038304,60,Female,3,Intermediate,286,53.4
R080364,36,Male,2,Intermediate,240,114.7036801
R011878,58,Male,2,Beginner,286,20
R086925,45,Non-binary,5,Intermediate,238,20
R017811,38,Female,2,Beginner,272,21.7
R065286,22,Male,1,Beginner,326,20
R024937,39,Female,0,Beginner,,63.7
R040941,65,Male,1,Beginner,308,20.7
R099310,55,Female,1,Advanced,244,29
R053106,54,Female,4,Intermediate,249,109.8237846
R072221,29,Male,4,Advanced,220,39.4
R006781,19,Female,1,Beginner,317,20
R014793,48,Male,1,Beginner,231,20
R034760,55,Female,1,Intermediate,265,20
R055252,27,Female,0,Beginner,,20
R042669,43,Female,5,Beginner,242,20
R079931,25,Female,1,Beginner,310,20
R004854,56,Male,3,Beginner,277,32.2
R030582,27,Female,2,Intermediate,270,20
R041108,34,Male,3,Advanced,247,20
R040469,38,Male,0,Intermediate,,22.4
R017324,47,Male,2,Beginner,277,20
R046114,51,Male,5,Beginner,307,20
R066073,31,Female,4,Beginner,232,20
R019446,39,Male,1,Beginner,257,20
R022500,47,Male,4,Intermediate,276,33.3
R028616,65,Male,2,Beginner,248,20
R046661,25,Female,1,Beginner,251,20
R016390,45,Female,5,Intermediate,251,20
R086556,63,Female,3,Beginner,290,45.7
R051901,40,Female,1,Beginner,269,20
R043451,21,Female,2,Beginner,274,20
R079594,54,Female,0,Beginner,,114.1385782
R038296,57,Male,2,Beginner,237,36.5
R009534,50,Female,3,Beginner,265,26.4
R073685,41,Female,3,Advanced,225,20
R033424,20,Male,3,Intermediate,235,27
R057708,21,Male,3,Intermediate,281,20
R043628,40,Male,3,Beginner,307,24.3
R002665,49,Male,5,Beginner,272,20
R042765,47,Male,0,Beginner,,30.1
R081463,47,Female,0,Beginner,,27.2
R038781,46,Male,1,Intermediate,280,24.6
R049743,42,Male,3,Beginner,259,29.5
R095372,25,Male,2,Advanced,172,25.6
R019939,23,Male,0,Beginner,,20
R007987,49,Male,3,Advanced,207,20
R005087,20,Female,2,Beginner,251,20
R039391,21,Female,3,Intermediate,262,23.1
R019735,24,Female,2,Intermediate,248,26.4
R042012,33,Female,4,Advanced,184,33.8
R094930,61,Male,2,Beginner,296,20
R024362,34,Male,2,Beginner,284,116.9013459
R077955,43,Male,1,Intermediate,256,117.2125544
R014506,64,Male,1,Advanced,192,42.9
R098538,58,Female,3,Beginner,301,31.8
R087653,30,Female,1,Beginner,245,20
R080379,51,Female,1,Beginner,261,20
R088552,19,Male,2,Beginner,265,20
R097641,25,Male,0,Intermediate,,33.7
R016244,57,Male,2,Beginner,311,28.8
R091152,45,Male,5,Beginner,271,28.9
R071817,33,Female,4,Intermediate,252,20
R087566,52,Male,4,Intermediate,186,28.1
R036266,42,Male,2,Intermediate,224,20
R001111,21,Female,2,Beginner,248,20
R045364,37,Male,2,Beginner,259,20
R010153,45,Male,0,Beginner,,20
R017069,32,Male,1,Beginner,301,36.5
R020098,44,Female,0,Beginner,,22.3
R049497,52,Female,0,Advanced,,20
R091381,45,Female,4,Intermediate,245,25.8
R048352,38,Male,0,Beginner,,26.9
R046337,51,Male,0,Intermediate,,24.5
R089255,34,Male,1,Beginner,283,20
R037887,63,Male,2,Intermediate,243,20
R083676,53,Male,5,Intermediate,233,28.3
R066859,59,Male,1,Beginner,261,33.8
R022745,24,Non-binary,2,Beginner,266,20
R079418,47,Female,2,Beginner,283,20
R029817,65,Female,1,Beginner,311,23.7
R006620,45,Non-binary,2,Beginner,284,20
R030716,41,Female,0,Advanced,,20
R015796,45,Female,0,Intermediate,,20
R018700,19,Male,1,Intermediate,262,20
R093992,58,Female,1,Beginner,294,20
R081864,29,Non-binary,1,Intermediate,254,20
R086274,18,Male,0,Intermediate,,20
R033283,59,Female,4,Beginner,275,20
R027843,65,Male,2,Advanced,177,114.1602958
R027794,50,Female,5,Beginner,312,21.9
R036488,43,Female,0,Beginner,,46.3
R063717,39,Female,4,Beginner,252,20
R053118,38,Male,0,Beginner,,20
R072836,64,Female,1,Advanced,196,39.6
R030841,64,Male,2,Beginner,268,29.5
R062971,22,Male,2,Beginner,273,25.9
R006753,60,Female,1,Intermediate,259,26.8
R031469,57,Female,0,Intermediate,,25
R091878,19,Female,2,Intermediate,228,20
R053968,56,Male,1,Beginner,300,20.3
R030490,30,Female,2,Advanced,207,44
R052434,26,Male,3,Intermediate,243,37.4
R086070,35,Male,1,Beginner,223,20
R038588,50,Female,1,Advanced,203,20
R006401,19,Non-binary,1,Advanced,229,30.4
R035306,37,Male,4,Advanced,212,38.7
R025629,56,Female,3,Advanced,235,40.5
R090816,24,Female,1,Intermediate,247,22.5
R029686,31,Female,0,Beginner,,20
R024588,42,Female,2,Beginner,284,20
R036751,46,Male,1,Beginner,277,110.4776987
R032556,61,Male,1,Advanced,194,38.9
R027216,40,Female,1,Intermediate,234,39.1
R087341,38,Female,4,Intermediate,252,24.7
R053250,29,Female,3,Intermediate,226,20
R040094,25,Female,4,Beginner,240,22
R010301,35,Male,3,Beginner,267,20
R053743,49,Male,1,Intermediate,242,82.5
R068613,38,Female,0,Beginner,,20
R085377,53,Female,7,Beginner,300,20
R030964,43,Female,2,Beginner,333,20
R094621,28,Male,1,Intermediate,285,20
R037055,59,Male,4,Advanced,236,57.1
R035004,18,Male,2,Beginner,277,52.5
R041068,44,Female,1,Beginner,270,35.4
R079124,58,Female,2,Beginner,274,34.6
R048939,30,Female,2,Beginner,271,20
R077427,28,Male,5,Beginner,327,20
R092350,56,Female,2,Beginner,237,20.8
R074606,53,Male,2,Intermediate,199,40.4
R058356,60,Male,0,Beginner,,20
R064149,51,Female,2,Advanced,241,31
R035933,38,Female,2,Intermediate,234,20
R034529,55,Male,2,Beginner,257,21.9
R049418,37,Female,3,Beginner,307,41.9
R053758,41,Male,1,Advanced,195,20.7
R042663,30,Male,2,Beginner,269,20
R069131,59,Female,4,Intermediate,194,20
R050245,58,Male,3,Beginner,273,20
R050164,58,Male,2,Beginner,271,27.1
R098057,37,Female,1,Beginner,252,21.7
R019613,27,Male,2,Intermediate,208,35.1
R028015,28,Male,5,Advanced,223,22.8
R067260,48,Male,0,Advanced,,30.5
R045538,49,Male,2,Advanced,209,20
R090198,44,Female,3,Intermediate,249,20.7
R075184,62,Female,4,Intermediate,246,20
R088363,45,Male,2,Beginner,242,20
R042728,52,Non-binary,3,Beginner,289,27.4
R054597,31,Female,2,Beginner,273,20
R016069,34,Female,1,Intermediate,200,55.5
R097774,47,Male,3,Intermediate,262,20
R076044,56,Female,6,Intermediate,248,31.4
R029964,25,Non-binary,1,Intermediate,223,20
R092710,51,Female,1,Intermediate,205,25.1
R062441,63,Male,0,Beginner,,20
R044795,46,Female,1,Intermediate,241,27.9
R049547,58,Female,2,Beginner,297,20
R054227,23,Female,1,Advanced,198,37.1
R071797,34,Male,1,Advanced,274,114.0537455
R067368,46,Female,0,Intermediate,,22.2
R032908,40,Male,1,Beginner,303,20
R091364,22,Male,2,Beginner,279,23
R033574,63,Female,5,Advanced,210,20.5
R084368,54,Female,3,Intermediate,242,26.9
R016485,46,Male,4,Advanced,181,31.2
R074077,26,Male,6,Advanced,198,29.1
R048159,32,Male,1,Beginner,257,31.3
R010155,49,Male,1,Advanced,245,20
R082007,18,Male,3,Beginner,291,20
R025256,42,Female,0,Intermediate,,20
R057208,39,Female,3,Beginner,286,29
R086339,65,Female,3,Advanced,224,25.9
R094252,62,Female,3,Beginner,306,31.9
R046942,25,Male,0,Beginner,,20
R013549,60,Female,1,Intermediate,232,55.8
R021007,22,Female,2,Beginner,274,44.5
R043400,51,Female,2,Intermediate,268,22.3
R074011,44,Male,0,Beginner,,37.2
R029235,49,Female,1,Intermediate,281,20
R001005,18,Male,1,Beginner,232,20
R006134,22,Male,4,Intermediate,302,58.9
R063633,56,Female,0,Advanced,,35.8
R027706,24,Male,0,Intermediate,,20
R028533,50,Female,2,Intermediate,258,21.5
R052648,46,Male,4,Intermediate,232,20
R069557,46,Male,0,Intermediate,,41.5
R088453,39,Female,1,Advanced,196,58.1
R081235,28,Female,1,Beginner,252,20
R029225,42,Male,0,Advanced,,40.2
R018364,29,Female,3,Beginner,268,21.4
R030970,59,Female,3,Intermediate,320,20
R034165,52,Female,5,Intermediate,260,20
R093804,20,Male,2,Advanced,185,20
R083171,36,Female,1,Beginner,333,32.6
R009084,46,Female,3,Beginner,258,24.5
R025214,45,Male,3,Intermediate,259,21.7
R013666,51,Female,1,Beginner,282,49.2
R017149,45,Male,2,Intermediate,227,20
R091372,65,Male,2,Beginner,242,20
R002696,47,Male,3,Advanced,273,24.7
R037751,54,Male,2,Intermediate,214,20.4
R017201,40,Male,0,Beginner,,24.2
R070450,49,Female,3,Beginner,283,20
R099492,40,Male,0,Beginner,,37.8
R098087,54,Male,2,Beginner,276,20
R001420,22,Male,3,Advanced,267,55.6
R027301,29,Female,1,Beginner,278,20
R066088,37,Female,2,Advanced,241,44.6
R092038,65,Female,5,Advanced,203,49
R052235,46,Male,0,Advanced,,26.7
R043461,36,Male,1,Beginner,235,23.1
R007412,37,Female,4,Intermediate,246,24.7
R047408,65,Female,3,Beginner,246,20
R059501,42,Female,2,Advanced,228,20
R080777,33,Male,2,Beginner,282,20
R023840,65,Female,0,Intermediate,,36.3
R025298,60,Male,3,Advanced,232,20
R010220,43,Male,1,Intermediate,270,20.2
R096682,65,Female,1,Beginner,310,20
R071123,46,Male,2,Advanced,252,20
R042325,27,Female,3,Beginner,322,20.5
R041064,57,Male,1,Beginner,242,20
R062900,57,Female,3,Intermediate,246,29
R012513,30,Male,3,Advanced,242,104.0106694
R012649,26,Female,3,Intermediate,256,45.8
R068351,26,Male,3,Intermediate,286,20
R039699,18,Female,2,Intermediate,215,20.6
R092742,54,Female,1,Beginner,266,35.3
R092185,58,Non-binary,3,Intermediate,246,20
R000404,29,Female,4,Intermediate,238,57.2
R070133,24,Male,2,Beginner,265,20
R057916,60,Male,2,Intermediate,236,38.3
R097102,34,Male,3,Beginner,277,40.4
R045067,28,Male,1,Beginner,300,20
R051489,43,Female,3,Beginner,284,28.4
R073065,59,Male,0,Beginner,,20
R017143,26,Male,3,Beginner,297,20
R038653,42,Female,1,Intermediate,262,115.3805566
R014670,27,Female,5,Beginner,300,53.3
R033461,63,Female,1,Intermediate,270,45.7
R036613,32,Male,1,Intermediate,274,20
R084100,48,Female,5,Intermediate,194,37
R002649,27,Female,3,Beginner,268,42.5
R014658,52,Female,1,Advanced,231,39.8
R095488,56,Female,1,Intermediate,291,42.7
R002135,43,Non-binary,3,Intermediate,253,30.6
R021875,29,Male,1,Intermediate,246,22.6
R093748,62,Female,0,Beginner,,20
R080158,45,Male,2,Advanced,228,20
R029870,39,Female,3,Beginner,300,20
R028403,20,Female,2,Advanced,248,72.2
R009926,43,Male,1,Beginner,255,20
R002820,49,Male,1,Advanced,248,20
R006592,35,Male,3,Intermediate,230,20
R004188,59,Female,3,Intermediate,228,44.5
R035765,18,Male,2,Intermediate,234,31.3
R020564,54,Male,2,Beginner,299,20
R081501,30,Male,1,Intermediate,228,28.4
R020901,23,Male,2,Beginner,267,64
R017423,56,Female,1,Beginner,240,24.6
R015751,52,Male,1,Intermediate,234,24.8
R002218,65,Female,2,Beginner,320,20
R066221,28,Male,6,Intermediate,215,23.2
R041940,54,Male,0,Beginner,,29.5
R086528,42,Female,0,Beginner,,37.3
R020804,46,Female,3,Intermediate,258,20
R083773,46,Male,1,Beginner,280,42.5
R056112,57,Female,1,Intermediate,279,38.6
R077388,24,Male,4,Intermediate,233,20
R031895,58,Female,1,Beginner,284,46.9
R005935,39,Female,0,Advanced,,34.7
R013063,53,Female,1,Beginner,275,26.2
R003388,40,Male,3,Intermediate,251,20
R018976,62,Female,1,Beginner,279,20
R058576,49,Female,5,Beginner,256,40.2
R003418,50,Male,4,Intermediate,247,53.3
R025888,32,Male,3,Beginner,258,20
R061109,18,Male,0,Beginner,,54.3
R006890,45,Male,3,Beginner,330,35.3
R095948,22,Female,3,Beginner,310,20
R060353,22,Female,1,Advanced,199,28.6
R048021,20,Female,5,Beginner,269,20
R027769,39,Male,2,Advanced,223,20
R035880,48,Female,1,Beginner,300,20
R020678,27,Male,4,Intermediate,296,20
R099756,47,Male,2,Beginner,278,20
R065322,27,Female,2,Intermediate,285,20
R038009,57,Male,2,Beginner,307,20
R063887,27,Non-binary,3,Beginner,320,25
R014076,47,Male,3,Beginner,239,20
R004582,19,Female,3,Intermediate,282,20
R099179,32,Female,1,Beginner,284,20
R035471,21,Male,2,Advanced,222,20
R088449,47,Male,2,Advanced,175,49.9
R029377,27,Male,5,Beginner,301,20
R057217,38,Female,2,Advanced,242,56.2
R064592,49,Female,0,Beginner,,20
R097608,21,Female,3,Intermediate,252,20.9
R092731,49,Female,4,Intermediate,219,20
R009209,31,Female,1,Intermediate,229,20
R088428,47,Female,4,Beginner,245,113.6936329
R067606,34,Female,3,Advanced,271,45.2
R000101,61,Male,3,Intermediate,261,57.6
R014256,31,Male,3,Beginner,271,20
R069856,41,Female,4,Beginner,261,102.879221
R071125,45,Female,1,Beginner,276,23
R002128,18,Male,1,Beginner,259,21.3
R033789,35,Female,0,Intermediate,,20
R025167,27,Male,1,Beginner,277,20
R006707,31,Female,3,Intermediate,245,20
R064763,40,Non-binary,1,Beginner,330,20
R027155,23,Male,3,Intermediate,274,25.1
R044320,52,Female,2,Intermediate,275,44.8
R057340,57,Female,0,Beginner,,30.8
R009497,59,Female,1,Beginner,236,42.9
R083075,54,Female,3,Advanced,221,20
R010023,36,Male,3,Advanced,164,20
R066616,21,Male,2,Beginner,300,20
R071897,55,Female,1,Beginner,263,24.3
R063494,52,Female,7,Intermediate,211,20
R071322,34,Male,1,Intermediate,265,30.9
R020367,29,Female,1,Beginner,280,20
R015976,45,Male,1,Advanced,253,20
R068727,52,Male,2,Intermediate,257,35.9
R026103,27,Female,2,Beginner,264,20
R019585,20,Female,8,Intermediate,251,53.4
R058168,62,Male,2,Beginner,273,20
R069928,58,Male,2,Intermediate,260,20
R060871,33,Male,2,Advanced,196,21.1
R017361,22,Female,5,Intermediate,299,20
R048773,37,Female,2,Intermediate,252,28.2
R008009,65,Male,2,Intermediate,231,20
R018381,31,Male,1,Beginner,259,30.6
R017602,42,Male,1,Beginner,326,20
R033663,60,Male,3,Intermediate,271,26.5
R087917,50,Male,4,Intermediate,241,58.2
R010046,27,Male,2,Advanced,237,24.1
R035368,25,Female,0,Beginner,,20
R081694,46,Female,3,Beginner,313,20
R053920,60,Female,4,Advanced,247,32.2
R029314,54,Male,0,Beginner,,20
R015812,39,Female,2,Beginner,267,20
R073131,60,Male,4,Beginner,278,20
R013733,45,Male,2,Advanced,256,22.4
R021020,21,Male,1,Advanced,176,20
R019649,25,Male,2,Beginner,264,29.8
R008342,30,Female,2,Beginner,285,20.7
R023580,62,Female,3,Intermediate,233,20.5
R034104,21,Non-binary,1,Beginner,253,24.7
R011673,54,Male,4,Advanced,210,40.6
R028220,25,Male,1,Advanced,247,38.9
R073772,55,Non-binary,2,Beginner,274,20
R041208,50,Male,3,Advanced,247,56
R071012,42,Female,3,Beginner,269,20
R075324,63,Female,3,Beginner,263,20
R098646,30,Female,2,Advanced,214,49.8
R066684,43,Male,1,Beginner,298,41.5
R061669,38,Female,3,Beginner,284,20
R061144,24,Male,2,Advanced,220,20
R079000,45,Male,1,Intermediate,289,20
R033754,39,Male,0,Advanced,,41.6
R048209,50,Female,4,Beginner,298,25
R019598,30,Male,1,Beginner,320,20
R089269,62,Male,3,Intermediate,227,35
R098907,51,Male,1,Beginner,267,20
R026597,60,Female,4,Intermediate,273,20.5
R019270,45,Female,1,Beginner,250,20
R095921,59,Male,2,Beginner,261,57.3
R071943,23,Female,3,Intermediate,229,30.9
R028619,34,Non-binary,4,Beginner,247,20
R054709,39,Female,1,Beginner,292,24.3
R052482,47,Non-binary,0,Beginner,,20
R067210,33,Female,3,Beginner,235,26
R087261,37,Male,0,Advanced,,20
R000756,65,Female,2,Beginner,313,20
R090427,50,Male,4,Beginner,258,20
R043015,34,Female,3,Intermediate,195,22.5
R046339,23,Female,1,Intermediate,245,20.8
R046684,65,Male,3,Beginner,297,20
R063118,28,Non-binary,1,Advanced,232,20
R022501,21,Male,3,Beginner,302,37.8
R051717,54,Female,3,Intermediate,226,20
R004480,25,Female,2,Beginner,249,22.3
R086077,42,Non-binary,1,Beginner,278,27.6
R087374,64,Male,0,Beginner,,47.2
R018620,32,Male,2,Beginner,229,20
R000734,27,Male,1,Advanced,223,20
R059984,46,Female,3,Beginner,287,31.6
R054383,57,Male,1,Intermediate,295,20
R003325,46,Non-binary,2,Intermediate,258,23.3
R018864,39,Male,3,Beginner,281,20
R008073,21,Male,4,Beginner,252,32.9
R020913,43,Female,2,Beginner,286,20
R029832,35,Female,1,Beginner,307,100.851647
R055132,40,Male,4,Intermediate,284,41.8
R039664,46,Female,4,Intermediate,222,101.7316964
R046747,26,Male,1,Intermediate,292,45.3
R085849,53,Female,2,Advanced,229,31.5
R040285,19,Female,1,Beginner,274,48.5
R041568,33,Male,2,Beginner,297,20
R020850,51,Male,2,Intermediate,270,54.8
R031947,29,Female,2,Beginner,202,26.9
R032180,61,Female,1,Intermediate,274,20
R008032,22,Male,1,Beginner,257,20
R096778,28,Female,1,Beginner,315,20
R033479,43,Female,0,Advanced,,23.9
R088110,38,Male,3,Advanced,235,20
R045756,48,Female,3,Advanced,258,20
R083148,51,Female,0,Beginner,,20
R048821,46,Female,3,Intermediate,278,51.7
R052418,38,Female,2,Beginner,262,44
R089033,43,Male,3,Intermediate,246,20
R004440,51,Female,2,Beginner,262,20
R040568,43,Female,1,Beginner,275,20
R014880,51,Female,2,Advanced,237,115.1406051
R099743,59,Female,4,Advanced,177,36.5
R030260,50,Male,1,Beginner,285,23.5
R076022,42,Male,0,Advanced,,22.7
R018879,41,Female,3,Intermediate,267,20
R013676,22,Female,4,Intermediate,252,20
R026796,19,Female,1,Advanced,217,49.1
R046034,61,Male,2,Beginner,246,20
R011127,38,Female,1,Advanced,171,20
R065267,22,Female,1,Intermediate,287,20
R091454,33,Male,6,Intermediate,231,43
R056961,60,Male,3,Advanced,238,38.1
R009031,27,Male,5,Intermediate,257,46.1
R033892,37,Female,3,Beginner,265,21.5
R078650,32,Male,3,Advanced,207,23.6
R056273,53,Male,4,Beginner,298,25
R078236,50,Non-binary,0,Beginner,,23.6
R062791,45,Male,1,Advanced,230,51.7
R012805,26,Female,6,Intermediate,258,20
R089113,63,Female,0,Beginner,,20
R081918,53,Female,1,Intermediate,264,20
R093975,47,Male,2,Intermediate,217,60
R036615,65,Male,5,Intermediate,244,21
R098369,27,Non-binary,3,Beginner,271,22.6
R099088,55,Male,3,Beginner,219,22.7
R044105,63,Male,3,Intermediate,229,20
R072922,33,Male,2,Beginner,255,20.7
R026190,46,Male,3,Beginner,243,28
R004369,38,Male,3,Intermediate,244,31.8
R098048,23,Male,3,Intermediate,218,37.7
R064166,59,Male,2,Beginner,294,40.6
R027266,33,Male,3,Intermediate,268,35.7
R097715,49,Male,2,Intermediate,230,40.9
R005291,42,Female,7,Beginner,268,20
R021778,51,Female,2,Intermediate,240,20
R093520,38,Female,0,Beginner,,29.9
R010822,41,Male,1,Beginner,286,20
R019828,51,Male,1,Beginner,267,20
R035757,63,Male,0,Intermediate,,25.6
R052997,41,Male,0,Intermediate,,43.6
R091035,63,Non-binary,1,Beginner,272,41.4
R005652,52,Female,4,Beginner,291,30.6
R020102,56,Female,2,Beginner,294,110.1865396
R082991,29,Female,4,Advanced,229,25.8
R066314,47,Female,3,Advanced,268,45.4
R017475,38,Male,4,Beginner,257,28.7
R091068,36,Female,4,Beginner,311,26.4
R025807,31,Female,1,Beginner,277,20
R059072,52,Male,1,Beginner,274,20.2
R037732,20,Male,4,Beginner,289,108.9238355
R048369,22,Female,2,Intermediate,269,20
R001097,32,Female,2,Beginner,264,20
R003263,40,Male,0,Beginner,,28
R015369,22,Female,2,Beginner,269,21.2
R009694,40,Female,0,Beginner,,20
R038316,45,Male,3,Advanced,208,42
R072461,28,Non-binary,3,Beginner,284,20
R028989,45,Male,0,Beginner,,29.2
R053294,58,Male,1,Beginner,255,44.3
R005283,48,Male,2,Intermediate,266,21.8
R085420,44,Male,3,Intermediate,228,52.9
R060896,44,Male,3,Advanced,246,20
R047185,59,Male,2,Beginner,258,35.4
R080697,45,Non-binary,2,Beginner,254,31
R015876,65,Male,1,Beginner,243,25.4
R076644,53,Female,0,Intermediate,,20
R060611,47,Male,3,Beginner,277,20
R049212,19,Male,3,Intermediate,252,20
R050828,20,Male,4,Advanced,212,63.9
R023552,51,Male,1,Intermediate,253,20
R027921,46,Male,1,Beginner,241,20
R070366,56,Male,2,Beginner,337,20
R020236,36,Female,4,Beginner,229,32.2
R095543,35,Female,4,Beginner,287,20
R015677,51,Male,1,Beginner,306,20
R041385,26,Male,1,Intermediate,229,20
R021567,65,Male,2,Intermediate,254,28.3
R045349,26,Female,0,Intermediate,,36.3
R009749,21,Female,0,Intermediate,,32.9
R048947,29,Male,2,Intermediate,248,29.8
R061159,23,Non-binary,4,Beginner,255,20
R037755,36,Male,1,Intermediate,239,46.2
R059769,46,Male,1,Beginner,327,20
R032848,63,Male,1,Beginner,313,38.3
R004980,61,Male,2,Intermediate,235,20
R031683,32,Male,4,Beginner,292,20
R030482,23,Female,2,Intermediate,268,36.8
R066046,22,Female,2,Beginner,271,33.5
R060624,39,Male,1,Intermediate,251,20
R056937,55,Female,1,Beginner,278,29
R015248,65,Male,5,Beginner,292,20
R044617,64,Female,4,Intermediate,260,26.3
R071936,53,Male,3,Intermediate,245,60.7
R005670,31,Female,2,Advanced,227,48
R068647,54,Female,2,Beginner,257,36.4
R092537,42,Female,3,Intermediate,244,20
R070873,38,Female,1,Advanced,198,20
R039751,32,Female,3,Intermediate,237,45.7
R015329,54,Male,1,Beginner,295,39.9
R094489,39,Male,3,Beginner,287,20
R052840,29,Male,1,Beginner,292,20
R068909,46,Female,0,Beginner,,20
R025641,60,Male,2,Advanced,221,44.2
R069884,44,Male,2,Intermediate,252,38.5
R013687,34,Male,4,Beginner,290,20
R097996,61,Female,3,Beginner,240,29.8
R069545,29,Male,2,Advanced,229,44
R095038,58,Male,1,Advanced,244,45.9
R075095,49,Male,2,Intermediate,259,35.1
R065390,48,Female,1,Beginner,225,20
R039750,47,Female,2,Beginner,262,20
R029712,45,Non-binary,1,Beginner,281,20
R097619,26,Female,1,Beginner,281,29.1
R057312,54,Female,1,Intermediate,305,25.2
R078137,53,Female,2,Beginner,270,20
R003578,28,Non-binary,3,Beginner,303,20
R020458,20,Male,2,Intermediate,267,20
R002129,43,Female,1,Beginner,258,20
R095928,34,Male,1,Beginner,292,20
R031163,65,Female,0,Intermediate,,20
R005372,48,Female,2,Beginner,244,20
R033627,61,Male,1,Beginner,296,27.1
R006274,60,Female,7,Beginner,275,20
R045343,48,Male,1,Intermediate,242,20
R008120,41,Female,2,Intermediate,253,36.2
R018371,25,Female,3,Intermediate,249,102.2689704
R074700,42,Female,0,Beginner,,20
R090928,26,Male,5,Beginner,276,20
R019647,60,Male,1,Beginner,257,27.6
R058793,20,Male,3,Advanced,252,20
R001811,20,Male,2,Beginner,338,30.1
R027882,65,Female,3,Beginner,302,20
R001598,62,Male,4,Intermediate,235,20
R064826,51,Female,0,Intermediate,,20
R073689,31,Female,3,Advanced,198,20
R083892,61,Male,1,Beginner,271,30.7
R068442,29,Male,3,Beginner,254,20
R033662,35,Male,2,Beginner,313,47.2
R096654,49,Female,2,Intermediate,239,20
R066622,48,Female,4,Advanced,239,102.7308428
R033447,26,Male,4,Advanced,228,119.9182403
R036874,46,Male,0,Advanced,,41.5
R007955,56,Male,2,Beginner,276,42.9
R024730,21,Male,1,Advanced,172,32.6
R005384,53,Male,0,Beginner,,20
R055596,61,Female,0,Intermediate,,117.1273587
R003966,40,Female,3,Beginner,304,32.1
R018876,18,Female,3,Beginner,306,33.4
R046615,34,Female,4,Advanced,184,25.9
R004667,53,Female,0,Advanced,,20
R097563,60,Female,4,Beginner,315,45.3
R018576,36,Male,2,Beginner,252,20
R099819,23,Non-binary,0,Advanced,,29.3
R080213,39,Female,0,Beginner,,20
R089936,48,Male,0,Beginner,,20
R028749,41,Male,0,Advanced,,49.7
R072096,51,Male,0,Beginner,,23.7
R012698,65,Female,2,Beginner,301,22.6
R034097,47,Male,1,Intermediate,242,39.2
R093368,25,Female,5,Intermediate,265,20
R028120,35,Female,2,Beginner,337,20
R046132,23,Female,3,Intermediate,260,20
R051753,65,Male,2,Intermediate,251,27.3
R095651,51,Female,0,Intermediate,,24.5
R036774,30,Non-binary,3,Beginner,320,40.9
R020769,45,Male,1,Beginner,304,20
R088754,24,Male,3,Beginner,267,20
R090825,48,Male,1,Advanced,231,33.7
R086559,60,Male,2,Advanced,215,40.5
R057364,23,Female,4,Advanced,216,43.9
R094496,51,Male,0,Advanced,,20
R001661,45,Female,2,Beginner,276,35.7
R073592,57,Male,3,Beginner,282,21.9
R007904,35,Female,1,Beginner,262,20
R022833,56,Male,0,Beginner,,119.9108712
R079142,59,Male,1,Beginner,265,20
R015504,56,Female,3,Intermediate,237,37.2
R072323,58,Male,1,Intermediate,228,20
R027609,21,Male,2,Beginner,290,20
R030941,40,Female,3,Intermediate,217,20
R034576,58,Male,3,Beginner,286,20
R099664,65,Non-binary,0,Beginner,,104.5071443
R029700,65,Female,4,Beginner,226,108.5387178
R061597,42,Male,2,Advanced,234,44.5
R026577,62,Female,1,Beginner,320,20
R063690,23,Male,1,Intermediate,211,36
R086389,27,Male,3,Advanced,225,20
R007638,24,Male,3,Beginner,278,32.2
R074951,31,Female,3,Intermediate,261,53.5
R051070,64,Male,2,Advanced,214,26.6
R018954,60,Male,3,Beginner,350,20
R064622,37,Female,3,Intermediate,261,29.8
R054626,53,Male,3,Beginner,294,20
R006018,45,Female,3,Advanced,228,20
R056910,28,Male,1,Beginner,343,20
R079389,22,Male,4,Beginner,238,52.5
R048519,45,Male,2,Beginner,272,33.5
R087428,41,Female,3,Beginner,269,20
R070414,58,Male,0,Beginner,,43.3
R090563,63,Female,1,Advanced,192,20
R063998,59,Male,1,Beginner,285,117.632503
R043797,30,Female,3,Intermediate,290,20
R030356,39,Female,3,Intermediate,253,20
R079696,24,Male,0,Intermediate,,48.5
R063656,38,Male,3,Beginner,308,20
R095094,26,Female,2,Intermediate,233,39.1
R090063,47,Male,5,Beginner,309,20
R099528,24,Female,3,Beginner,275,20
R092775,50,Non-binary,2,Beginner,319,26.9
R095743,50,Female,1,Beginner,253,20
R070999,63,Male,2,Beginner,279,20
R060384,43,Female,3,Intermediate,222,20
R034430,44,Male,1,Beginner,308,32.6
R080112,22,Female,0,Advanced,,24.4
R037608,62,Male,3,Intermediate,254,40.3
R073965,55,Male,4,Beginner,266,20
R070047,22,Male,1,Beginner,296,27
R082349,59,Female,2,Beginner,300,30.6
R054533,46,Female,2,Beginner,253,21
R088321,39,Male,1,Beginner,245,20
R046786,20,Male,3,Beginner,271,20
R016427,49,Female,1,Beginner,269,20
R096813,45,Female,0,Beginner,,27.2
R077389,54,Male,3,Intermediate,257,20
R018197,20,Male,1,Beginner,247,20
R009827,43,Male,1,Beginner,283,20
R079956,20,Female,0,Beginner,,20
R004430,49,Male,2,Beginner,270,59.6
R032529,50,Male,1,Advanced,252,25.4
R044938,59,Male,5,Beginner,304,27
R061533,51,Female,1,Beginner,279,42.1
R019304,43,Female,1,Beginner,305,26.5
R039119,58,Female,3,Beginner,291,20
R016389,45,Non-binary,3,Intermediate,215,47.2
R068543,60,Female,1,Beginner,264,20
R001179,57,Female,5,Intermediate,240,20
R013495,27,Male,0,Intermediate,,20
R094506,36,Female,4,Advanced,257,20
R006241,39,Female,2,Beginner,314,48.6
R097416,48,Female,3,Beginner,273,58.1
R094026,48,Male,3,Beginner,288,36.1
R066976,23,Female,1,Advanced,187,46.4
R089968,24,Female,3,Beginner,255,20
R054813,62,Male,0,Intermediate,,20
R099222,48,Male,1,Intermediate,253,20
R065250,22,Female,1,Intermediate,278,20
R016380,28,Male,0,Beginner,,27.5
R089101,63,Female,3,Intermediate,262,37
R012401,20,Female,5,Intermediate,207,20
R008170,33,Female,2,Advanced,248,20
R027596,34,Female,3,Advanced,225,20
R061688,49,Male,2,Advanced,201,37.3
R088011,30,Male,1,Beginner,284,20
R050409,26,Female,0,Advanced,,30.4
R069333,35,Male,2,Beginner,315,20
R055312,22,Male,2,Advanced,197,29.2
R050108,36,Female,1,Advanced,223,46.8
R067356,46,Male,0,Beginner,,20
R038748,51,Female,1,Intermediate,275,26.2
R070208,40,Male,4,Beginner,313,24.8
R076604,19,Female,1,Beginner,276,20
R009844,57,Male,0,Beginner,,25.2
R039737,62,Female,1,Beginner,273,20
R018249,54,Male,1,Beginner,243,26.4
R032862,57,Female,2,Intermediate,266,27.7
R019326,62,Female,3,Advanced,243,20
R042519,18,Female,3,Advanced,177,57.5
R072880,30,Female,2,Beginner,267,25.4
R015843,34,Male,2,Beginner,235,20
R042101,35,Non-binary,2,Beginner,282,20
R055013,35,Non-binary,3,Intermediate,246,20
R025679,54,Female,0,Beginner,,101.0195356
R048507,55,Male,0,Beginner,,20
R041381,57,Male,1,Intermediate,245,64.3
R052678,64,Female,1,Beginner,275,23.8
R080663,61,Male,5,Beginner,281,20
R059275,46,Female,5,Beginner,277,20
R059075,59,Female,0,Advanced,,20
R088638,47,Female,4,Intermediate,271,20
R022612,44,Male,1,Beginner,302,35.4
R061877,51,Male,2,Beginner,263,23.7
R081231,41,Female,2,Beginner,301,20
R038716,27,Male,1,Beginner,301,20
R007578,64,Male,1,Beginner,275,20
R072002,23,Male,1,Intermediate,289,20
R069906,64,Female,2,Advanced,183,31.1
R009644,51,Female,2,Beginner,285,31.8
R048485,29,Female,2,Beginner,277,34.8
R081834,36,Male,3,Intermediate,252,54.1
R074458,53,Male,1,Beginner,244,20
R094753,38,Male,1,Intermediate,249,20
R084601,46,Male,2,Beginner,292,20
R064738,31,Female,2,Beginner,278,20
R007035,18,Female,3,Intermediate,253,20
R008449,39,Female,1,Intermediate,263,20
R057776,59,Male,2,Beginner,297,22.7
R086892,59,Male,4,Beginner,255,20
R072477,32,Male,2,Intermediate,269,20
R006687,57,Female,4,Intermediate,260,20
R076647,62,Female,0,Advanced,,25.3
R093841,39,Female,1,Advanced,212,20
R044746,58,Male,2,Intermediate,264,20
R078115,33,Male,2,Beginner,257,43.8
R077015,24,Male,1,Beginner,297,20
R094328,27,Male,4,Advanced,206,20
R025502,32,Female,1,Advanced,258,20
R080681,32,Male,1,Advanced,225,63.1
R037641,63,Female,3,Beginner,310,25.4
R094505,49,Female,1,Beginner,243,20
R090014,24,Female,3,Beginner,290,20
R068245,63,Male,3,Beginner,219,27.9
R042215,27,Male,3,Beginner,293,23.5
R042082,39,Female,1,Intermediate,261,34.3
R086299,31,Male,2,Advanced,179,20
R010251,59,Female,1,Advanced,220,20
R099867,30,Female,4,Intermediate,229,20
R062796,30,Male,2,Intermediate,238,20
R005211,47,Male,0,Beginner,,20
R098819,45,Male,4,Intermediate,205,32.2
R022387,29,Male,0,Beginner,,20
R032001,54,Non-binary,0,Intermediate,,20
R093079,40,Male,1,Intermediate,236,20
R037348,44,Male,3,Beginner,293,20
R074102,21,Male,0,Beginner,,21.3
R082569,29,Male,4,Beginner,292,20
R068345,24,Male,1,Intermediate,192,20
R088008,62,Female,2,Intermediate,233,20
R088004,30,Non-binary,1,Intermediate,238,46.3
R022081,47,Male,3,Beginner,344,21.3
R018872,42,Female,2,Beginner,322,20
R041014,50,Female,4,Beginner,286,20
R083642,37,Female,3,Advanced,226,63.7
R038249,44,Female,2,Beginner,257,48.6
R000996,23,Non-binary,1,Intermediate,216,20
R051625,29,Male,7,Intermediate,244,20
R066195,21,Male,0,Beginner,,36.5
R019568,23,Female,0,Beginner,,36.9
R046884,56,Male,1,Beginner,265,20
R064877,51,Female,1,Beginner,310,36.6
R070281,51,Female,2,Advanced,229,20
R044936,62,Male,3,Beginner,252,20
R078198,38,Female,3,Advanced,233,44.5
R071197,45,Male,0,Beginner,,31.3
R028440,57,Female,2,Advanced,216,34.1
R061457,33,Male,1,Intermediate,196,44
R058733,26,Female,3,Beginner,259,29.2
R079190,44,Female,5,Intermediate,231,37.5
R046323,55,Male,1,Intermediate,232,43.7
R023881,43,Female,3,Intermediate,194,46.9
R036565,30,Male,0,Beginner,,20
R033865,36,Female,1,Advanced,230,20
R063943,48,Male,3,Intermediate,212,35.8
R001827,42,Male,4,Intermediate,272,43.1
R022266,29,Male,2,Intermediate,230,26.9
R051840,56,Male,3,Intermediate,232,29
R015008,62,Male,3,Advanced,235,35.1
R094746,25,Female,2,Beginner,291,20
R077931,41,Female,3,Intermediate,257,22.1
R019285,65,Female,1,Advanced,229,22.9
R090358,52,Female,3,Advanced,234,37.5
R016019,22,Female,2,Beginner,317,20
R045446,18,Female,2,Beginner,306,30.2
R051096,36,Male,1,Advanced,189,20
R066789,36,Male,2,Beginner,253,20
R099290,33,Female,3,Beginner,255,20
R048250,47,Male,2,Beginner,280,30.2
R065978,60,Male,2,Intermediate,257,20.6
R054147,32,Male,3,Intermediate,241,20
R061884,46,Male,4,Intermediate,249,23.4
R073171,40,Male,1,Beginner,270,20
R040354,46,Female,2,Beginner,341,32.5
R023826,48,Male,0,Intermediate,,20
R095819,62,Male,2,Beginner,259,20
R007606,47,Male,2,Beginner,264,41.2
R020033,32,Non-binary,0,Beginner,,25.6
R015636,44,Male,2,Beginner,264,20
R084991,45,Male,0,Advanced,,20
R089722,33,Female,1,Beginner,254,20
R071023,38,Female,1,Advanced,262,42.9
R044092,57,Female,1,Intermediate,265,20
R062871,63,Female,1,Advanced,209,51.9
R053641,38,Male,2,Intermediate,276,35.5
R004870,46,Non-binary,0,Beginner,,20
R077695,55,Female,0,Advanced,,23
R018352,47,Female,2,Advanced,224,20
R073079,34,Female,3,Beginner,262,22.2
R005571,42,Non-binary,2,Intermediate,240,21.9
R057207,48,Female,3,Intermediate,268,52.1
R031970,49,Female,2,Advanced,211,38.6
R046603,48,Male,2,Intermediate,297,20.8
R029135,60,Male,0,Beginner,,20
R066945,18,Female,2,Beginner,314,20
R086135,46,Female,1,Advanced,265,20
R099742,39,Male,0,Intermediate,,20
R055455,59,Female,4,Beginner,306,24.2
R024227,49,Female,5,Beginner,206,20
R031279,33,Non-binary,4,Beginner,287,52.8
R086310,59,Female,2,Advanced,217,117.9932983
R099316,57,Male,2,Intermediate,258,41.6
R066256,39,Male,1,Intermediate,256,25.4
R008902,54,Female,1,Advanced,279,28.6
R000416,59,Female,3,Beginner,282,20
R016586,52,Male,2,Beginner,308,20
R007639,43,Female,2,Beginner,286,22.1
R042403,55,Female,4,Beginner,323,20
R097264,51,Male,1,Beginner,295,20
R071234,48,Female,1,Intermediate,272,27.1
R030813,18,Female,3,Beginner,242,20
R074447,28,Male,6,Advanced,173,24.7
R038985,25,Female,2,Beginner,284,20
R028807,21,Male,5,Beginner,285,39.4
R059966,33,Female,3,Advanced,123,37.8
R061149,51,Female,1,Intermediate,249,20
R020555,64,Male,4,Advanced,209,22.4
R005191,60,Male,2,Beginner,231,41.5
R089725,55,Female,4,Advanced,217,50.9
R083497,40,Male,0,Advanced,,39
R034670,44,Male,1,Intermediate,246,45.4
R089373,38,Female,1,Beginner,277,63.4
R009081,48,Male,2,Advanced,252,20
R093569,49,Female,1,Beginner,303,20
R011449,33,Male,4,Intermediate,259,50.4
R048779,47,Female,3,Intermediate,234,20
R031274,53,Male,2,Intermediate,270,31.3
R033573,24,Female,3,Advanced,199,21.1
R077938,38,Female,2,Beginner,300,36.9
R078985,38,Non-binary,0,Beginner,,20
R041729,59,Female,2,Intermediate,281,66.6
R014934,45,Male,1,Intermediate,286,20
R071328,18,Female,6,Beginner,304,55
R024217,60,Male,3,Intermediate,229,22.7
R073513,35,Male,2,Beginner,291,20
R039517,27,Female,1,Advanced,232,34.5
R074964,41,Female,0,Beginner,,20
R015996,35,Male,2,Beginner,262,20.7
R093377,22,Male,1,Advanced,174,32.5
R086203,34,Female,2,Beginner,291,29.7
R013462,23,Male,1,Beginner,246,28.3
R070591,36,Male,3,Beginner,295,110.4589774
R051832,46,Male,1,Intermediate,244,20
R088443,37,Male,3,Beginner,235,24.2
R039416,49,Female,3,Beginner,320,20
R053649,60,Female,2,Beginner,265,20
R056680,19,Female,1,Intermediate,250,20
R056625,58,Male,1,Intermediate,244,20
R037074,38,Female,2,Advanced,239,21.2
R003150,63,Female,2,Beginner,242,20
R087847,59,Male,5,Beginner,295,20
R024193,34,Male,1,Advanced,182,36.7
R003173,21,Male,1,Beginner,225,20
R085510,20,Male,3,Advanced,214,26.1
R004234,51,Male,3,Intermediate,249,45.5
R088654,25,Male,2,Intermediate,222,20
R077629,19,Female,1,Intermediate,286,23.7
R004626,45,Female,2,Intermediate,270,40.4
R055797,49,Male,1,Beginner,298,20
R059293,39,Male,2,Intermediate,263,26.6
R045541,45,Male,2,Advanced,209,34.9
R021466,51,Male,2,Beginner,288,20
R029961,45,Male,1,Intermediate,260,20
R066388,50,Male,2,Advanced,270,20
R060406,34,Female,0,Beginner,,20
R007596,50,Male,4,Advanced,244,47
R021916,24,Non-binary,2,Advanced,223,42.8
R079405,51,Female,1,Advanced,185,54.3
R063525,62,Non-binary,3,Intermediate,265,23
R043250,24,Male,6,Advanced,207,117.5291275
R052224,18,Male,4,Beginner,290,20
R032638,39,Male,1,Intermediate,275,33.5
R084971,20,Female,1,Beginner,255,20
R018522,62,Female,4,Beginner,231,20
R071026,36,Female,0,Beginner,,34.3
R041498,20,Male,5,Intermediate,232,20
R009428,18,Female,2,Beginner,288,20
R074430,49,Female,4,Beginner,311,20
R029758,28,Female,2,Beginner,294,20
R042299,29,Female,3,Intermediate,261,20.8
R030774,26,Non-binary,3,Advanced,209,26.9
R043575,51,Female,4,Advanced,193,20
R070066,39,Female,4,Intermediate,231,53.9
R088410,28,Non-binary,2,Beginner,304,20
R008585,46,Female,0,Intermediate,,20
R088251,19,Male,3,Beginner,277,20
R009826,22,Female,1,Beginner,325,20
R018064,63,Female,0,Advanced,,41.2
R089718,37,Male,2,Intermediate,267,20
R014544,42,Male,2,Beginner,272,22.1
R057538,31,Male,0,Intermediate,,26.9
R091832,31,Male,0,Beginner,,20
R096751,28,Male,1,Intermediate,259,20
R016397,36,Male,3,Advanced,231,29.2
R042177,25,Female,1,Intermediate,251,46.7
R018341,20,Female,1,Intermediate,291,21.5
R052307,64,Female,0,Beginner,,20
R075659,43,Male,1,Beginner,279,20
R087895,63,Male,2,Advanced,230,26.7
R093414,30,Male,0,Beginner,,20
R069500,51,Female,2,Beginner,298,61.2
R028722,28,Female,0,Beginner,,20.7
R046291,25,Male,2,Intermediate,267,20
R082589,19,Male,2,Intermediate,239,42
R033065,59,Male,2,Beginner,260,40.6
R031097,51,Female,6,Beginner,269,20
R090123,52,Male,3,Advanced,208,26.8
R057012,60,Male,4,Intermediate,262,20
R069346,64,Female,1,Intermediate,281,20
R072528,31,Male,0,Beginner,,34.6
R044736,26,Female,2,Advanced,226,24.8
R044231,30,Male,0,Beginner,,20.3
R005003,38,Male,4,Beginner,250,20
R037550,63,Female,1,Advanced,181,27.2
R093731,25,Female,4,Beginner,298,25.5
R082875,65,Female,3,Beginner,233,20
R033531,23,Female,3,Beginner,214,31
R001196,64,Female,1,Beginner,252,25.1
R080361,58,Non-binary,2,Advanced,176,58.8
R057154,32,Male,1,Advanced,206,20
R000358,50,Female,4,Beginner,323,23.9
R080798,55,Female,0,Intermediate,,28.5
R024819,63,Male,1,Beginner,287,21.4
R059947,42,Female,0,Beginner,,20
R026141,65,Female,2,Intermediate,268,20
R073601,28,Female,0,Advanced,,20
R028847,61,Female,1,Intermediate,247,20
R021017,26,Male,2,Beginner,258,20
R049483,39,Non-binary,1,Beginner,259,20
R071029,60,Male,4,Beginner,280,20
R050852,33,Female,2,Advanced,236,47
R011170,41,Male,3,Advanced,210,20
R056219,23,Male,2,Beginner,298,20
R000798,65,Female,2,Intermediate,242,100.6051897
R016697,64,Male,0,Beginner,,20
R045292,47,Female,1,Intermediate,281,20
R059659,53,Male,2,Beginner,297,20
R065474,35,Male,6,Beginner,324,20
R096722,18,Male,4,Beginner,302,20
R066011,24,Female,1,Beginner,293,20
R073905,34,Non-binary,1,Advanced,266,27.8
R033633,38,Female,2,Beginner,304,20
R057919,23,Male,0,Beginner,,20
R020268,19,Male,2,Advanced,217,20
R018445,27,Non-binary,2,Beginner,299,20
R013140,64,Male,3,Beginner,308,20
R073940,59,Male,5,Beginner,267,20
R086741,60,Female,1,Advanced,226,33.5
R032621,52,Non-binary,3,Intermediate,248,22.8
R052381,20,Male,0,Beginner,,20
R059827,52,Female,0,Beginner,,20
R004228,30,Male,3,Intermediate,226,50.8
R049895,33,Female,3,Advanced,220,20
R049534,19,Female,4,Beginner,265,20
R086926,42,Non-binary,3,Beginner,248,20
R076021,19,Female,4,Beginner,303,28.5
R017170,28,Male,4,Intermediate,271,20
R051546,39,Female,4,Beginner,263,20
R022751,56,Female,1,Intermediate,229,45.5
R098357,18,Male,2,Beginner,289,30.6
R000919,54,Male,1,Intermediate,249,22.2
R060443,23,Male,1,Advanced,226,20
R018183,27,Male,2,Beginner,251,27.6
R000701,25,Female,2,Intermediate,252,46.3
R030099,25,Female,1,Beginner,249,20
R011236,31,Female,5,Intermediate,280,20
R082944,58,Male,1,Intermediate,280,20
R035159,47,Male,2,Beginner,262,118.5247012
R041749,64,Female,3,Intermediate,244,34.4
R081793,54,Female,1,Beginner,331,20
R033898,36,Female,1,Intermediate,271,26.7
R030785,28,Female,1,Beginner,245,20
R088307,19,Male,0,Beginner,,20
R029334,21,Male,4,Intermediate,247,20
R002149,33,Male,1,Beginner,259,21.8
R037897,56,Male,3,Beginner,273,20
R011145,39,Male,4,Intermediate,244,23.2
R093214,39,Female,2,Beginner,249,109.0796884
R075530,32,Female,2,Beginner,265,20
R028445,62,Female,1,Intermediate,296,32
R074846,41,Female,1,Beginner,280,28.1
R040166,43,Male,1,Intermediate,259,20
R062582,46,Male,2,Advanced,272,44.5
R081752,37,Male,2,Intermediate,240,20
R001968,58,Female,1,Advanced,221,20
R082426,30,Female,2,Intermediate,206,20
R055673,41,Male,3,Advanced,191,20
R000445,43,Female,0,Advanced,,48
R028629,22,Male,1,Beginner,291,20
R020795,65,Female,3,Beginner,265,24.3
R048036,63,Female,1,Advanced,233,20
R066324,53,Male,2,Beginner,298,20
R095371,58,Non-binary,3,Beginner,273,20
R088806,43,Male,1,Intermediate,255,55.8
R073542,19,Female,3,Advanced,259,20
R036414,36,Female,3,Beginner,281,20
R064570,51,Female,2,Intermediate,238,20
R070277,40,Non-binary,2,Intermediate,286,52.3
R031322,65,Male,2,Advanced,208,41.8
R057438,56,Female,0,Intermediate,,38.2
R024420,51,Female,2,Beginner,294,20
R082364,21,Male,2,Beginner,280,20
R016617,37,Male,2,Beginner,275,20
R013461,23,Male,1,Intermediate,252,45.8
R059680,52,Male,2,Intermediate,257,20
R013353,53,Female,1,Beginner,262,31.8
R027548,59,Female,4,Advanced,191,50
R088901,49,Male,1,Beginner,279,20
R002076,45,Male,3,Intermediate,269,49.6
R067298,34,Male,3,Intermediate,249,50.7
R097907,32,Male,1,Advanced,273,20
R094065,33,Male,3,Beginner,258,20
R089823,32,Female,3,Beginner,278,109.2232056
R020605,29,Male,4,Beginner,268,20
R049826,49,Male,2,Intermediate,221,20
R045109,51,Female,2,Intermediate,260,20
R067448,30,Female,2,Beginner,305,20
R087096,44,Male,2,Beginner,263,114.4287647
R035440,26,Male,2,Intermediate,225,27.1
R024352,39,Male,2,Beginner,311,20
R006438,50,Female,4,Beginner,282,20
R013197,29,Female,0,Intermediate,,20
R074310,34,Male,2,Intermediate,236,51
R086839,46,Male,3,Intermediate,253,20
R026018,46,Male,0,Intermediate,,20
R086552,36,Male,0,Beginner,,20
R003530,45,Male,2,Beginner,267,20
R078247,63,Female,3,Beginner,299,46.7
R057279,39,Male,4,Intermediate,236,20
R023790,29,Male,1,Beginner,317,29.6
R045177,53,Male,1,Intermediate,288,25.3
R035744,64,Male,3,Beginner,262,20
R006534,27,Female,1,Beginner,289,20
R038962,47,Male,0,Advanced,,20
R020917,50,Female,1,Advanced,268,20
R039021,35,Male,3,Intermediate,236,55
R091823,43,Female,0,Beginner,,31.5
R094364,37,Female,3,Beginner,297,42.8
R086217,19,Female,3,Intermediate,263,20.8
R085456,61,Male,2,Beginner,262,20
R070616,35,Male,2,Beginner,293,29.1
R084981,23,Female,0,Beginner,,20
R070352,54,Male,4,Beginner,266,20
R043306,33,Male,1,Beginner,258,20
R067658,42,Female,2,Intermediate,212,20
R015314,24,Male,3,Intermediate,286,20
R032914,35,Female,2,Advanced,189,68.5
R070552,38,Male,1,Beginner,260,20
R098813,55,Male,1,Intermediate,202,20
R093650,42,Male,1,Intermediate,292,55.5
R079978,55,Male,1,Intermediate,295,32
R053940,22,Female,4,Beginner,266,36.5
R062645,20,Female,0,Beginner,,25.8
R038144,19,Female,3,Beginner,224,43
R095632,64,Female,1,Intermediate,245,20
R046365,21,Male,3,Intermediate,247,40.8
R099159,50,Female,2,Advanced,238,50.8
R030698,65,Female,2,Intermediate,257,36.3
R064041,19,Female,1,Intermediate,181,28.6
R032397,35,Female,0,Beginner,,20
R018419,65,Female,2,Beginner,289,20
R064312,38,Male,3,Intermediate,243,33.4
R090790,61,Female,1,Advanced,221,20
R041453,45,Female,0,Beginner,,25.8
R089638,18,Female,2,Intermediate,243,20.6
R011015,59,Male,6,Beginner,323,20
R067907,37,Female,2,Beginner,316,20
R030886,36,Female,0,Beginner,,41.6
R041372,59,Female,1,Beginner,280,20
R043504,20,Female,2,Beginner,308,20
R045076,23,Female,2,Advanced,256,25.7
R011986,25,Male,1,Beginner,314,20
R057798,20,Male,0,Beginner,,20
R001056,31,Female,3,Beginner,289,100.5216204
R005219,46,Female,1,Beginner,270,38.8
R066587,48,Male,4,Intermediate,247,31.7
R076823,47,Male,2,Advanced,230,23.6
R018505,27,Female,1,Advanced,244,20
R097403,56,Female,0,Beginner,,20
R035636,39,Male,0,Beginner,,42.9
R063909,48,Female,1,Intermediate,233,24.5
R030398,54,Female,2,Intermediate,274,64.5
R036265,20,Non-binary,2,Intermediate,236,30.8
R053737,24,Female,3,Intermediate,249,22.1
R051868,42,Male,1,Intermediate,260,20
R004799,47,Male,1,Advanced,190,20
R054978,19,Female,3,Advanced,229,112.9952707
R027694,42,Female,3,Beginner,294,20
R068037,62,Female,1,Beginner,258,20.2
R012625,56,Female,3,Beginner,295,20
R080052,32,Male,1,Intermediate,244,32
R089058,58,Male,1,Beginner,253,20
R010965,21,Male,2,Beginner,244,47.2
R068177,57,Male,2,Beginner,262,42.4
R080152,19,Female,0,Intermediate,,20
R033271,41,Female,3,Intermediate,248,36.9
R054557,52,Female,1,Intermediate,230,29.1
R089111,47,Female,2,Beginner,239,20.4
R051774,58,Female,2,Beginner,285,44.5
R095773,30,Female,3,Beginner,292,23.2
R034503,49,Female,5,Intermediate,239,20
R031313,21,Female,1,Beginner,327,20
R053140,34,Female,2,Beginner,312,24.4
R073735,23,Male,1,Beginner,246,29
R042697,23,Female,2,Beginner,324,20
R031989,59,Male,2,Intermediate,247,20
R029397,36,Male,2,Beginner,299,21.7
R017784,34,Female,1,Intermediate,293,29.8
R062564,52,Male,2,Intermediate,272,66.5
R078856,64,Non-binary,0,Intermediate,,20
R078944,48,Female,1,Advanced,248,59.1
R025383,41,Female,3,Intermediate,228,20
R037760,31,Female,0,Beginner,,20
R069669,40,Male,1,Advanced,223,42.3
R078244,31,Female,0,Beginner,,20
R010121,18,Male,0,Intermediate,,20
R075514,43,Female,1,Beginner,305,20
R057663,39,Male,1,Intermediate,246,20
R012193,47,Female,2,Intermediate,243,31.8
R052275,18,Female,1,Intermediate,270,26.4
R033107,41,Male,2,Beginner,283,34.3
R015089,31,Female,2,Beginner,264,24.2
R013180,46,Female,1,Beginner,242,23.5
R067743,20,Female,3,Beginner,267,20
R023894,52,Non-binary,3,Beginner,282,20
R009869,32,Male,3,Intermediate,251,47.9
R067055,56,Female,1,Beginner,291,22.5
R059206,54,Male,4,Intermediate,252,20
R058796,28,Male,2,Intermediate,275,24.3
R075611,26,Male,1,Beginner,286,20
R021703,38,Male,2,Intermediate,253,20
R047703,40,Female,1,Beginner,250,20
R086415,57,Female,0,Advanced,,20
R016173,33,Female,2,Beginner,275,20
R066960,53,Female,1,Intermediate,262,20
R086800,34,Male,1,Beginner,298,41.3
R046453,26,Female,2,Intermediate,240,22.7
R095344,45,Female,2,Beginner,314,20
R038742,27,Male,0,Intermediate,,20
R051487,64,Female,3,Beginner,280,20
R077158,41,Male,0,Beginner,,20
R046211,47,Male,2,Advanced,169,34.8
R060109,20,Female,1,Beginner,270,45.5
R095702,29,Male,0,Advanced,,34.9
R026045,19,Male,1,Beginner,273,61.6
R075991,58,Male,3,Intermediate,294,36.8
R015372,44,Male,3,Intermediate,206,20
R093233,60,Female,1,Advanced,232,37.2
R086767,41,Female,2,Beginner,290,20
R085230,64,Female,0,Beginner,,38.4
R032965,30,Male,1,Beginner,290,20
R052950,58,Female,1,Intermediate,291,20
R092845,51,Male,0,Advanced,,56.3
R006802,30,Female,3,Intermediate,258,20
R031636,59,Female,0,Advanced,,39.2
R045908,46,Female,2,Intermediate,278,43.1
R014783,57,Male,3,Beginner,306,46.7
R027347,46,Male,3,Beginner,291,36.1
R028984,44,Female,1,Beginner,252,27.8
R065956,46,Female,2,Advanced,235,25.6
R013882,61,Male,2,Intermediate,194,20
R048477,35,Male,3,Intermediate,255,24.4
R091479,31,Male,3,Intermediate,252,20
R084477,49,Male,2,Intermediate,259,36.9
R018021,48,Male,3,Intermediate,288,28.3
R089594,24,Male,0,Beginner,,35.9
R036768,61,Male,3,Beginner,267,20
R077417,21,Female,3,Intermediate,269,25
R033134,35,Male,1,Intermediate,237,49.7
R020163,48,Male,1,Advanced,225,27.1
R068893,24,Male,1,Intermediate,299,22.6
R000150,56,Male,1,Intermediate,279,20
R093031,36,Female,7,Beginner,290,20
R012884,52,Female,2,Advanced,186,39.4
R013594,33,Non-binary,0,Advanced,,50
R076769,46,Male,3,Intermediate,288,20
R000395,24,Male,2,Beginner,253,20
R011331,44,Female,2,Beginner,311,31.4
R078240,45,Female,2,Advanced,209,64.4
R052610,24,Female,7,Beginner,286,53.4
R012243,35,Female,2,Beginner,255,20
R066766,44,Male,5,Beginner,276,29
R076528,23,Female,4,Intermediate,267,20
R050873,54,Male,0,Intermediate,,20
R087157,46,Female,1,Intermediate,239,20
R030453,63,Non-binary,2,Advanced,217,20.6
R030456,48,Female,0,Intermediate,,20
R011320,45,Female,4,Beginner,325,20
R025766,31,Male,2,Advanced,197,28.4
R056406,36,Female,4,Intermediate,178,20.2
R026687,59,Female,2,Beginner,285,31.9
R098853,55,Female,3,Beginner,297,33.7
R000198,49,Male,1,Beginner,294,24
R085930,52,Female,3,Intermediate,237,28.8
R067099,53,Female,5,Beginner,273,20
R086071,27,Male,2,Beginner,265,21.1
R018066,50,Male,1,Beginner,279,25.9
R013204,57,Male,1,Intermediate,213,31.5
R021815,25,Female,2,Beginner,249,20.8
R095491,65,Male,0,Beginner,,20
R039083,25,Female,0,Beginner,,20
R015109,34,Female,1,Advanced,256,20
R027951,20,Female,2,Intermediate,313,20
R081529,47,Male,3,Beginner,286,20
R097596,39,Female,0,Beginner,,26
R002380,25,Male,1,Intermediate,256,41.8
R011994,27,Female,3,Beginner,234,105.6743632
R037404,39,Male,0,Beginner,,40.7
R068090,65,Female,3,Advanced,211,31.1
R067980,61,Male,5,Beginner,295,49.9
R002625,43,Male,1,Intermediate,249,42.7
R087490,52,Female,5,Advanced,242,64.1
R010477,58,Female,2,Intermediate,224,20
R095587,45,Male,5,Beginner,243,39.1
R068849,26,Male,2,Beginner,237,20
R095260,56,Male,0,Beginner,,20
R092833,18,Female,0,Beginner,,29.2
R088492,63,Female,1,Beginner,282,20
R010563,25,Male,4,Beginner,280,20
R094256,30,Male,1,Beginner,282,34.1
R051424,20,Female,2,Beginner,271,27.3
R069094,47,Male,0,Advanced,,20
R095935,26,Male,4,Intermediate,313,20
R060251,36,Male,1,Advanced,239,44.5
R078673,50,Non-binary,5,Advanced,212,20
R086173,34,Female,2,Beginner,287,116.5245198
R063800,63,Female,1,Beginner,279,34.6
R040984,37,Male,2,Beginner,260,20
R099300,60,Female,0,Beginner,,20
R073506,29,Female,2,Intermediate,219,20
R053476,28,Male,0,Beginner,,20
R011418,51,Female,5,Beginner,339,20
R078291,48,Male,1,Intermediate,258,20.9
R022188,53,Male,4,Beginner,305,42.2
R074399,27,Male,0,Beginner,,30.9
R090326,37,Non-binary,2,Beginner,303,44.8
R053168,46,Male,2,Intermediate,262,20
R051577,35,Non-binary,4,Intermediate,258,20
R063381,21,Female,2,Intermediate,260,20
R029803,22,Female,1,Beginner,321,20
R046910,63,Female,1,Beginner,275,20
R023017,53,Female,0,Beginner,,28.8
R092760,43,Male,0,Advanced,,20
R018293,64,Female,0,Beginner,,20
R061518,44,Male,2,Intermediate,259,38.7
R018394,56,Female,2,Beginner,271,25.7
R042688,59,Male,3,Beginner,256,20
R015573,39,Female,1,Beginner,290,20
R098476,32,Male,2,Beginner,296,20
R001667,49,Female,2,Intermediate,259,20
R085210,28,Male,3,Advanced,220,25.8
R011585,61,Male,4,Beginner,237,28.4
R013504,65,Male,2,Intermediate,240,20
R032138,49,Male,3,Beginner,288,20
R070814,64,Female,2,Intermediate,252,20
R092034,51,Male,0,Beginner,,23.2
R067068,43,Male,0,Intermediate,,102.699945
R041530,35,Female,2,Intermediate,296,23.8
R055418,21,Female,1,Intermediate,261,37.9
R066598,19,Male,2,Beginner,257,20
R058389,18,Female,2,Beginner,271,20
R028398,55,Female,2,Beginner,235,20
R048579,36,Male,0,Intermediate,,20
R041658,47,Male,1,Advanced,167,20
R009488,46,Female,0,Beginner,,29.7
R004586,36,Female,0,Intermediate,,22.6
R077229,39,Female,4,Beginner,255,29.5
R053259,51,Male,2,Beginner,258,22
R008560,35,Female,1,Beginner,277,20
R038426,46,Non-binary,2,Beginner,310,25.8
R092296,33,Female,6,Beginner,324,20.9
R084363,22,Female,2,Beginner,271,20
R022544,53,Non-binary,3,Beginner,305,26.4
R045852,51,Male,0,Beginner,,20
R015159,58,Non-binary,4,Advanced,244,39.7
R075382,27,Male,1,Intermediate,267,42.8
R087516,59,Female,1,Beginner,256,29
R049562,53,Female,1,Beginner,256,25.9
R047147,65,Male,4,Beginner,303,34.6
R071484,38,Male,1,Beginner,278,20
R067290,54,Male,2,Beginner,286,20
R046901,40,Female,0,Advanced,,20
R074791,38,Non-binary,0,Advanced,,55.2
R003609,59,Male,1,Beginner,268,20
R019879,33,Female,3,Beginner,279,32.9
R071523,42,Male,2,Beginner,285,20
R078606,42,Male,2,Advanced,237,57.2
R078528,36,Male,4,Beginner,262,20
R009628,27,Female,1,Beginner,274,20.9
R069161,47,Female,4,Intermediate,229,20
R097583,53,Male,2,Intermediate,267,38.2
R047206,36,Female,1,Beginner,277,20
R087982,49,Male,7,Beginner,269,20
R052075,35,Female,2,Advanced,208,20
R025842,36,Female,1,Intermediate,272,20
R056162,60,Female,2,Beginner,256,20
R064727,34,Female,1,Advanced,173,62.8
R043593,43,Male,2,Beginner,278,30.5
R045157,34,Female,2,Intermediate,247,23.2
R070130,47,Male,2,Advanced,224,20
R051299,48,Male,0,Advanced,,49.8
R016474,20,Male,1,Intermediate,242,20
R002544,31,Male,4,Advanced,206,107.220662
R026653,54,Male,1,Advanced,226,24.8
R050874,39,Male,1,Intermediate,283,31.6
R043631,33,Male,3,Intermediate,203,20
R092646,49,Female,6,Beginner,304,20
R013433,38,Female,3,Beginner,260,24.8
R085474,60,Female,2,Beginner,267,30.9
R062554,53,Male,2,Beginner,273,20
R008775,39,Female,0,Advanced,,20
R091738,47,Male,2,Advanced,223,23.9
R037191,65,Male,0,Beginner,,20
R078675,48,Male,3,Intermediate,229,40.8
R019929,59,Male,0,Beginner,,20
R085770,29,Female,1,Advanced,224,32.1
R057956,28,Male,2,Advanced,201,20
R079228,63,Female,4,Beginner,275,28
R029672,42,Male,2,Beginner,296,20
R049952,28,Male,1,Intermediate,262,20.2
R011304,29,Female,2,Beginner,315,20
R088556,30,Male,2,Intermediate,289,30.7
R017315,36,Female,1,Intermediate,245,109.4083892
R007629,61,Male,3,Beginner,264,20
R066871,18,Male,3,Beginner,252,20
R028553,21,Male,2,Beginner,287,23.4
R000593,22,Male,3,Advanced,235,28.8
R010518,65,Male,3,Advanced,243,70.1
R085892,18,Female,6,Beginner,264,20
R024760,21,Female,2,Intermediate,273,52.6
R013398,18,Male,3,Advanced,219,20.3
R096656,45,Male,2,Beginner,259,39.8
R056902,33,Female,4,Intermediate,228,20
R071756,18,Female,1,Advanced,241,105.9550412
R076456,57,Male,2,Beginner,272,33.8
R022219,33,Male,4,Intermediate,260,20
R093757,43,Non-binary,5,Beginner,265,32.8
R087524,27,Male,1,Intermediate,203,20
R019511,35,Male,0,Intermediate,,20
R072305,22,Female,2,Intermediate,285,55.8
R068446,26,Female,4,Beginner,294,20
R080477,45,Male,1,Intermediate,236,40
R011372,55,Female,2,Beginner,296,20
R027478,46,Male,2,Advanced,195,48
R015912,22,Female,1,Beginner,263,20
R041985,50,Male,2,Beginner,304,20.4
R020369,29,Male,0,Beginner,,41.8
R012703,32,Female,0,Beginner,,20
R087911,29,Female,2,Beginner,275,20
R000287,28,Male,2,Advanced,189,20
R061995,56,Female,4,Beginner,295,44.5
R068427,57,Male,3,Beginner,252,20
R028673,48,Female,2,Beginner,348,20
R052356,44,Male,2,Beginner,251,20
R009507,42,Male,3,Beginner,285,43.8
R049146,60,Female,2,Beginner,270,20
R021398,20,Female,2,Beginner,279,40.8
R030091,37,Male,2,Intermediate,255,20
R013647,35,Male,3,Beginner,290,26.2
R074235,52,Male,2,Intermediate,273,20
R070018,53,Male,2,Beginner,251,20
R022418,30,Male,2,Beginner,306,20
R023563,37,Male,2,Beginner,351,26.7
R083635,21,Male,6,Advanced,212,20
R079848,47,Female,0,Beginner,,20
R006155,58,Male,5,Advanced,234,20
R036364,57,Female,1,Advanced,209,20
R034647,28,Male,1,Intermediate,252,36.6
R069140,21,Female,2,Beginner,317,20
R090321,26,Female,3,Advanced,245,47.8
R049101,19,Female,2,Beginner,284,25.4
R039181,29,Male,3,Beginner,281,20
R037056,55,Male,2,Advanced,218,65.3
R046583,54,Male,4,Advanced,214,26.7
R092794,34,Female,2,Advanced,214,20
R027719,38,Male,1,Intermediate,253,20
R071876,62,Male,2,Intermediate,224,20
R082524,26,Non-binary,0,Advanced,,20
R020097,22,Male,1,Beginner,262,30.2
R099335,30,Male,3,Intermediate,213,20
R061641,18,Female,1,Beginner,291,20
R003965,62,Female,1,Intermediate,221,20
R029026,34,Female,2,Advanced,250,56.9
R004494,50,Female,2,Advanced,237,54.4
R048038,64,Female,2,Beginner,323,20
R021840,45,Female,1,Beginner,290,20
R048080,20,Female,3,Advanced,216,50
R038893,65,Male,1,Beginner,279,34.5
R092061,52,Female,2,Beginner,318,20
R008706,32,Male,1,Intermediate,264,20
R097791,20,Male,1,Intermediate,244,39.3
R097784,18,Female,2,Beginner,331,40.1
R027431,38,Male,2,Beginner,300,20
R024258,23,Female,5,Advanced,225,20
R056942,26,Male,2,Beginner,238,20
R083570,18,Male,1,Intermediate,220,20
R086139,48,Female,3,Intermediate,250,21.8
R064009,36,Female,3,Beginner,308,29.5
R068794,25,Non-binary,1,Beginner,289,31.5
R054456,56,Male,1,Intermediate,263,20
R051496,35,Male,1,Beginner,302,20
R065003,47,Male,5,Intermediate,256,36.5
R008131,57,Female,1,Advanced,246,67.2
R001872,62,Male,4,Beginner,239,20
R032312,45,Male,3,Beginner,209,22.3
R062244,22,Male,2,Beginner,278,52.6
R004567,47,Male,4,Intermediate,266,30.7
R002965,41,Non-binary,4,Intermediate,251,49.6
R071898,43,Male,2,Beginner,305,20
R065965,45,Male,1,Intermediate,189,20
R050781,47,Male,0,Advanced,,25.3
R009459,21,Male,0,Beginner,,20
R001787,46,Female,3,Beginner,277,20
R016719,39,Female,3,Beginner,271,20
R032891,43,Male,0,Advanced,,41
R082390,61,Female,1,Advanced,207,44.8
R065528,22,Female,1,Beginner,282,27.3
R072236,39,Female,2,Intermediate,311,37.3
R063429,53,Male,1,Intermediate,270,20
R005018,41,Male,3,Beginner,276,31.2
R076596,18,Non-binary,3,Advanced,232,23.7
R000314,25,Male,3,Beginner,299,41.1
R092535,58,Male,1,Advanced,191,20
R043938,50,Male,0,Beginner,,26.1
R029892,57,Male,3,Advanced,259,20
R027534,48,Female,2,Beginner,279,20
R099583,61,Female,0,Intermediate,,26.6
R007409,65,Female,2,Intermediate,245,60.4
R043944,39,Male,1,Intermediate,238,30.1
R079817,50,Male,2,Beginner,260,22.4
R072900,18,Male,1,Advanced,209,20
R093068,58,Female,2,Beginner,278,27.3
R016359,37,Male,3,Intermediate,278,20
R076084,43,Male,0,Beginner,,20
R046302,59,Female,1,Intermediate,246,44.1
R040670,25,Non-binary,2,Beginner,316,26.5
R021929,57,Male,1,Intermediate,218,20
R005156,60,Female,4,Intermediate,259,24.2
R079946,53,Male,1,Beginner,296,21.1
R091930,36,Female,1,Beginner,272,20
R028379,55,Female,1,Advanced,245,20
R095970,56,Male,3,Intermediate,253,38.6
R040007,58,Male,2,Intermediate,292,20
R020411,65,Non-binary,2,Intermediate,241,20
R007820,48,Male,1,Advanced,201,38.5
R004283,36,Female,3,Beginner,299,20
R056660,54,Male,3,Beginner,290,20
R038942,30,Female,4,Beginner,283,28.2
R005293,35,Female,1,Intermediate,241,32.3
R052073,35,Female,2,Advanced,186,29.1
R004189,25,Female,4,Advanced,211,50.8
R071934,39,Female,3,Beginner,245,34.3
R072614,54,Female,4,Beginner,263,20
R044457,27,Male,2,Beginner,265,20
R042730,29,Male,1,Beginner,258,38.2
R082164,39,Female,0,Beginner,,41.3
R049371,38,Female,2,Beginner,264,20
R037116,22,Male,2,Beginner,242,20
R008388,65,Male,1,Beginner,258,25.2
R018370,19,Female,1,Advanced,187,110.8859146
R037572,65,Female,7,Beginner,259,20
R093348,58,Female,1,Intermediate,243,22.7
R023571,27,Female,2,Intermediate,236,20
R070687,18,Female,0,Beginner,,42.7
R062520,64,Female,2,Beginner,284,20
R099383,43,Male,1,Beginner,275,32.7
R049569,64,Non-binary,3,Beginner,274,20
R032932,56,Female,1,Advanced,209,20
R081906,21,Male,2,Intermediate,248,112.7973394
R057452,39,Male,2,Beginner,273,20
R008027,26,Female,3,Intermediate,216,38.6
R020584,60,Female,4,Advanced,217,20
R026945,32,Male,4,Beginner,282,32.8
R006459,51,Female,3,Beginner,314,20
R005369,22,Male,4,Beginner,249,22.9
R097860,62,Female,2,Intermediate,244,27.1
R065225,37,Male,3,Advanced,214,42.5
R044234,31,Female,2,Beginner,291,20
R046604,27,Male,2,Advanced,201,20
R049255,20,Male,3,Beginner,237,26.5
R011426,49,Male,1,Beginner,251,20
R090038,44,Female,2,Intermediate,260,20
R064438,56,Male,2,Beginner,303,51.9
R024821,60,Male,4,Beginner,321,20
R051820,58,Female,3,Beginner,283,25.9
R093347,50,Female,0,Advanced,,21.2
R091605,54,Female,1,Advanced,234,21.2
R083118,44,Female,3,Intermediate,237,46.7
R073164,35,Male,2,Advanced,277,20
R073635,46,Female,0,Intermediate,,52
R002671,30,Female,3,Intermediate,260,20
R031661,38,Male,1,Intermediate,240,30.9
R011456,30,Male,1,Beginner,254,20
R053591,43,Female,1,Beginner,297,20
R067190,40,Female,0,Beginner,,101.2122842
R061364,30,Female,2,Advanced,219,61.5
R098110,33,Male,0,Beginner,,20
R086473,34,Female,1,Beginner,284,20
R049751,49,Male,0,Beginner,,27.7
R081480,25,Male,2,Intermediate,264,25
R031407,33,Male,4,Beginner,306,25.5
R050937,65,Female,0,Intermediate,,45.7
R060877,43,Male,1,Intermediate,254,20
R028682,36,Female,3,Intermediate,267,20
R049845,44,Male,3,Intermediate,263,32.1
R063070,47,Male,1,Intermediate,296,40.4
R017764,21,Male,4,Beginner,286,20
R003474,47,Male,1,Intermediate,244,41
R093138,53,Female,2,Intermediate,265,48.7
R014691,21,Male,2,Beginner,317,20
R023185,54,Female,1,Intermediate,268,22.4
R000694,33,Female,0,Beginner,,20
R039409,34,Male,2,Beginner,298,21
R021417,26,Male,7,Intermediate,207,26.5
R096579,34,Male,1,Intermediate,272,20
R023847,37,Female,2,Advanced,230,20
R027101,19,Female,2,Intermediate,219,41.1
R065258,37,Male,0,Beginner,,39.1
R040862,19,Female,0,Intermediate,,52.3
R084469,48,Female,2,Beginner,290,20
R055734,63,Female,1,Beginner,292,42.2
R048954,22,Male,2,Beginner,235,20
R073967,49,Female,5,Beginner,277,20
R009452,29,Male,3,Intermediate,260,29.7
R088888,25,Female,2,Intermediate,275,24.1
R017654,59,Male,4,Beginner,256,44.9
R044942,39,Female,2,Beginner,274,20
R050511,65,Female,4,Beginner,310,20
R070239,45,Female,1,Advanced,229,20
R011152,55,Male,1,Advanced,271,28.1
R091635,27,Male,3,Beginner,316,20
R049752,47,Female,0,Beginner,,38
R091607,60,Male,2,Advanced,235,67.2
R069288,53,Male,4,Advanced,227,20
R075023,36,Non-binary,1,Beginner,249,20
R052800,58,Female,1,Beginner,211,20
R041659,50,Male,0,Beginner,,20
R010789,34,Female,1,Beginner,294,27.4
R056142,19,Male,5,Intermediate,228,20
R070799,63,Female,3,Advanced,244,32.3
R075935,43,Female,2,Beginner,258,20
R033982,22,Male,1,Advanced,231,20
R086102,54,Female,1,Intermediate,250,20
R056856,32,Male,0,Intermediate,,20
R050219,47,Male,4,Intermediate,238,20
R085403,34,Female,0,Beginner,,20
R022349,31,Male,0,Intermediate,,45.5
R082341,26,Female,2,Beginner,294,20
R051253,30,Female,5,Intermediate,279,20
R079069,37,Female,3,Beginner,269,20
R024724,48,Male,1,Intermediate,219,21
R097632,37,Male,1,Beginner,235,101.4413654
R031741,61,Female,2,Advanced,169,53.9
R049784,63,Male,3,Intermediate,222,59.8
R097127,34,Female,1,Beginner,277,20
R066995,39,Non-binary,1,Advanced,214,49.6
R061876,42,Male,2,Beginner,267,24.2
R070602,58,Male,1,Advanced,254,29.4
R018094,40,Female,2,Advanced,227,20
R047213,35,Female,1,Beginner,277,20
R010044,35,Male,2,Beginner,261,24.1
R076584,31,Male,0,Intermediate,,34.4
R004577,49,Male,0,Advanced,,25.1
R030262,19,Male,1,Beginner,253,20
R044262,65,Male,1,Beginner,276,27.7
R000560,56,Male,2,Beginner,318,41.2
R030196,64,Male,3,Advanced,214,34.4
R077577,36,Male,1,Intermediate,233,20
R041284,47,Female,1,Beginner,216,33.6
R019785,26,Male,1,Beginner,271,31.4
R059021,55,Male,3,Beginner,292,35.1
R095456,35,Female,3,Beginner,315,44.5
R096759,46,Female,1,Advanced,253,47.7
R089362,36,Female,4,Advanced,224,52
R096215,28,Female,1,Intermediate,225,114.6081447
R099008,47,Male,2,Beginner,283,20
R012372,22,Female,4,Intermediate,292,22.7
R082916,19,Female,0,Intermediate,,20
R027255,63,Female,5,Intermediate,234,38.7
R030831,38,Female,4,Beginner,307,20
R098153,55,Male,2,Advanced,262,20
R090484,36,Male,2,Intermediate,273,20
R070803,22,Male,0,Intermediate,,35.5
R001199,27,Female,2,Intermediate,296,20
R056879,33,Female,2,Beginner,309,20
R020242,42,Female,2,Intermediate,264,31.4
R017130,41,Male,0,Intermediate,,54.3
R006027,41,Female,2,Intermediate,244,32.3
R088314,49,Male,2,Beginner,303,20
R006182,46,Male,0,Advanced,,68.3
R035363,41,Male,4,Beginner,262,20
R094263,56,Female,1,Beginner,317,20
R011128,54,Female,3,Beginner,304,20
R019123,64,Female,2,Intermediate,270,29.4
R061583,63,Male,2,Advanced,180,100.4461716
R083260,51,Male,2,Beginner,301,20
R074145,31,Male,4,Beginner,235,20
R063201,29,Female,2,Intermediate,228,43.6
R000806,28,Female,3,Beginner,326,20
R048145,46,Male,2,Intermediate,266,36.9
R032628,21,Female,1,Beginner,273,20
R057179,63,Male,3,Beginner,324,20
R059422,26,Female,4,Intermediate,261,48.6
R043838,38,Male,0,Advanced,,20
R073715,45,Male,1,Intermediate,272,25.1
R003759,24,Male,2,Advanced,207,56.1
R020168,20,Female,0,Beginner,,26.5
R047124,63,Female,2,Beginner,295,50.3
R033083,58,Female,6,Intermediate,276,38.3
R020157,35,Female,1,Beginner,289,20
R074752,63,Male,2,Intermediate,226,114.1729544
R016438,48,Non-binary,1,Beginner,274,42.5
R077887,61,Male,2,Beginner,274,20
R039008,40,Female,2,Beginner,273,20
R013330,55,Female,2,Beginner,340,21.2
R079011,18,Female,2,Beginner,324,31.9
R030963,44,Male,0,Advanced,,33.7
R057675,48,Female,2,Advanced,179,20
R024537,54,Female,2,Beginner,285,20
R041267,29,Female,1,Beginner,286,20
R005177,61,Male,2,Beginner,297,21.3
R027550,64,Female,1,Advanced,228,34.4
R087544,34,Female,0,Intermediate,,34.7
R007660,57,Female,0,Intermediate,,20
R068205,20,Female,3,Beginner,231,20
R036128,50,Female,2,Advanced,248,118.0634995
R005471,55,Male,2,Advanced,182,31.3
R076015,37,Female,2,Beginner,275,21.9
R070933,39,Female,3,Beginner,258,41.1
R094375,42,Male,6,Advanced,223,47.5
R034396,35,Male,1,Beginner,235,20
R032207,37,Female,3,Intermediate,266,116.1581706
R040563,50,Male,3,Intermediate,261,20
R023875,44,Female,1,Intermediate,225,31.4
R060902,22,Non-binary,0,Advanced,,43.3
R040883,62,Female,3,Advanced,271,33.8
R060954,19,Female,4,Advanced,240,26.5
R063464,24,Female,1,Intermediate,218,20
R093303,45,Female,1,Advanced,225,21.8
R040405,65,Female,3,Beginner,276,20
R013493,30,Female,1,Beginner,281,20
R014324,52,Male,2,Beginner,322,20
R002264,64,Female,2,Beginner,281,20
R098475,34,Male,1,Advanced,182,32.7
R063457,30,Male,2,Advanced,226,29.3
R039783,43,Female,2,Intermediate,197,20
R046273,44,Male,1,Beginner,259,35.4
R006243,64,Female,3,Beginner,295,110.2616618
R010070,32,Female,1,Advanced,197,20
R091978,54,Female,1,Advanced,217,20
R015305,52,Male,4,Advanced,225,45.7
R083011,37,Male,3,Beginner,282,20
R076338,41,Female,3,Beginner,269,48.1
R056496,43,Female,2,Intermediate,266,20
R044261,45,Male,5,Beginner,268,20
R051991,23,Female,1,Intermediate,280,30.3
R023517,28,Non-binary,2,Beginner,286,20
R068454,19,Female,2,Advanced,220,40.3
R025461,35,Male,1,Beginner,289,38
R077162,47,Female,4,Intermediate,259,20
R057574,65,Female,1,Beginner,315,42.3
R085236,47,Female,2,Intermediate,240,45.7
R080103,25,Male,2,Intermediate,254,20
R025470,50,Female,2,Beginner,206,20
R001913,51,Male,5,Intermediate,253,34.8
R017262,61,Non-binary,4,Beginner,302,42.8
R083544,38,Female,4,Beginner,286,20
R075542,24,Female,2,Beginner,291,26.5
R057835,48,Male,2,Intermediate,234,36.8
R079068,19,Female,2,Advanced,265,37.9
R092825,53,Male,7,Intermediate,245,50.8
R057323,29,Male,2,Advanced,208,39.3
R006217,23,Male,2,Beginner,322,33.3
R055757,63,Female,0,Intermediate,,34
R012232,41,Non-binary,2,Beginner,270,20
R022567,50,Male,3,Intermediate,294,20
R022628,46,Male,2,Intermediate,256,24.3
R009906,23,Female,4,Advanced,243,20
R006604,56,Female,5,Beginner,260,30
R083950,60,Male,3,Advanced,235,54.7
R055053,35,Female,1,Beginner,286,27.9
R099172,52,Non-binary,3,Beginner,302,28.1
R054695,48,Male,2,Advanced,237,20
R042856,59,Non-binary,2,Beginner,304,20
R027299,58,Female,4,Beginner,270,20
R099833,60,Male,3,Beginner,264,20
R022704,58,Male,2,Beginner,296,20
R076095,46,Female,3,Advanced,225,24.7
R015345,28,Male,0,Beginner,,42.1
R072230,18,Female,2,Intermediate,233,34.1
R048390,47,Non-binary,3,Intermediate,279,55.8
R070055,57,Male,4,Beginner,297,20
R061399,34,Male,2,Beginner,259,20
R032948,39,Male,2,Intermediate,289,54.1
R031168,33,Male,0,Beginner,,20
R057100,19,Male,2,Intermediate,255,20
R079703,22,Male,1,Beginner,289,20
R091421,32,Female,1,Beginner,307,20
R037242,21,Male,3,Beginner,243,39.4
R025734,27,Female,3,Intermediate,285,39.2
R061429,39,Female,2,Beginner,294,34
R042678,19,Female,3,Intermediate,258,35.5
R004598,42,Male,3,Advanced,217,36.7
R071486,56,Male,0,Intermediate,,30.3
R064598,34,Male,3,Advanced,233,40.4
R047647,22,Female,1,Beginner,241,38.6
R001138,53,Female,3,Intermediate,269,20
R086221,32,Male,1,Intermediate,240,39.9
R093008,42,Female,4,Advanced,224,105.5378485
R001091,23,Female,2,Beginner,250,30.7
R022816,37,Male,1,Intermediate,227,20.4
R010048,21,Male,2,Intermediate,278,20
R068802,19,Female,3,Advanced,226,20
R044050,24,Male,4,Beginner,264,20
R081406,36,Female,1,Beginner,317,20
R011153,29,Male,1,Beginner,274,31.1
R074311,46,Male,0,Intermediate,,50.1
R000942,39,Male,2,Advanced,204,42.2
R021458,65,Male,1,Beginner,230,20
R035340,47,Male,2,Advanced,258,20
R037703,59,Female,1,Beginner,279,39.3
R003058,27,Male,2,Beginner,280,20
R039244,53,Female,2,Beginner,287,20
R090155,63,Female,2,Beginner,292,21.2
R075870,42,Male,3,Intermediate,231,27.5
R088158,62,Male,3,Beginner,296,20
R090468,51,Male,0,Beginner,,20
R041871,60,Male,2,Beginner,323,20
R020875,48,Female,5,Advanced,188,38.1
R082357,56,Male,3,Beginner,338,20
R010253,53,Male,4,Beginner,306,20
R015764,65,Male,4,Beginner,243,20
R053005,58,Female,1,Intermediate,213,61.5
R010522,29,Female,2,Beginner,307,20
R037587,47,Non-binary,2,Intermediate,262,35.2
R050225,20,Male,2,Advanced,204,20
R094725,42,Male,6,Beginner,257,104.1491988
R088456,58,Female,0,Intermediate,,20
R078102,36,Male,4,Beginner,315,49.6
R049879,25,Male,2,Intermediate,289,20
R002954,56,Female,0,Intermediate,,20
R095898,22,Male,2,Intermediate,272,47
R048621,52,Non-binary,3,Intermediate,265,21.1
R048985,46,Male,3,Advanced,203,20
R031891,39,Female,2,Beginner,298,29.3
R022644,46,Non-binary,2,Beginner,252,22.7
R092397,32,Female,5,Advanced,259,52.5
R082078,55,Female,6,Intermediate,243,100.9948619
R016677,40,Male,3,Advanced,235,22.7
R065701,58,Non-binary,1,Advanced,224,64.8
R013680,26,Female,2,Advanced,224,20
R074626,64,Male,2,Beginner,271,20
R024626,30,Non-binary,5,Beginner,295,31.8
R093763,61,Female,4,Intermediate,266,41.4
R015133,19,Male,2,Beginner,307,20
R012635,37,Non-binary,3,Beginner,298,24.3
R021545,29,Female,1,Beginner,298,20
R031055,49,Male,4,Beginner,286,22
R050397,42,Male,2,Beginner,286,20
R073089,46,Male,2,Intermediate,263,20
R099240,48,Female,1,Beginner,294,20
R026612,23,Male,2,Beginner,270,61.9
R083267,62,Male,3,Intermediate,234,28.9
R069165,50,Male,3,Intermediate,252,47.9
R091156,41,Male,2,Intermediate,268,24.7
R048266,62,Male,3,Intermediate,246,24.1
R072220,42,Female,1,Beginner,291,20
R083609,58,Female,2,Beginner,284,20
R097835,63,Male,6,Beginner,293,28.8
R018299,42,Male,1,Beginner,261,20
R059314,45,Male,2,Beginner,276,28.5
R087266,56,Male,2,Advanced,221,20
R099509,64,Female,2,Intermediate,228,20
R026591,23,Female,0,Beginner,,20
R005203,54,Male,0,Intermediate,,20
R043198,24,Female,0,Beginner,,20
R070546,41,Male,1,Intermediate,281,46
R036016,21,Female,2,Beginner,304,118.4341778
R060275,43,Female,1,Beginner,318,35.7
R048270,61,Male,1,Advanced,240,20
R046301,23,Male,4,Intermediate,294,37.6
R000628,19,Female,2,Beginner,278,20
R056005,32,Female,2,Advanced,209,20
R055409,39,Male,2,Intermediate,215,20
R026313,31,Female,3,Beginner,297,20
R077024,62,Male,0,Beginner,,20
R063398,48,Female,3,Beginner,312,27.3
R094981,49,Male,3,Intermediate,246,25.3
R077206,43,Male,2,Beginner,276,20
R024692,23,Male,1,Intermediate,288,20
R058707,31,Non-binary,0,Intermediate,,20
R030337,61,Male,2,Intermediate,251,20
R096762,33,Male,2,Advanced,190,24.8
R007022,26,Female,1,Intermediate,273,26.3
R003998,41,Female,1,Advanced,212,20
R005187,34,Female,0,Beginner,,23.1
R096641,30,Male,1,Beginner,302,20
R035065,24,Female,0,Beginner,,20
R055844,25,Female,4,Advanced,181,20
R003827,58,Male,2,Intermediate,257,20
R012593,45,Male,4,Intermediate,293,20
R006840,39,Male,1,Advanced,218,27.7
R069732,54,Male,3,Beginner,310,33.7
R066399,59,Female,0,Advanced,,43.7
R072267,29,Female,1,Beginner,282,20
R060931,39,Female,2,Beginner,304,20
R019632,40,Male,1,Beginner,290,20
R048342,46,Male,1,Intermediate,216,20
R017645,31,Male,0,Beginner,,20
R057816,22,Male,2,Beginner,269,30.7
R052980,32,Male,2,Intermediate,225,20
R075476,46,Female,2,Beginner,286,27.1
R070800,39,Female,2,Beginner,239,20
R049578,33,Male,0,Intermediate,,24
R002637,38,Male,1,Beginner,252,20
R051757,29,Male,3,Beginner,283,20
R015593,40,Non-binary,2,Advanced,190,43.6
R002788,32,Male,1,Beginner,286,20
R079430,40,Female,0,Advanced,,21.2
R060380,57,Male,2,Advanced,253,28.3
R035347,60,Male,2,Intermediate,254,20
R025983,55,Male,1,Beginner,286,20
R053368,22,Male,4,Advanced,206,20
R008253,44,Male,1,Beginner,267,20
R023502,49,Male,4,Advanced,199,52.9
R096669,64,Female,1,Advanced,201,20
R065144,19,Male,2,Beginner,239,63.1
R063939,28,Female,1,Intermediate,269,20
R090172,43,Male,4,Beginner,259,20
R014652,26,Male,1,Beginner,282,20
R059417,47,Female,3,Intermediate,267,28.6
R007919,42,Male,1,Beginner,268,23.3
R053414,18,Female,2,Beginner,303,28.2
R070786,25,Female,2,Beginner,307,39.2
R063433,21,Female,0,Intermediate,,20
R090298,31,Female,2,Beginner,279,20
R068681,39,Female,2,Beginner,269,20
R048011,32,Male,0,Beginner,,20
R055756,46,Female,2,Beginner,274,24.2
R066536,55,Female,3,Intermediate,233,39.1
R052272,64,Female,2,Intermediate,258,53.1
R098824,56,Male,1,Beginner,235,20
R001726,62,Female,3,Beginner,331,20
R006195,61,Male,2,Beginner,236,34.1
R043182,62,Female,4,Beginner,280,20
R038418,63,Male,5,Beginner,313,20
R051352,50,Male,1,Advanced,198,55.2
R014947,47,Female,1,Advanced,212,117.4388163
R072192,18,Male,1,Beginner,280,20
R075311,52,Male,2,Intermediate,218,59.9
R096301,21,Female,1,Intermediate,301,29.6
R034183,26,Male,0,Advanced,,20
R084868,25,Female,1,Advanced,197,47.2
R021406,62,Female,2,Intermediate,253,31.2
R096286,23,Male,0,Beginner,,20
R089450,62,Male,1,Beginner,293,20
R078750,20,Male,4,Beginner,274,20
R036587,59,Male,0,Intermediate,,22.9
R049932,20,Male,2,Intermediate,235,20
R051187,64,Female,2,Beginner,301,34.5
R032797,41,Female,1,Beginner,283,20
R059187,41,Non-binary,1,Advanced,237,31.7
R096905,32,Male,0,Beginner,,20
R053620,54,Female,2,Intermediate,235,40.9
R065022,54,Male,1,Intermediate,271,28.4
R044580,25,Male,2,Beginner,276,110.8721728
R055806,23,Male,3,Advanced,228,63.3
R035318,65,Non-binary,1,Beginner,244,48.7
R062918,39,Male,2,Advanced,204,55.8
R010780,62,Male,2,Beginner,250,20
R083712,52,Male,4,Intermediate,281,60.5
R074651,63,Female,2,Beginner,351,22.5
R096323,22,Female,1,Beginner,288,23.1
R076946,50,Female,2,Beginner,268,104.7163403
R043407,18,Female,1,Advanced,217,104.5603702
R079604,64,Female,2,Beginner,303,20
R066912,33,Male,2,Intermediate,264,20
R079860,46,Non-binary,2,Beginner,262,20
R016834,44,Male,1,Beginner,263,20
R079335,53,Male,1,Intermediate,273,20
R034108,41,Female,2,Advanced,214,20
R056102,24,Male,5,Beginner,248,20
R050327,64,Male,0,Advanced,,32.8
R040748,38,Female,1,Intermediate,287,20
R027879,29,Female,1,Advanced,267,20
R055716,51,Male,2,Advanced,254,63.9
R062699,55,Non-binary,4,Intermediate,273,51.1
R070809,48,Female,2,Beginner,299,33.1
R046863,44,Female,3,Intermediate,283,20.1
R071169,18,Female,2,Beginner,272,20
R084607,47,Female,0,Advanced,,20
R054425,35,Female,4,Advanced,209,42.7
R006524,32,Male,0,Intermediate,,34.8
R026233,33,Female,2,Beginner,303,20
R065778,56,Female,2,Beginner,271,20
R068043,47,Male,2,Beginner,261,40.6
R005832,47,Non-binary,3,Beginner,225,118.5581699
R029332,20,Male,1,Intermediate,244,20
R087994,58,Female,1,Intermediate,263,20
R079609,35,Male,0,Intermediate,,20
R095949,29,Female,1,Intermediate,204,20
R043368,29,Female,3,Advanced,259,20
R004087,58,Male,2,Advanced,218,20
R055100,26,Male,3,Intermediate,236,34
R043940,63,Female,0,Advanced,,35.5
R009169,39,Male,4,Intermediate,238,32.7
R050324,27,Female,0,Beginner,,44.1
R084162,45,Male,2,Advanced,180,39.6
R070115,37,Male,1,Beginner,291,20
R005285,59,Female,2,Intermediate,275,26.4
R082672,37,Female,6,Intermediate,236,43.7
R092723,51,Male,1,Intermediate,257,55.1
R083281,50,Female,2,Beginner,252,21.7
R068020,22,Female,1,Beginner,314,20
R047910,23,Female,4,Advanced,264,20
R096684,39,Female,3,Intermediate,238,20
R002214,20,Female,0,Beginner,,20
R011612,49,Male,3,Intermediate,273,52.4
R093891,48,Non-binary,0,Advanced,,34.8
R049861,54,Male,2,Beginner,227,22.9
R062879,45,Male,2,Beginner,295,43.1
R096329,29,Male,0,Advanced,,33.5
R062625,24,Male,2,Beginner,311,32.4
R042224,39,Male,1,Beginner,262,20
R082762,48,Female,3,Intermediate,212,20
R050566,65,Male,2,Beginner,254,20
R026931,53,Female,3,Advanced,235,20
R070710,20,Female,3,Beginner,316,46.7
R034970,20,Female,1,Advanced,177,24.8
R068739,27,Female,4,Beginner,305,105.8561259
R004231,53,Male,2,Beginner,253,24.7
R014954,34,Female,1,Beginner,344,20
R025865,45,Male,1,Intermediate,284,20
R080377,36,Male,4,Beginner,285,20
R064649,29,Male,2,Intermediate,246,33
R052199,24,Female,0,Beginner,,24.4
R045101,35,Female,0,Intermediate,,20
R076421,42,Male,0,Beginner,,106.531088
R036190,60,Male,1,Beginner,318,23.6
R034189,64,Female,2,Beginner,322,57.8
R091137,18,Male,0,Beginner,,20
R060772,48,Female,0,Advanced,,75.3
R079469,29,Male,0,Intermediate,,20
R028243,63,Male,2,Beginner,291,27.3
R092644,46,Female,3,Beginner,247,20
R063855,62,Female,2,Advanced,251,34.6
R006569,37,Female,1,Intermediate,280,20
R090336,38,Female,4,Advanced,255,20
R050363,27,Female,1,Intermediate,269,20
R003782,51,Male,0,Intermediate,,20
R063677,34,Male,0,Beginner,,20
R025672,64,Male,1,Intermediate,235,23.9
R061666,47,Female,1,Intermediate,186,32.9
R024966,63,Female,2,Beginner,276,25.8
R016060,33,Male,3,Beginner,293,20
R093681,51,Male,1,Beginner,297,104.7475926
R032037,50,Female,4,Advanced,223,30.4
R013370,41,Male,1,Intermediate,256,29.3
R039332,57,Female,3,Intermediate,231,20
R018566,34,Female,2,Beginner,265,31
R026117,36,Female,2,Beginner,317,20
R037780,58,Female,1,Intermediate,227,20.4
R087585,47,Female,3,Intermediate,283,102.366543
R033455,62,Female,3,Intermediate,232,44.1
R019441,56,Male,1,Intermediate,216,20
R028982,63,Male,3,Beginner,293,27.7
R058739,61,Female,1,Beginner,304,20
R004484,22,Female,3,Beginner,269,20
R026023,54,Male,2,Beginner,251,20
R070172,31,Male,4,Beginner,314,20
R093584,53,Female,5,Advanced,252,37.5
R039446,46,Female,1,Advanced,251,20
R036944,49,Male,2,Beginner,312,36.4
R041221,29,Male,3,Advanced,249,41.5
R091228,58,Male,1,Intermediate,278,48.2
R065960,27,Male,3,Beginner,264,20
R060919,41,Female,2,Beginner,293,22.6
R003912,38,Female,3,Beginner,287,20
R089510,57,Female,2,Beginner,274,51.1
R032968,57,Female,2,Beginner,302,42.7
R053336,33,Male,1,Intermediate,266,20
R083567,63,Female,0,Intermediate,,20
R028833,58,Female,1,Beginner,289,20
R056594,48,Female,3,Intermediate,250,20
R068378,23,Male,3,Advanced,206,20
R060343,50,Male,2,Beginner,277,21.5
R032597,48,Female,2,Beginner,303,42.5
R088291,35,Female,1,Beginner,271,20.2
R078480,40,Male,4,Intermediate,224,20
R041937,31,Female,1,Beginner,264,40.1
R011413,27,Female,1,Beginner,229,36.8
R018674,46,Male,2,Beginner,328,20
R016061,22,Male,2,Beginner,274,20
R012842,42,Male,5,Beginner,309,20
R055166,54,Male,2,Beginner,284,20
R037015,43,Male,3,Beginner,285,20
R086260,43,Male,2,Intermediate,258,20
R037835,57,Male,2,Intermediate,284,20
R018026,32,Male,1,Intermediate,238,20
R054259,37,Male,3,Beginner,232,36.7
R067080,19,Male,1,Intermediate,264,21.7
R061283,53,Female,4,Beginner,275,43.2
R040035,38,Female,0,Intermediate,,20
R040767,30,Female,0,Intermediate,,26.4
R075581,23,Female,1,Beginner,259,20
R012347,48,Male,3,Intermediate,199,20
R084437,57,Non-binary,2,Intermediate,252,43.4
R089429,48,Female,1,Intermediate,270,53.7
R090036,47,Male,2,Advanced,227,106.6728029
R054984,31,Male,2,Intermediate,195,30.2
R030882,26,Male,2,Beginner,323,44.2
R005365,20,Female,0,Beginner,,20
R061963,38,Female,0,Advanced,,57.1
R054975,46,Male,2,Intermediate,236,20
R029630,51,Female,1,Advanced,223,20
R083211,50,Male,1,Advanced,211,51.9
R022090,54,Male,1,Intermediate,272,103.8559118
R015640,63,Female,4,Beginner,232,20
R022222,64,Female,0,Beginner,,20
R068997,18,Female,2,Beginner,282,20
R004267,58,Male,5,Beginner,309,20
R077785,61,Female,2,Beginner,267,36.9
R037589,57,Female,2,Beginner,282,36.2
R067766,31,Male,0,Advanced,,64
R007926,51,Female,1,Intermediate,250,20
R068258,49,Male,5,Intermediate,227,20
R022789,27,Male,3,Beginner,283,40.3
R002852,21,Female,4,Beginner,274,20
R029791,22,Female,3,Advanced,190,21.8
R047924,20,Male,1,Advanced,271,20
R025316,48,Male,2,Beginner,285,20
R036145,42,Female,1,Beginner,249,32.2
R021403,19,Female,2,Beginner,311,20
R067657,51,Male,2,Intermediate,274,27.6
R018099,30,Male,4,Beginner,278,29.7
R025731,24,Female,3,Advanced,179,20.2
R000415,39,Female,1,Beginner,259,20
R050442,38,Female,1,Beginner,291,20
R008060,22,Female,4,Beginner,254,20
R098890,46,Male,1,Intermediate,260,20
R048098,53,Female,1,Advanced,203,33.3
R098116,63,Female,4,Intermediate,262,20
R031872,56,Male,1,Intermediate,261,20
R096582,46,Non-binary,1,Beginner,341,20
R059556,53,Male,4,Beginner,276,20
R090996,34,Male,2,Beginner,256,28.2
R004476,33,Female,0,Beginner,,20
R016160,39,Female,1,Beginner,282,42.4
R089822,50,Female,3,Advanced,214,20
R061614,33,Male,2,Beginner,267,20
R006935,22,Male,1,Beginner,305,20
R025171,27,Male,5,Advanced,224,20
R092780,35,Male,3,Beginner,262,20
R072905,18,Non-binary,1,Advanced,225,20
R092615,44,Male,1,Beginner,286,21.3
R029752,30,Female,3,Beginner,279,20
R001171,54,Female,1,Beginner,307,29
R071209,42,Male,2,Advanced,224,48.2
R045203,51,Non-binary,1,Intermediate,276,20
R097053,19,Female,1,Intermediate,225,35.8
R073559,49,Female,2,Beginner,276,41.2
R041112,34,Female,1,Beginner,287,20
R056926,52,Male,1,Intermediate,256,23.1
R095297,33,Female,4,Intermediate,236,56.5
R092995,40,Female,2,Intermediate,235,20
R052057,37,Female,1,Beginner,292,20
R025419,52,Female,2,Beginner,257,20
R005588,61,Male,1,Intermediate,244,20
R047560,36,Female,3,Intermediate,224,20
R012814,32,Female,2,Beginner,289,20
R016243,28,Female,4,Intermediate,239,54.7
R014646,37,Female,0,Beginner,,20
R098449,51,Male,4,Intermediate,242,20
R090231,60,Male,1,Advanced,259,20
R068862,28,Female,0,Advanced,,20
R002308,27,Male,2,Intermediate,246,24.2
R086007,24,Female,1,Advanced,229,20
R078948,54,Female,3,Intermediate,266,20
R004419,29,Male,4,Beginner,273,45.7
R020351,25,Male,3,Beginner,275,20
R023058,57,Male,2,Intermediate,268,26
R096831,50,Male,1,Advanced,258,20
R097500,45,Male,2,Advanced,206,20
R080076,45,Female,0,Intermediate,,20.9
R086302,20,Female,0,Beginner,,54.7
R007486,30,Male,4,Beginner,279,20
R067893,61,Male,4,Advanced,246,51
R079145,62,Female,3,Intermediate,279,30.7
R091971,26,Male,2,Intermediate,253,20
R026732,57,Male,3,Beginner,264,20
R080559,49,Female,1,Intermediate,258,20
R039918,21,Female,1,Beginner,290,24.4
R070468,45,Female,1,Advanced,210,20
R038037,24,Female,1,Intermediate,248,24.7
R034147,62,Female,2,Beginner,288,20
R070745,46,Female,0,Beginner,,20
R055257,58,Male,2,Intermediate,269,38.4
R013159,51,Male,1,Beginner,267,20
R070728,28,Female,2,Advanced,198,44.9
R080773,35,Male,2,Advanced,182,58.4
R022682,61,Male,1,Beginner,268,20
R037670,42,Male,3,Beginner,286,54.1
R011232,26,Male,6,Beginner,289,41.6
R063787,60,Male,2,Advanced,228,20
R094897,51,Female,3,Beginner,281,20
R006168,48,Female,0,Beginner,,25
R005026,18,Female,3,Intermediate,294,20
R000283,37,Female,8,Intermediate,260,20
R008741,30,Male,1,Advanced,230,20
R002661,41,Male,4,Beginner,266,26.6
R038441,57,Female,1,Intermediate,267,20
R023737,30,Female,2,Intermediate,247,23.7
R030142,46,Male,2,Beginner,246,20
R008208,19,Male,2,Beginner,264,20
R006933,52,Female,2,Beginner,287,20
R060287,42,Female,3,Beginner,286,20
R091659,47,Female,1,Intermediate,250,55.5
R082571,56,Male,1,Beginner,291,20
R082541,26,Female,4,Beginner,268,22.7
R022343,47,Male,3,Advanced,199,77.4
R029955,24,Female,1,Beginner,270,20
R098361,41,Male,1,Beginner,254,24.4
R098013,29,Female,1,Beginner,259,20
R030771,61,Female,1,Intermediate,247,115.3029384
R051454,64,Male,2,Beginner,286,20
R003463,40,Non-binary,0,Advanced,,20.3
R034416,42,Male,3,Beginner,242,31.5
R020984,55,Female,3,Intermediate,272,20
R039561,44,Male,2,Beginner,286,20
R011172,58,Female,2,Beginner,310,20
R026785,36,Male,1,Advanced,210,41.9
R046170,54,Female,5,Advanced,216,55.5
R066344,51,Female,0,Beginner,,20
R060615,63,Male,1,Beginner,261,34.8
R054406,53,Male,1,Beginner,276,45.6
R081660,52,Male,3,Intermediate,233,20
R082863,39,Female,2,Intermediate,237,31.1
R083930,61,Male,2,Advanced,195,72.7
R054402,18,Female,0,Beginner,,24.3
R044801,50,Female,2,Beginner,286,38.4
R082888,18,Male,2,Advanced,201,20
R014168,62,Male,1,Intermediate,252,31.2
R032030,33,Female,2,Intermediate,251,20
R023378,44,Male,4,Beginner,274,38
R066848,62,Female,2,Advanced,232,20
R000729,35,Female,3,Beginner,268,105.2128699
R014436,25,Female,2,Advanced,210,22.2
R063393,46,Female,3,Beginner,245,20
R065211,43,Female,1,Beginner,255,47.3
R097303,60,Male,1,Advanced,209,29.1
R007750,60,Female,3,Beginner,237,20
R009492,48,Female,2,Beginner,301,20
R045369,43,Male,1,Beginner,323,20
R084565,54,Female,3,Beginner,303,20
R045671,60,Female,1,Intermediate,236,20
R084884,55,Male,1,Advanced,192,36.1
R017050,48,Male,1,Beginner,271,20
R035579,59,Male,4,Beginner,283,20
R053865,26,Male,1,Intermediate,234,114.93666
R043635,26,Female,2,Beginner,265,33.9
R033078,31,Male,6,Beginner,301,20
R098257,20,Male,2,Advanced,205,61.4
R038222,47,Female,2,Advanced,244,34.8
R053014,54,Male,2,Advanced,234,20
R001355,42,Male,0,Intermediate,,21.8
R035870,18,Female,1,Intermediate,265,20
R002670,25,Female,4,Beginner,363,25.9
R012948,27,Male,2,Intermediate,216,20
R092788,31,Male,2,Beginner,310,22.5
R064180,65,Female,1,Beginner,279,20
R099537,62,Non-binary,2,Beginner,269,20
R008245,45,Female,4,Beginner,277,20
R034829,57,Male,1,Beginner,319,20
R028305,30,Male,2,Beginner,261,20
R007470,29,Male,0,Advanced,,43.4
R058913,32,Female,4,Beginner,247,20
R014973,61,Male,0,Beginner,,20
R025456,33,Male,5,Beginner,235,20
R097025,50,Male,3,Advanced,176,52.8
R065566,59,Female,0,Beginner,,20
R082401,54,Male,3,Beginner,278,20
R018512,37,Male,4,Beginner,284,20
R024701,65,Male,2,Advanced,233,45.6
R079610,62,Female,2,Beginner,313,46.4
R037677,44,Female,2,Advanced,162,45.2
R021630,19,Male,1,Intermediate,255,23.1
R015696,25,Female,3,Beginner,304,24.7
R032060,56,Female,2,Beginner,259,25.4
R015195,52,Female,0,Advanced,,20
R052288,53,Male,1,Advanced,244,31.5
R029925,38,Female,3,Advanced,224,30
R071777,41,Female,2,Intermediate,269,31.7
R079098,51,Non-binary,5,Beginner,310,20
R041189,25,Male,2,Beginner,271,20
R007323,43,Female,1,Intermediate,291,20
R011656,58,Female,2,Advanced,253,25.6
R056404,22,Male,2,Beginner,249,20
R048082,30,Female,1,Beginner,267,23.7
R064778,24,Female,3,Beginner,285,20
R038241,27,Male,0,Beginner,,20
R055217,40,Male,0,Beginner,,20
R037122,24,Female,0,Beginner,,20
R060874,60,Non-binary,2,Beginner,251,20
R069185,63,Female,4,Intermediate,234,24.3
R070457,23,Female,1,Beginner,273,21.8
R047578,45,Male,1,Beginner,297,20
R097433,38,Female,1,Beginner,266,20
R050921,60,Male,0,Advanced,,23.7
R085513,64,Male,1,Intermediate,235,20
R029343,53,Female,1,Beginner,250,20
R091014,54,Female,2,Intermediate,281,20
R001135,44,Male,1,Beginner,337,36.3
R080742,63,Male,5,Beginner,272,20
R097253,46,Male,2,Beginner,267,20
R027373,60,Male,3,Beginner,287,20
R099454,53,Female,1,Advanced,216,21.7
R001618,41,Male,0,Beginner,,24.3
R015373,45,Male,2,Intermediate,190,27.4
R049446,32,Female,4,Intermediate,245,20
R091055,42,Female,3,Beginner,268,20
R041764,64,Female,4,Beginner,286,25
R002798,36,Female,2,Advanced,230,23.8
R094213,62,Male,5,Intermediate,297,20.7
R027361,45,Female,4,Intermediate,198,43.6
R069829,21,Female,3,Beginner,279,20
R098175,45,Male,2,Advanced,189,115.2458873
R018706,37,Female,2,Intermediate,234,58.9
R082160,40,Male,1,Intermediate,226,32.5
R067511,22,Male,2,Beginner,289,22.3
R061946,27,Male,2,Beginner,233,20
R094560,42,Male,0,Advanced,,20
R025690,44,Male,2,Beginner,303,26.2
R006661,35,Female,2,Intermediate,250,27.7
R079348,39,Female,2,Beginner,260,37.4
R092604,52,Male,3,Advanced,233,20
R022442,57,Male,2,Intermediate,219,20
R074562,54,Male,7,Beginner,258,20
R032694,23,Male,1,Beginner,294,20
R073727,27,Female,3,Advanced,217,20
R014412,55,Female,0,Intermediate,,29
R003661,41,Male,6,Intermediate,238,45.9
R064356,59,Male,2,Beginner,317,20
R069763,44,Male,3,Beginner,287,20
R062502,63,Female,1,Intermediate,254,20
R036022,21,Non-binary,0,Intermediate,,20
R006462,39,Female,6,Beginner,277,35.3
R082208,65,Female,1,Intermediate,289,20
R024303,25,Female,1,Advanced,202,29.3
R090861,38,Female,3,Intermediate,203,20
R087782,32,Female,1,Advanced,208,41.9
R006233,21,Male,3,Beginner,240,20
R026199,26,Male,3,Beginner,290,20.8
R090695,59,Male,2,Beginner,259,20
R032238,22,Male,4,Intermediate,251,20
R056559,38,Male,1,Beginner,262,20
R022685,31,Male,1,Beginner,250,20.1
R093710,51,Male,3,Advanced,228,28.4
R098732,54,Male,2,Advanced,233,25.5
R050987,40,Female,1,Intermediate,231,21.9
R001298,60,Male,2,Intermediate,223,23.1
R030168,43,Female,1,Advanced,228,26.1
R029319,36,Male,2,Intermediate,261,20
R058060,55,Male,2,Beginner,281,20
R006340,64,Male,2,Beginner,254,20
R086207,63,Male,4,Intermediate,257,53.7
R075347,46,Male,0,Beginner,,26.2
R037685,62,Female,2,Intermediate,256,31.2
R011949,47,Female,1,Advanced,224,54
R044824,23,Female,1,Beginner,272,20
R059692,55,Female,6,Beginner,289,20
R086089,55,Male,4,Beginner,301,20
R025902,24,Female,3,Beginner,291,20.5
R067262,28,Male,4,Beginner,276,38.2
R003461,44,Male,1,Intermediate,252,63.9
R005913,27,Male,0,Intermediate,,20
R048584,44,Female,1,Advanced,219,31.4
R045667,37,Male,1,Intermediate,219,20
R069666,43,Male,2,Advanced,248,20
R086205,38,Male,1,Beginner,251,20
R026889,42,Male,4,Intermediate,260,20
R030913,54,Male,4,Beginner,308,20
R020219,25,Male,3,Advanced,217,20
R009399,60,Male,2,Advanced,219,22
R044890,30,Female,3,Beginner,256,26.9
R090615,64,Male,2,Intermediate,243,20
R071072,34,Male,2,Beginner,294,111.081185
R069882,32,Female,4,Beginner,302,20
R085282,25,Male,2,Advanced,182,20
R062940,20,Male,1,Beginner,280,25.7
R076799,27,Male,3,Beginner,275,119.2876582
R029986,55,Female,2,Intermediate,279,113.3218808
R081889,21,Female,2,Beginner,279,20
R048223,51,Non-binary,1,Beginner,326,20
R001475,35,Male,0,Advanced,,20
R073315,21,Female,2,Intermediate,245,56.4
R077806,22,Female,1,Advanced,215,46
R026460,65,Female,1,Intermediate,222,20
R075552,18,Female,1,Intermediate,242,20
R070655,22,Male,2,Beginner,278,20
R047709,49,Male,0,Advanced,,23.2
R040922,30,Female,4,Intermediate,249,50.2
R065928,33,Male,0,Beginner,,20
R061438,19,Female,2,Beginner,308,23.6
R000381,34,Female,1,Beginner,264,22.8
R037470,63,Female,3,Beginner,302,20
R000447,26,Female,4,Beginner,293,33.3
R035624,24,Male,3,Intermediate,210,20
R033910,64,Male,1,Beginner,290,20.4
R007711,56,Male,3,Beginner,295,20
R056629,49,Male,4,Advanced,244,23.3
R014734,26,Male,1,Intermediate,254,20
R088102,29,Male,1,Intermediate,189,34.6
R097753,55,Female,3,Beginner,299,36.2
R094203,20,Female,4,Advanced,248,52.2
R059303,55,Male,4,Advanced,236,34.2
R087305,65,Female,1,Beginner,268,49.8
R027905,21,Male,2,Intermediate,259,37.3
R016095,47,Male,2,Intermediate,250,20
R017007,52,Male,1,Beginner,303,20
R020401,27,Male,5,Intermediate,266,20
R011158,46,Male,0,Intermediate,,20
R033029,36,Male,3,Intermediate,278,40.5
R054838,63,Female,3,Intermediate,275,20
R043154,58,Female,3,Intermediate,252,28.9
R054997,46,Male,4,Beginner,302,20
R014719,18,Female,1,Beginner,273,24.7
R014449,23,Non-binary,0,Intermediate,,103.1248949
R034142,30,Female,4,Beginner,247,20
R069843,18,Female,2,Intermediate,240,29.2
R047928,37,Male,3,Intermediate,280,29.7
R070386,45,Male,5,Beginner,271,20
R032643,37,Female,1,Intermediate,231,35.9
R059191,62,Female,3,Beginner,287,52.9
R078055,18,Female,2,Beginner,298,20
R068881,27,Female,4,Intermediate,246,20.4
R090096,49,Male,4,Intermediate,225,70.1
R089136,18,Male,2,Intermediate,242,20
R073845,30,Male,3,Beginner,265,21.6
R043810,32,Female,4,Advanced,189,35.2
R082041,65,Female,2,Intermediate,249,20
R036368,43,Male,2,Beginner,332,29.2
R018946,56,Female,1,Intermediate,228,20
R068732,22,Male,3,Beginner,301,20
R076672,33,Male,0,Intermediate,,20
R036405,22,Male,1,Intermediate,239,34.4
R087937,37,Male,4,Beginner,309,40.5
R016533,25,Male,2,Intermediate,191,20
R051720,40,Female,3,Intermediate,278,44.2
R066045,28,Male,5,Beginner,264,20
R011941,27,Female,3,Advanced,220,35.4
R020957,31,Female,2,Intermediate,242,20
R092477,57,Male,2,Advanced,244,21.9
R080627,59,Male,1,Beginner,231,20
R082146,24,Female,2,Advanced,235,22.8
R045385,29,Female,2,Advanced,207,47.3
R084143,34,Male,0,Intermediate,,20
R021544,21,Female,0,Beginner,,20
R055740,38,Male,2,Beginner,298,33.5
R066896,53,Female,2,Beginner,282,20
R025358,52,Male,1,Advanced,236,20
R079781,28,Male,3,Intermediate,217,20
R071276,23,Female,2,Beginner,270,20
R035443,54,Female,5,Beginner,277,31.6
R035351,19,Male,4,Beginner,327,20
R044708,18,Male,1,Beginner,282,20
R017362,39,Male,1,Beginner,291,20
R082441,61,Male,2,Beginner,304,20
R085234,64,Female,3,Advanced,238,20
R024640,42,Male,3,Beginner,300,20
R050042,53,Female,3,Intermediate,245,49.1
R057462,44,Male,4,Intermediate,190,36
R065478,54,Female,2,Beginner,267,34.8
R040379,60,Male,2,Beginner,320,36.4
R092840,59,Male,3,Intermediate,259,20
R097912,40,Female,1,Beginner,297,20
R072036,18,Female,0,Beginner,,38.4
R009530,39,Female,0,Beginner,,33.9
R060013,21,Non-binary,0,Beginner,,34.9
R039032,33,Male,2,Beginner,295,48.4
R055790,48,Male,0,Intermediate,,20
R028600,34,Female,6,Beginner,235,27.7
R070228,41,Male,4,Intermediate,271,30.4
R054429,47,Female,1,Advanced,239,53.8
R008669,24,Non-binary,1,Intermediate,247,33.7
R000641,42,Female,2,Beginner,323,20
R064855,55,Male,2,Advanced,201,20
R035112,31,Male,1,Advanced,174,20
R054753,32,Male,1,Beginner,279,41.4
R000092,46,Male,3,Beginner,240,24.5
R035965,20,Male,2,Beginner,257,20
R067681,25,Male,1,Beginner,305,37.9
R013297,19,Male,1,Advanced,232,23.2
R078939,53,Male,1,Intermediate,206,20
R050961,40,Male,0,Advanced,,20
R011730,33,Female,0,Intermediate,,20
R071362,34,Female,3,Beginner,329,37.7
R039969,52,Non-binary,2,Beginner,206,30.2
R057246,42,Female,0,Advanced,,75.6
R025650,48,Female,1,Intermediate,206,20
R075772,22,Male,1,Beginner,297,22.2
R020982,51,Male,1,Beginner,237,20
R036075,65,Female,1,Advanced,260,20
R091391,37,Male,3,Beginner,298,32.6
R013722,26,Male,1,Advanced,163,20
R015112,51,Female,2,Intermediate,273,20
R032475,31,Male,1,Advanced,209,27.9
R058544,39,Male,3,Advanced,232,27
R091079,38,Male,2,Beginner,219,20
R057887,33,Female,3,Advanced,223,20
R069530,53,Female,3,Intermediate,249,42.4
R015639,42,Female,2,Intermediate,242,20
R032706,37,Female,2,Beginner,264,20.8
R005404,42,Male,2,Advanced,231,25.9
R053831,43,Female,4,Intermediate,265,20
R079426,25,Female,2,Advanced,226,27.2
R049480,58,Female,1,Advanced,245,20
R056939,19,Male,2,Intermediate,262,42.1
R045325,38,Female,4,Beginner,260,28
R007467,31,Female,2,Intermediate,256,23.5
R069730,32,Female,0,Beginner,,20
R009632,62,Male,2,Beginner,277,20
R002995,60,Female,3,Intermediate,237,20.4
R058259,18,Male,2,Beginner,288,20
R067549,62,Female,4,Beginner,308,21.7
R039488,62,Female,2,Advanced,249,20
R052194,62,Male,3,Intermediate,286,34
R076669,56,Male,2,Intermediate,254,20
R025303,65,Male,2,Beginner,271,20
R067605,51,Male,2,Beginner,267,20
R013432,29,Male,2,Advanced,219,20
R070215,57,Female,2,Advanced,217,30.4
R030819,60,Female,0,Beginner,,41.7
R091699,58,Male,1,Beginner,259,20
R040129,57,Female,2,Advanced,193,46.8
R090544,45,Female,1,Intermediate,231,20
R063573,21,Male,1,Advanced,228,20
R035571,22,Female,2,Intermediate,238,37.6
R040792,23,Male,3,Beginner,261,31.2
R048311,41,Male,1,Beginner,275,22.7
R084635,33,Female,0,Beginner,,20
R070209,59,Male,1,Beginner,301,29.2
R070096,37,Female,2,Beginner,258,43.7
R001272,50,Female,1,Intermediate,206,20
R018318,21,Female,0,Beginner,,33
R074808,60,Female,1,Advanced,204,42.4
R035373,49,Male,0,Intermediate,,20
R072701,41,Male,0,Beginner,,20
R032345,65,Male,3,Beginner,279,20
R030459,37,Male,1,Beginner,284,20
R008198,56,Male,1,Intermediate,250,20
R014827,55,Male,2,Advanced,228,20
R092549,39,Male,3,Beginner,309,20
R016777,63,Male,1,Intermediate,273,20
R019108,60,Male,1,Advanced,246,20
R097015,26,Female,1,Advanced,227,20
R096133,46,Female,2,Intermediate,256,24.6
R088595,41,Female,5,Intermediate,259,38.9
R055554,22,Female,1,Beginner,256,20
R054545,59,Male,3,Advanced,268,61.3
R069365,32,Male,1,Intermediate,240,36.8
R086048,37,Female,2,Beginner,272,29
R099361,56,Male,3,Intermediate,215,20
R077768,40,Female,2,Intermediate,281,30
R087551,65,Male,4,Beginner,278,22.8
R051400,37,Male,2,Intermediate,204,20
R018531,33,Male,3,Intermediate,265,45
R000758,45,Female,2,Advanced,209,20
R050790,20,Male,2,Beginner,303,20
R058492,45,Female,4,Beginner,276,20
R041754,19,Male,3,Intermediate,253,49.9
R015035,21,Female,2,Beginner,289,39.4
R018701,37,Male,5,Beginner,278,20
R081507,36,Female,2,Intermediate,246,20
R041455,60,Male,4,Advanced,221,35.3
R024386,57,Male,2,Beginner,275,20
R069955,45,Female,1,Beginner,306,20
R011274,42,Male,1,Beginner,263,37.1
R086895,19,Male,2,Beginner,252,24.9
R088919,27,Male,2,Intermediate,234,43.8
R079809,27,Male,3,Intermediate,285,114.7442282
R006937,49,Female,2,Beginner,304,20
R015182,21,Male,1,Intermediate,266,23
R035050,50,Female,4,Advanced,227,42.6
R079730,25,Male,1,Beginner,319,20
R001000,37,Female,3,Intermediate,216,40.8
R033566,33,Female,1,Beginner,279,20
R026298,48,Female,4,Beginner,290,20
R009193,31,Female,2,Intermediate,267,39.5
R045786,20,Male,1,Intermediate,232,20.8
R013894,23,Female,2,Beginner,276,20
R036096,60,Female,2,Intermediate,274,20
R081213,42,Male,2,Beginner,294,37.1
R007324,43,Male,1,Beginner,298,24.1
R022105,62,Male,2,Beginner,272,49.6
R006625,43,Male,0,Beginner,,24.8
R073916,25,Male,2,Beginner,217,40.8
R090133,35,Male,4,Advanced,215,62.6
R004000,39,Male,1,Beginner,279,20
R050615,24,Female,0,Intermediate,,20
R065560,60,Male,4,Advanced,234,41.6
R054762,51,Male,3,Advanced,200,20
R068074,45,Male,1,Advanced,210,34.4
R078323,50,Male,0,Intermediate,,20
R017049,27,Female,0,Advanced,,20
R019263,33,Female,1,Beginner,322,20
R068670,21,Male,2,Beginner,275,20
R049401,52,Female,5,Intermediate,207,20
R080374,54,Male,6,Beginner,307,20
R059622,59,Male,2,Beginner,265,49.2
R061674,22,Female,2,Intermediate,305,20
R084375,33,Female,1,Beginner,315,24.4
R017038,36,Male,1,Beginner,323,20
R078814,62,Male,2,Intermediate,263,36.8
R098618,32,Female,2,Beginner,265,20
R065126,57,Male,1,Advanced,222,20.6
R027999,65,Male,2,Beginner,289,31.3
R073096,64,Male,0,Beginner,,24
R074223,21,Female,4,Advanced,217,39.6
R068724,26,Female,0,Beginner,,20
R056326,51,Female,4,Intermediate,249,39.1
R026770,41,Male,4,Advanced,231,36.3
R067325,44,Female,1,Intermediate,225,20.8
R062640,53,Female,2,Beginner,236,20
R082278,19,Non-binary,3,Intermediate,216,27.7
R006364,43,Female,2,Beginner,312,20
R001680,33,Female,0,Beginner,,20
R055208,28,Male,4,Intermediate,246,42.1
R049968,42,Male,3,Intermediate,258,31.7
R019180,63,Male,3,Advanced,207,20
R025590,37,Female,2,Intermediate,245,33.2
R000541,58,Male,2,Advanced,251,39.4
R091002,19,Female,2,Beginner,277,20
R090330,64,Female,3,Beginner,302,20
R042928,23,Non-binary,1,Intermediate,248,20
R041843,26,Male,3,Beginner,283,20
R001737,45,Male,3,Intermediate,280,20
R081537,55,Female,4,Advanced,230,82.7
R058421,36,Female,2,Beginner,293,30.1
R058970,22,Male,2,Beginner,283,112.7099698
R030075,32,Male,1,Beginner,239,20
R048070,31,Female,2,Advanced,263,20
R020544,31,Male,2,Beginner,274,20
R078797,59,Male,3,Intermediate,284,20
R028634,18,Female,1,Intermediate,238,20
R038762,30,Female,2,Advanced,215,52.9
R026899,22,Male,1,Intermediate,266,30.4
R038767,61,Female,4,Beginner,309,25.2
R019474,60,Female,2,Intermediate,281,20
R013295,38,Male,3,Beginner,269,20
R040038,49,Female,4,Beginner,296,20
R035913,56,Male,3,Beginner,286,20
R006807,24,Female,3,Advanced,234,36.4
R075865,49,Female,3,Beginner,287,20
R003167,48,Male,1,Advanced,230,20
R053986,56,Male,1,Beginner,264,23.6
R009176,21,Male,2,Advanced,190,51.6
R082961,65,Male,3,Intermediate,257,43.4
R005480,19,Male,4,Beginner,284,21.6
R075188,47,Non-binary,2,Advanced,205,36.1
R018462,36,Female,2,Advanced,246,29.9
R089238,25,Male,2,Advanced,248,26.7
R025465,62,Male,1,Beginner,240,51.5
R008901,63,Female,2,Intermediate,237,20
R011193,47,Male,1,Advanced,157,48
R047134,63,Non-binary,1,Beginner,279,44.6
R094173,25,Male,3,Beginner,276,20.1
R083332,40,Male,3,Advanced,231,20
R000432,64,Male,4,Beginner,272,38.1
R078004,24,Female,4,Beginner,272,20
R043237,51,Female,1,Advanced,201,29.3
R001245,46,Female,1,Beginner,256,27.7
R030632,36,Female,1,Beginner,289,20
R012777,24,Non-binary,1,Advanced,234,39.8
R068745,44,Male,3,Beginner,286,22.5
R079938,21,Female,1,Intermediate,267,24.4
R067770,58,Male,3,Advanced,181,58.6
R054576,48,Male,2,Beginner,311,20
R037742,57,Male,0,Intermediate,,58
R042948,29,Female,3,Intermediate,283,20
R082509,22,Female,2,Intermediate,243,20
R095638,55,Male,7,Beginner,303,24.6
R045173,52,Male,1,Advanced,199,45.1
R057210,32,Female,2,Beginner,311,20
R006999,34,Female,6,Beginner,292,27.6
R009443,53,Male,2,Intermediate,259,45.3
R024716,46,Male,3,Advanced,256,65.9
R005200,26,Female,1,Beginner,269,38.9
R032407,39,Female,1,Beginner,287,20
R074571,46,Female,2,Beginner,266,35.3
R013766,41,Female,1,Intermediate,253,20
R078449,27,Male,0,Beginner,,20
R019428,31,Female,3,Advanced,227,22.7
R068395,37,Female,1,Intermediate,282,20
R082861,35,Male,1,Intermediate,232,20
R029923,21,Female,2,Beginner,275,20
R097970,63,Female,1,Intermediate,270,20
R008274,46,Male,0,Intermediate,,34.5
R096825,18,Female,0,Advanced,,39.1
R077765,37,Female,2,Beginner,306,20
R067976,49,Female,1,Intermediate,260,53.4
R003126,23,Non-binary,0,Intermediate,,38.6
R046630,58,Female,2,Beginner,265,20
R053852,44,Male,2,Intermediate,230,61.3
R052504,47,Male,3,Beginner,274,20.9
R058667,49,Non-binary,1,Intermediate,245,20
R037858,24,Female,3,Beginner,299,47.9
R003837,40,Female,3,Intermediate,267,25.7
R091991,40,Male,0,Intermediate,,32.4
R044332,65,Female,3,Intermediate,265,20.5
R051464,20,Male,2,Advanced,181,20
R069677,38,Non-binary,2,Beginner,293,20
R017903,51,Male,2,Beginner,278,34.2
R096146,20,Female,1,Intermediate,247,28
R053427,59,Male,3,Beginner,238,35.4
R020340,37,Male,2,Beginner,286,20
R055665,59,Male,3,Beginner,280,20
R015552,56,Male,4,Advanced,217,20
R099557,44,Male,2,Beginner,255,42.9
R027948,43,Female,2,Beginner,249,20
R068941,34,Female,1,Beginner,316,20
R071818,43,Female,1,Advanced,219,20
R006962,51,Male,4,Intermediate,247,36.4
R001761,29,Male,1,Intermediate,271,26.7
R072403,44,Non-binary,1,Beginner,262,20
R006515,40,Female,3,Beginner,289,20
R004826,36,Female,4,Beginner,284,24
R031191,53,Male,3,Intermediate,303,20
R006295,29,Male,1,Beginner,275,21.7
R005129,38,Male,2,Intermediate,275,46.1
R033062,38,Male,4,Beginner,235,20
R079544,29,Male,0,Beginner,,20
R035904,61,Female,3,Intermediate,273,33.4
R015841,59,Female,4,Intermediate,263,28.3
R068271,58,Female,5,Beginner,311,20
R074605,64,Female,6,Beginner,257,38.1
R063445,20,Female,5,Beginner,315,20
R025742,30,Female,5,Advanced,189,56.9
R002692,45,Female,2,Advanced,204,20
R023648,65,Male,3,Beginner,279,20
R024207,51,Male,4,Advanced,217,53.6
R010352,28,Female,1,Intermediate,234,27.3
R095292,18,Female,1,Beginner,284,20
R057035,25,Female,4,Advanced,266,20
R063417,40,Male,1,Beginner,287,20
R085281,40,Male,0,Intermediate,,20
R071032,42,Female,2,Intermediate,219,20
R071181,55,Male,1,Beginner,294,20
R034859,50,Male,4,Intermediate,273,31
R046442,52,Male,1,Intermediate,251,46.2
R016110,18,Male,4,Beginner,311,20
R002484,59,Female,2,Intermediate,204,32.4
R008034,45,Female,3,Intermediate,271,25.4
R080197,32,Male,3,Intermediate,190,20
R073782,61,Male,1,Beginner,303,36
R068639,19,Male,1,Beginner,277,20
R032304,27,Female,3,Advanced,261,57.1
R080794,45,Female,3,Intermediate,259,52.9
R093035,27,Male,1,Beginner,280,20
R088579,59,Male,1,Beginner,232,20
R016322,58,Female,3,Beginner,291,24.9
R081091,50,Male,2,Beginner,282,20
R026786,51,Male,1,Beginner,277,34.8
R075291,46,Male,0,Intermediate,,30.6
R033302,23,Female,0,Beginner,,20
R057560,31,Female,3,Beginner,289,23.7
R077343,37,Female,5,Intermediate,273,20
R057390,18,Female,2,Intermediate,298,20
R056017,46,Male,2,Beginner,245,109.1357074
R099608,58,Female,1,Beginner,265,35.7
R092136,57,Female,1,Beginner,281,20
R017382,40,Male,3,Beginner,307,20
R086939,52,Female,2,Intermediate,269,20
R084529,38,Female,0,Advanced,,20
R079252,48,Male,3,Beginner,301,23.3
R054631,19,Male,1,Advanced,208,30.4
R026547,18,Male,1,Beginner,268,30.2
R015271,64,Male,5,Intermediate,236,23.6
R063843,54,Female,0,Beginner,,20
R093898,36,Male,1,Beginner,298,45.2
R041129,36,Female,2,Beginner,253,55.6
R074047,46,Female,4,Beginner,271,20.2
R052543,41,Male,2,Intermediate,234,20
R050264,62,Male,4,Beginner,280,37.8
R019131,32,Female,2,Beginner,239,20
R007944,44,Female,2,Beginner,281,20
R012639,47,Female,1,Advanced,208,20
R015799,37,Female,3,Beginner,303,35.3
R041897,61,Female,0,Intermediate,,20
R054830,30,Male,1,Beginner,266,20
R028666,45,Female,1,Beginner,293,20
R085632,43,Male,0,Beginner,,20
R074718,49,Male,2,Beginner,286,20
R036796,50,Non-binary,3,Intermediate,272,27.3
R036785,42,Female,1,Beginner,316,33.1
R035769,51,Male,2,Beginner,302,33
R012952,45,Female,2,Beginner,285,21.4
R042169,21,Female,1,Intermediate,269,20
R075793,38,Male,0,Intermediate,,56.7
R058069,24,Female,0,Beginner,,33.7
R011465,53,Female,4,Beginner,287,27.4
R081315,61,Female,0,Intermediate,,73.7
R033651,54,Female,1,Beginner,299,26.5
R084169,57,Male,0,Intermediate,,20
R090120,24,Female,1,Intermediate,239,20
R065890,38,Male,3,Intermediate,270,20
R003151,36,Female,2,Intermediate,290,23.9
R060700,24,Female,3,Beginner,244,20
R021214,53,Female,4,Beginner,267,20
R058064,20,Female,1,Intermediate,224,27.5
R066333,28,Non-binary,2,Intermediate,275,20
R076005,60,Female,1,Intermediate,225,22
R049308,51,Male,1,Intermediate,252,26.6
R067417,27,Female,1,Beginner,246,35.6
R052507,35,Female,2,Intermediate,260,20
R042186,60,Male,1,Beginner,282,23.1
R006670,61,Female,3,Beginner,274,20
R045674,46,Male,1,Advanced,223,20
R006097,54,Female,0,Intermediate,,20
R041347,42,Female,5,Beginner,264,21.4
R040514,29,Female,1,Intermediate,273,20
R014446,56,Female,3,Beginner,306,20
R048207,52,Female,4,Intermediate,295,32.5
R063339,58,Male,1,Beginner,266,20.5
R022052,49,Female,2,Intermediate,214,20
R061778,53,Female,0,Beginner,,47.9
R052301,47,Male,0,Intermediate,,25
R012290,49,Non-binary,5,Beginner,325,20
R001014,20,Female,1,Beginner,282,31.8
R009894,58,Male,3,Beginner,233,20
R006767,62,Male,2,Beginner,270,20
R093635,31,Female,2,Beginner,305,48.3
R048746,46,Female,2,Beginner,286,20
R000554,41,Female,3,Advanced,211,20
R006635,33,Female,1,Beginner,277,20
R057170,34,Male,1,Intermediate,207,20
R023009,55,Female,2,Advanced,226,48.3
R051873,34,Female,2,Beginner,271,20
R027085,53,Male,2,Beginner,291,20
R038502,33,Male,3,Beginner,284,20
R003644,28,Male,2,Beginner,292,32.1
R080373,18,Female,3,Beginner,267,40.4
R012526,53,Male,5,Advanced,201,53.4
R087353,31,Female,1,Beginner,261,20
R085536,35,Male,1,Advanced,212,23.8
R006140,48,Female,4,Beginner,264,20
R077606,48,Female,1,Advanced,209,24.9
R085609,39,Male,3,Intermediate,275,41.6
R004700,35,Male,1,Beginner,302,20.9
R089262,62,Female,1,Intermediate,259,20
R021824,31,Male,4,Intermediate,256,24.9
R081454,53,Female,7,Beginner,289,20
R061180,57,Male,4,Beginner,260,25
R063762,19,Female,0,Beginner,,43.1
R079885,55,Female,2,Advanced,198,28.2
R051856,24,Female,0,Beginner,,20
R049376,41,Male,0,Beginner,,32.2
R025558,45,Female,1,Advanced,252,48.4
R029323,62,Female,2,Intermediate,243,64.9
R039892,29,Male,2,Advanced,181,62.2
R064760,23,Female,1,Intermediate,268,23.3
R070846,48,Male,3,Intermediate,254,38.6
R080950,53,Male,3,Intermediate,238,26.1
R020279,49,Male,2,Intermediate,260,107.9859076
R073734,60,Male,2,Intermediate,266,20
R050842,59,Male,3,Advanced,249,32.5
R001497,26,Male,1,Intermediate,241,20
R055750,47,Female,3,Beginner,254,31.2
R019006,50,Male,2,Advanced,192,20
R067192,31,Male,3,Beginner,279,20
R030312,41,Female,2,Advanced,196,37.5
R075284,49,Female,2,Intermediate,209,20
R065384,56,Female,3,Beginner,263,20
R011726,60,Female,2,Beginner,288,20
R078465,64,Female,2,Advanced,284,36.4
R079484,27,Male,2,Intermediate,243,23.8
R014197,60,Female,2,Beginner,243,20
R068894,28,Male,0,Beginner,,28.9
R015264,33,Male,0,Beginner,,24
R040417,53,Male,1,Beginner,251,41.9
R092135,58,Male,1,Beginner,289,20
R017166,27,Male,5,Advanced,191,53.4
R042467,61,Female,2,Intermediate,237,24.4
R056487,52,Male,1,Beginner,263,32.5
R087376,24,Male,3,Beginner,266,29.4
R052630,33,Female,4,Advanced,199,71
R047553,28,Male,1,Beginner,262,20
R054295,28,Male,2,Beginner,268,23.4
R034041,35,Male,1,Intermediate,276,20
R020122,49,Female,2,Advanced,212,55.4
R050031,33,Male,1,Advanced,215,20
R075310,60,Male,4,Beginner,292,41.1
R017258,51,Female,2,Beginner,277,40.4
R047048,55,Female,4,Beginner,304,20
R018978,64,Male,2,Beginner,297,20
R047728,37,Female,1,Intermediate,293,29.2
R099657,60,Female,3,Intermediate,249,29.9
R009320,56,Female,2,Beginner,297,29.9
R022944,21,Female,4,Intermediate,262,20
R074106,24,Female,4,Beginner,269,20
R067396,58,Male,1,Beginner,292,20
R084736,30,Male,1,Beginner,274,20
R085271,42,Female,1,Intermediate,302,20
R053919,55,Male,2,Beginner,290,20
R075948,50,Female,0,Beginner,,20
R047668,62,Male,2,Beginner,295,27
R018941,27,Male,1,Intermediate,235,27.3
R049427,28,Male,2,Intermediate,245,20
R093318,22,Male,2,Beginner,245,20
R008002,18,Male,2,Beginner,260,20
R040595,62,Male,6,Advanced,244,74.2
R050577,38,Male,0,Intermediate,,37.5
R041241,36,Male,1,Beginner,301,104.8311117
R072356,64,Female,0,Advanced,,20
R024929,50,Female,2,Beginner,317,30.4
R082023,25,Female,2,Beginner,292,29.9
R091809,20,Male,4,Beginner,317,20
R040109,31,Male,0,Intermediate,,20
R014808,26,Female,2,Intermediate,273,59.7
R085981,57,Male,2,Intermediate,257,38.7
R056713,46,Male,4,Beginner,288,20
R064079,22,Male,2,Beginner,268,27.5
R017958,56,Female,2,Beginner,262,20
R021787,23,Male,3,Beginner,269,29.9
R024168,37,Female,4,Intermediate,286,20
R085464,60,Male,1,Advanced,223,29.4
R047451,46,Female,0,Beginner,,24
R092101,19,Male,3,Beginner,279,28.7
R063194,62,Female,4,Beginner,312,34.9
R090732,55,Female,0,Advanced,,72.9
R047433,48,Male,2,Advanced,224,20
R071578,45,Male,3,Beginner,329,20
R098441,44,Male,3,Beginner,262,31
R078477,49,Male,1,Beginner,285,21.2
R043051,48,Non-binary,4,Intermediate,260,20
R010825,24,Male,5,Beginner,288,20
R003899,65,Male,2,Advanced,228,31.1
R030516,37,Male,1,Intermediate,251,49.6
R044492,57,Male,2,Beginner,281,20
R047073,33,Male,0,Beginner,,20
R007098,64,Male,4,Beginner,288,39.3
R090130,46,Female,4,Beginner,315,20
R040215,22,Female,1,Beginner,271,29.8
R040789,61,Female,0,Intermediate,,20
R004002,53,Female,1,Intermediate,251,20.6
R007783,21,Male,2,Beginner,261,20
R006368,47,Male,1,Advanced,269,60.9
R028877,58,Male,0,Intermediate,,20
R026856,23,Female,3,Beginner,285,20
R060516,64,Male,0,Intermediate,,20
R084887,33,Female,5,Intermediate,265,27.8
R081448,36,Male,1,Advanced,203,49.7
R064478,36,Male,5,Advanced,203,20
R011635,25,Male,6,Beginner,235,32.6
R026234,58,Female,0,Intermediate,,20
R041706,58,Female,3,Intermediate,254,20
R070110,30,Female,0,Beginner,,20
R030614,47,Male,1,Intermediate,205,32
R034911,29,Female,2,Beginner,254,20
R098790,39,Non-binary,3,Beginner,234,20
R068775,49,Male,2,Advanced,234,100.2509807
R056427,59,Female,1,Beginner,255,21.7
R044988,55,Female,1,Beginner,260,20
R084806,54,Female,1,Beginner,291,37.3
R099925,52,Female,1,Beginner,330,20
R029237,49,Male,1,Intermediate,260,20
R051461,31,Male,5,Beginner,247,46.6
R088135,32,Female,2,Advanced,212,20.4
R054385,58,Male,1,Intermediate,250,49.9
R049730,35,Male,2,Beginner,295,20
R038058,21,Male,4,Beginner,285,20
R000003,32,Female,2,Intermediate,266,20
R098707,58,Female,2,Intermediate,252,38.4
R071941,31,Female,2,Beginner,249,20
R004695,53,Non-binary,4,Beginner,308,20
R083824,44,Male,2,Beginner,279,21.3
R035804,61,Female,2,Advanced,230,116.7737337
R038196,47,Male,0,Beginner,,21.6
R092783,19,Male,3,Beginner,268,41.1
R089979,43,Female,1,Beginner,263,20
R011290,44,Female,1,Beginner,284,20
R022913,46,Female,2,Beginner,267,20
R027356,25,Female,1,Beginner,268,20
R053724,22,Male,3,Advanced,197,35.4
R060003,56,Male,2,Beginner,306,20
R035948,53,Female,5,Intermediate,204,24
R060986,57,Female,2,Advanced,268,20
R088305,45,Female,0,Beginner,,20
R043079,42,Non-binary,2,Beginner,327,20
R052244,53,Male,3,Advanced,199,20
R053167,50,Male,1,Intermediate,271,22.6
R012150,51,Male,4,Beginner,311,20
R011185,50,Male,5,Beginner,329,20
R041668,19,Male,1,Beginner,281,20
R039183,44,Female,2,Intermediate,233,45.7
R068038,57,Female,5,Advanced,246,20
R008692,39,Male,3,Beginner,271,41.1
R005409,47,Male,1,Beginner,311,20
R009442,28,Female,4,Beginner,257,20
R047392,53,Female,4,Beginner,254,20
R058963,24,Female,1,Intermediate,249,56.1
R049874,35,Female,1,Advanced,189,20
R070350,24,Female,1,Beginner,288,20
R029849,42,Male,1,Beginner,296,20
R072292,46,Male,0,Advanced,,60.7
R011389,50,Female,2,Advanced,174,20
R043872,42,Male,4,Beginner,241,20
R062797,35,Male,0,Beginner,,20
R069682,34,Female,0,Intermediate,,31.4
R059333,19,Male,5,Beginner,238,20
R006333,46,Male,1,Beginner,265,43.5
R015726,43,Male,1,Intermediate,252,38.4
R025664,37,Male,0,Advanced,,23.9
R051771,44,Female,1,Beginner,311,26.6
R074783,28,Male,0,Advanced,,20
R091033,40,Male,5,Intermediate,259,20
R091144,46,Male,3,Intermediate,246,20
R095089,32,Male,0,Beginner,,44
R001449,61,Non-binary,3,Intermediate,285,20
R027897,61,Female,2,Intermediate,215,36.7
R065039,18,Male,4,Beginner,267,36.9
R008189,23,Male,2,Intermediate,250,20
R092288,31,Female,1,Intermediate,275,20
R072426,42,Female,3,Intermediate,284,20
R078938,55,Male,0,Intermediate,,40.1
R096447,26,Male,0,Beginner,,20
R052397,33,Female,2,Advanced,255,45.7
R048147,61,Male,2,Intermediate,244,20
R001140,60,Female,3,Advanced,188,29.3
R058264,34,Female,4,Beginner,294,26.5
R078374,48,Male,3,Intermediate,245,21.7
R016596,51,Female,3,Beginner,297,20
R006500,64,Female,2,Advanced,252,23.6
R029879,46,Female,1,Beginner,308,20
R035428,56,Male,1,Intermediate,259,27.6
R042399,44,Female,0,Intermediate,,35.5
R027718,62,Female,2,Advanced,239,20
R055753,39,Female,3,Intermediate,261,54.2
R008194,33,Male,0,Beginner,,20
R096296,18,Female,3,Beginner,288,20
R029004,38,Male,1,Beginner,265,20
R087880,36,Male,3,Intermediate,277,20
R059319,56,Female,4,Intermediate,236,24.7
R071241,43,Male,3,Advanced,198,53.4
R015006,44,Female,2,Beginner,272,32.8
R059718,57,Non-binary,1,Intermediate,237,24.2
R004118,37,Female,2,Beginner,287,34.4
R015283,46,Male,2,Advanced,251,37.1
R089786,36,Male,0,Beginner,,21.2
R064460,43,Female,1,Intermediate,267,20
R027745,33,Female,2,Beginner,262,20
R049266,33,Female,2,Beginner,286,20
R055023,65,Female,4,Intermediate,273,20
R008674,43,Female,0,Beginner,,20
R080746,53,Male,5,Beginner,298,27.1
R056650,33,Female,2,Intermediate,285,20
R088887,60,Female,0,Intermediate,,20
R041868,49,Male,3,Intermediate,225,23.2
R047028,43,Female,2,Beginner,263,21.7
R046823,37,Female,1,Beginner,259,20
R083294,56,Male,1,Intermediate,248,32.3
R070579,61,Male,3,Advanced,219,20
R002799,40,Female,0,Advanced,,22.2
R062546,48,Male,1,Beginner,268,20
R070964,37,Male,5,Advanced,209,20
R002552,19,Female,1,Beginner,293,30.6
R081767,53,Female,0,Advanced,,20
R083534,63,Male,2,Intermediate,223,33.3
R014991,43,Male,0,Beginner,,38.5
R062590,36,Male,1,Beginner,304,43.2
R039937,27,Female,1,Beginner,318,25.7
R041496,64,Male,1,Intermediate,226,27.6
R096485,32,Female,0,Advanced,,42.2
R050749,53,Male,3,Beginner,281,20
R022409,46,Male,1,Intermediate,240,110.3462302
R074263,61,Female,4,Beginner,284,20
R066092,37,Male,1,Intermediate,237,32.8
R000714,58,Male,2,Beginner,286,39.3
R045867,23,Female,3,Beginner,247,20
R072394,64,Female,4,Beginner,294,28.2
R006433,56,Male,1,Intermediate,256,46.4
R005836,62,Female,4,Advanced,206,42.1
R085315,60,Male,5,Advanced,193,52.6
R051237,21,Male,5,Intermediate,278,20
R047978,25,Male,0,Advanced,,22
R042718,19,Female,3,Intermediate,281,20
R063862,41,Female,3,Beginner,274,20
R097799,38,Female,2,Beginner,330,20
R034360,60,Female,2,Intermediate,221,46.7
R017540,27,Female,2,Beginner,304,20
R010600,45,Female,4,Intermediate,263,20
R006448,35,Male,1,Beginner,273,20
R065460,19,Male,2,Beginner,249,24.7
R086956,19,Female,4,Intermediate,295,20
R008606,35,Female,2,Beginner,233,20
R084010,43,Male,3,Intermediate,266,25.7
R011828,60,Male,2,Beginner,291,20
R059682,26,Male,2,Beginner,264,20
R016434,26,Female,2,Beginner,296,20
R001396,62,Female,1,Advanced,219,20
R095621,42,Male,3,Intermediate,249,20
R038130,45,Male,2,Advanced,204,32.7
R033593,56,Male,0,Beginner,,20
R060675,60,Female,3,Beginner,269,20
R065324,23,Female,1,Intermediate,292,20
R028401,36,Female,0,Intermediate,,24.9
R040867,40,Male,2,Advanced,197,38.1
R049526,51,Female,3,Beginner,282,20
R064572,38,Male,1,Beginner,292,20
R073567,39,Female,1,Intermediate,270,20
R028135,22,Female,1,Intermediate,246,105.3579822
R023158,34,Male,5,Intermediate,260,20
R023813,50,Female,3,Intermediate,262,31
R066303,39,Female,5,Intermediate,244,20
R067213,42,Non-binary,2,Beginner,275,24.9
R041418,60,Female,3,Beginner,252,20
R027242,52,Male,4,Intermediate,289,36.3
R057287,62,Female,3,Beginner,285,28.5
R013483,43,Female,2,Advanced,162,31.9
R034050,63,Female,2,Beginner,249,20
R012185,33,Male,2,Beginner,298,20
R002447,35,Male,2,Beginner,265,20
R024396,19,Male,1,Beginner,258,20
R046938,37,Female,3,Intermediate,192,20
R090353,58,Female,1,Intermediate,221,37.5
R089732,27,Male,1,Intermediate,251,42.5
R016131,59,Female,1,Intermediate,249,20
R032763,42,Male,2,Intermediate,322,113.9048547
R022437,25,Female,1,Intermediate,242,28.7
R075658,23,Male,2,Intermediate,278,36
R072003,48,Female,2,Intermediate,233,20
R093786,39,Male,2,Beginner,350,20
R030300,59,Female,2,Beginner,287,20.9
R020569,24,Male,3,Intermediate,248,31.6
R041135,20,Female,2,Intermediate,262,20
R085217,45,Female,0,Beginner,,27.9
R071039,60,Female,0,Intermediate,,31.4
R016839,44,Female,2,Beginner,267,36.9
R007930,23,Non-binary,2,Beginner,274,40
R077839,34,Male,3,Beginner,284,20
R018578,22,Male,1,Beginner,313,20
R009622,37,Female,2,Beginner,295,33.6
R012015,38,Male,3,Intermediate,237,28.6
R018061,27,Female,0,Beginner,,43.4
R006060,33,Male,5,Intermediate,246,20
R040740,44,Male,3,Advanced,212,33.8
R056795,39,Female,1,Beginner,249,20
R063054,59,Male,1,Advanced,202,48
R071348,28,Female,2,Beginner,275,28.5
R057164,63,Female,2,Beginner,224,20
R051390,59,Non-binary,2,Advanced,205,20
R060540,55,Female,1,Intermediate,257,20
R088549,44,Female,2,Intermediate,280,105.4715933
R099417,44,Female,0,Advanced,,34.1
R053544,25,Female,1,Advanced,189,58.3
R077329,44,Male,2,Beginner,310,30.4
R087965,39,Female,5,Intermediate,234,26.7
R015902,34,Female,1,Beginner,308,20.2
R079637,54,Female,2,Intermediate,246,20
R016636,20,Male,3,Intermediate,277,20
R055591,45,Female,1,Beginner,290,27
R017271,27,Female,2,Intermediate,249,21.9
R068169,48,Female,0,Beginner,,50.1
R023775,37,Male,1,Beginner,252,20
R025405,31,Female,2,Beginner,267,40.1
R045973,35,Male,4,Beginner,309,24.7
R038177,61,Male,5,Beginner,295,102.4004007
R038556,27,Male,2,Beginner,289,20
R039648,62,Female,2,Intermediate,234,26.3
R049806,39,Non-binary,1,Advanced,230,20
R080712,47,Male,3,Beginner,274,20
R093490,54,Female,3,Beginner,271,20
R059762,18,Male,3,Beginner,240,29.7
R095224,43,Female,3,Advanced,188,42.1
R056024,46,Female,2,Intermediate,253,20.6
R046212,35,Male,2,Beginner,297,20
R035616,52,Male,1,Intermediate,221,28
R034454,35,Male,1,Intermediate,252,20
R055812,61,Female,1,Beginner,262,20
R011591,26,Male,4,Advanced,243,20
R036026,20,Female,1,Intermediate,251,31.9
R011140,64,Female,1,Beginner,244,44.1
R053113,55,Male,1,Beginner,254,20.6
R036820,41,Male,5,Advanced,230,31.8
R044987,44,Female,4,Beginner,307,20
R047965,51,Female,1,Beginner,252,24.4
R068769,21,Male,2,Intermediate,236,20
R088332,61,Male,2,Intermediate,253,20
R050649,51,Female,2,Beginner,290,63
R046424,25,Female,4,Intermediate,231,31.5
R034017,48,Female,1,Intermediate,264,23.1
R054589,18,Male,2,Beginner,260,20
R030272,46,Non-binary,2,Intermediate,270,20
R000091,58,Male,6,Beginner,296,28.1
R089138,62,Female,5,Intermediate,255,20
R024610,48,Male,0,Beginner,,36.9
R099174,26,Male,3,Beginner,282,20
R056370,29,Male,1,Intermediate,279,28.7
R071738,34,Male,3,Intermediate,265,20
R055222,40,Male,3,Beginner,291,27.8
R060241,28,Male,1,Advanced,234,20
R047931,49,Female,2,Intermediate,243,26
R019776,29,Male,1,Beginner,294,20
R076106,39,Male,1,Advanced,221,20
R003646,21,Male,1,Beginner,274,22.6
R030137,32,Non-binary,2,Beginner,273,20
R094115,47,Male,5,Beginner,284,24.5
R043619,22,Female,2,Intermediate,236,21.6
R009897,48,Non-binary,5,Beginner,303,20
R035733,55,Male,1,Beginner,306,36
R045406,49,Female,3,Intermediate,225,25.9
R049655,51,Female,3,Beginner,283,22.6
R086361,61,Female,3,Intermediate,262,32.2
R043906,62,Male,3,Beginner,310,20
R002928,27,Female,2,Beginner,311,20
R081201,33,Female,2,Intermediate,234,20
R087212,32,Non-binary,2,Beginner,266,20
R061119,64,Male,1,Beginner,311,37.2
R086534,41,Male,5,Advanced,227,42.3
R040773,58,Female,5,Beginner,280,20
R000302,19,Male,2,Beginner,243,23.7
R052625,64,Female,2,Beginner,284,20.6
R072841,40,Male,1,Beginner,270,20
R018218,64,Male,0,Intermediate,,20
R022261,36,Male,1,Beginner,284,20
R065372,42,Male,1,Beginner,302,20
R032392,19,Male,2,Intermediate,290,20
R041286,50,Female,2,Advanced,212,20
R046994,40,Female,4,Intermediate,255,20
R067295,38,Female,0,Beginner,,20
R024221,30,Female,1,Intermediate,295,20
R040763,65,Male,2,Intermediate,241,20
R036052,61,Female,2,Beginner,303,44.4
R012536,31,Female,2,Intermediate,221,36
R006686,43,Female,2,Beginner,309,20
R069622,58,Male,1,Intermediate,252,20
R093371,28,Female,1,Advanced,185,20
R018520,58,Male,1,Intermediate,263,28.3
R068199,62,Male,0,Advanced,,113.2840974
R065094,18,Male,3,Beginner,294,37.4
R029331,27,Female,3,Beginner,290,20
R013500,38,Female,2,Intermediate,240,49
R086931,55,Male,3,Intermediate,262,20
R045685,23,Male,1,Beginner,275,20
R061554,31,Male,0,Beginner,,22.7
R088092,41,Male,3,Advanced,218,49
R001964,36,Female,3,Beginner,288,20
R047623,54,Male,3,Beginner,277,20
R014813,53,Male,2,Beginner,307,24.1
R003329,52,Male,0,Advanced,,20
R061725,44,Female,4,Advanced,175,113.2010011
R071019,48,Female,1,Beginner,257,20
R005310,38,Male,4,Advanced,230,20
R077421,43,Male,2,Advanced,235,20
R070143,18,Female,0,Beginner,,54.8
R096660,26,Male,2,Beginner,260,24.7
R006853,55,Female,0,Intermediate,,95.1
R063734,18,Female,2,Beginner,299,44.7
R067207,35,Male,4,Beginner,310,20
R061831,30,Female,2,Intermediate,286,20
R012644,64,Male,1,Intermediate,244,20
R037577,26,Female,1,Intermediate,233,20
R052130,25,Male,3,Advanced,247,48.2
R079419,25,Female,3,Beginner,254,20
R008267,48,Male,0,Beginner,,119.2990965
R048902,41,Male,4,Beginner,264,20
R014054,45,Non-binary,3,Beginner,278,47.2
R033188,39,Male,5,Beginner,258,20
R072969,42,Non-binary,2,Intermediate,224,43.4
R010973,34,Female,2,Intermediate,286,20
R027430,22,Female,2,Beginner,293,20
R086001,65,Female,1,Intermediate,253,41.1
R006932,34,Non-binary,1,Beginner,272,20.2
R032952,46,Female,3,Beginner,275,20
R083170,36,Male,3,Advanced,216,41.4
R066435,51,Male,1,Beginner,335,23.9
R025049,26,Female,3,Beginner,277,20
R017002,64,Female,1,Beginner,267,20
R055764,19,Non-binary,0,Intermediate,,27.4
R094888,21,Female,2,Beginner,265,56.1
R019495,65,Female,2,Intermediate,234,20
R079212,39,Male,5,Beginner,295,20
R015826,63,Female,5,Intermediate,211,23.3
R019196,61,Male,2,Beginner,315,20
R059826,36,Non-binary,2,Beginner,268,20
R060108,36,Female,3,Advanced,225,50.1
R073846,23,Female,4,Advanced,224,20
R066662,46,Female,3,Advanced,268,61.4
R066038,33,Female,3,Advanced,248,20
R038663,42,Female,1,Advanced,171,25.9
R059858,34,Female,3,Beginner,255,20
R012943,19,Male,0,Advanced,,59.7
R055923,35,Male,2,Advanced,218,108.0249156
R012191,34,Male,5,Intermediate,257,20
R022595,35,Male,3,Advanced,233,25.7
R014625,35,Male,1,Beginner,280,20
R085985,28,Male,0,Beginner,,23.4
R002262,44,Male,1,Beginner,310,20
R060848,53,Female,1,Beginner,278,20
R050203,35,Female,0,Beginner,,20
R049141,59,Female,4,Beginner,272,20
R041349,50,Female,1,Advanced,230,36.2
R053805,21,Male,4,Advanced,221,20.5
R049608,22,Male,2,Advanced,186,26.2
R071370,49,Female,3,Intermediate,295,20
R037745,28,Non-binary,5,Advanced,190,20
R087985,40,Male,1,Intermediate,262,20
R059375,48,Female,3,Beginner,269,20
R093511,46,Male,2,Beginner,254,118.0734183
R071057,40,Female,2,Intermediate,279,43.2
R054167,33,Female,0,Beginner,,35.4
R024359,39,Male,2,Intermediate,259,29.3
R086788,29,Female,2,Advanced,255,48.3
R077633,22,Male,1,Advanced,231,52.3
R037134,56,Male,0,Intermediate,,20
R054200,64,Female,3,Advanced,226,20
R092642,58,Female,1,Beginner,280,45
R024450,56,Male,3,Advanced,211,34.8
R098433,23,Male,0,Intermediate,,58.7
R076867,57,Male,2,Beginner,241,20
R081515,57,Male,0,Beginner,,20
R089313,38,Female,1,Beginner,266,50.7
R037536,27,Male,2,Beginner,285,20
R074788,47,Female,2,Advanced,297,20
R084396,25,Female,1,Intermediate,228,43
R023825,51,Female,4,Beginner,275,27
R019489,56,Female,2,Beginner,322,28.8
R039674,32,Female,1,Intermediate,283,46.2
R001684,65,Female,5,Advanced,222,34.9
R074895,45,Non-binary,2,Advanced,222,50.7
R070904,60,Female,3,Intermediate,277,53.3
R008477,30,Male,2,Beginner,288,21.4
R074776,59,Male,3,Advanced,202,47.6
R036842,38,Female,2,Advanced,205,31
R012278,43,Female,3,Intermediate,216,42.6
R020688,33,Female,4,Intermediate,274,32.9
R008013,45,Male,4,Beginner,332,24.4
R091107,41,Male,3,Beginner,273,20
R086059,25,Female,2,Beginner,276,20
R083092,28,Male,2,Advanced,227,20
R086548,50,Female,2,Advanced,201,20
R024305,27,Male,1,Intermediate,260,48
R046127,52,Female,4,Advanced,216,41.5
R002982,33,Female,1,Intermediate,274,20
R053953,38,Male,1,Advanced,229,50.5
R043951,33,Female,2,Beginner,285,20
R061584,61,Female,1,Beginner,262,20
R077529,31,Male,0,Beginner,,20
R062656,62,Female,2,Intermediate,231,28.4
R027568,43,Male,4,Intermediate,213,55.6
R003995,30,Female,3,Intermediate,280,51
R000324,47,Female,1,Beginner,279,20
R075282,59,Female,2,Beginner,314,42.1
R087436,54,Female,3,Beginner,256,32.8
R037065,49,Male,2,Intermediate,246,41.8
R083076,62,Male,3,Beginner,244,20
R089919,28,Female,3,Intermediate,236,20
R067033,38,Female,1,Advanced,227,20
R066759,57,Male,1,Intermediate,287,25.8
R023240,45,Non-binary,0,Beginner,,49.5
R098309,50,Female,2,Beginner,291,20
R058379,38,Male,4,Beginner,304,20
R080136,26,Male,5,Intermediate,226,20
R089460,30,Male,0,Advanced,,20
R057078,28,Female,0,Intermediate,,20
R048370,47,Non-binary,2,Advanced,243,52
R046971,61,Female,1,Beginner,265,20
R024661,27,Female,2,Beginner,237,20
R008100,30,Male,5,Beginner,283,20
R026903,56,Female,2,Advanced,186,38.4
R084351,21,Female,5,Beginner,286,20
R010565,19,Male,0,Advanced,,20
R066290,48,Female,4,Advanced,223,20
R057214,34,Male,4,Beginner,243,20
R074477,54,Female,2,Intermediate,296,37.7
R019677,65,Non-binary,2,Beginner,281,20
R024637,27,Male,1,Intermediate,215,20
R086246,28,Female,1,Advanced,208,38.4
R076849,57,Male,2,Intermediate,291,20
R065580,53,Female,2,Advanced,246,92.9
R081327,28,Female,1,Beginner,299,20
R052062,41,Female,4,Beginner,279,37.8
R040257,46,Female,0,Intermediate,,45.9
R062928,24,Female,4,Intermediate,285,21.9
R025225,21,Non-binary,2,Advanced,277,20.9
R034727,24,Male,1,Beginner,252,115.123611
R059829,62,Female,2,Advanced,243,21.4
R088389,37,Male,3,Beginner,310,25.4
R038081,19,Male,1,Beginner,280,20
R058685,46,Male,5,Beginner,296,27.9
R012190,58,Female,1,Beginner,302,35.4
R044573,60,Female,2,Beginner,288,100.8269419
R015240,58,Non-binary,3,Beginner,293,34.8
R021419,35,Male,1,Beginner,240,39.9
R012740,22,Female,1,Beginner,285,20
R083046,60,Female,2,Advanced,270,25.8
R008202,23,Female,2,Beginner,260,37
R031251,26,Male,3,Intermediate,245,25.8
R045768,23,Female,1,Advanced,200,63.9
R053434,48,Male,2,Advanced,272,20
R060925,59,Male,3,Beginner,257,20
R089941,47,Male,1,Beginner,304,20
R079449,22,Male,3,Intermediate,267,25.5
R036894,56,Male,4,Intermediate,221,22.2
R031449,18,Male,3,Intermediate,207,28.7
R030195,58,Male,0,Intermediate,,38.7
R044912,24,Male,1,Beginner,248,48.2
R048037,32,Female,2,Intermediate,282,20
R060017,26,Female,1,Beginner,286,20
R003828,47,Female,1,Beginner,247,20
R006739,51,Female,4,Beginner,281,33.8
R008536,56,Male,2,Intermediate,260,34.2
R016382,20,Male,2,Beginner,304,20
R068669,28,Male,2,Intermediate,249,20
R012445,48,Female,0,Beginner,,35.1
R062719,45,Male,1,Intermediate,262,20
R010795,30,Female,3,Advanced,222,20
R091060,30,Female,2,Beginner,327,20
R019207,21,Female,1,Beginner,293,20
R030638,56,Female,3,Advanced,217,50
R090150,38,Female,5,Advanced,248,33.4
R076679,34,Male,2,Intermediate,235,33.3
R092799,36,Female,3,Advanced,220,35
R030016,34,Female,1,Beginner,249,20
R014804,33,Male,2,Beginner,308,20
R032847,34,Male,3,Beginner,291,36.3
R002714,53,Female,5,Advanced,214,20
R029144,35,Male,2,Intermediate,217,20
R019678,57,Male,0,Beginner,,42.5
R031466,23,Male,2,Beginner,277,20
R052501,55,Male,2,Beginner,276,20
R081484,44,Female,0,Beginner,,29
R005912,31,Male,1,Intermediate,222,36.2
R055444,23,Female,3,Intermediate,256,20
R096129,62,Male,1,Advanced,229,20
R050786,57,Male,2,Advanced,202,20
R012514,42,Female,1,Advanced,236,22.9
R092048,29,Female,1,Intermediate,229,24.9
R053219,26,Female,3,Advanced,213,28.3
R001351,26,Male,1,Beginner,299,30.4
R076369,39,Male,1,Beginner,270,20
R045633,33,Female,3,Beginner,293,22.8
R075225,31,Male,1,Intermediate,232,34.8
R014207,54,Female,3,Beginner,272,20
R089181,37,Male,2,Beginner,320,31.9
R004675,63,Male,5,Beginner,254,20
R007924,61,Female,2,Intermediate,242,52.6
R046174,18,Male,5,Beginner,317,28.3
R039752,37,Male,0,Beginner,,20
R068999,27,Male,3,Beginner,258,26.5
R047576,39,Female,2,Intermediate,221,26.2
R071808,23,Female,2,Intermediate,277,32.6
R073998,61,Male,3,Beginner,312,20
R002185,18,Female,3,Beginner,238,20
R017012,65,Female,2,Beginner,269,20
R030888,59,Female,1,Beginner,309,20.9
R055556,58,Male,2,Beginner,264,20
R089585,40,Female,7,Intermediate,233,46.1
R059873,57,Female,2,Beginner,272,20
R089726,35,Male,1,Beginner,289,28.6
R017374,49,Male,2,Intermediate,258,21.9
R085744,29,Female,1,Beginner,288,30.5
R025022,31,Female,6,Intermediate,242,25.9
R090844,28,Male,4,Advanced,192,20
R014901,23,Female,1,Beginner,320,20
R047396,54,Female,3,Beginner,279,38.4
R052554,18,Female,1,Beginner,267,20
R092812,59,Female,0,Advanced,,114.5042527
R031375,30,Male,1,Beginner,270,20
R076420,37,Male,0,Intermediate,,49
R057778,34,Non-binary,2,Beginner,277,20
R086359,56,Male,2,Beginner,269,21.9
R047252,60,Male,1,Beginner,257,20
R014296,48,Male,1,Beginner,308,20
R066291,59,Female,3,Beginner,327,20
R015910,54,Male,1,Intermediate,265,20
R091076,25,Male,0,Beginner,,20
R096364,48,Female,2,Advanced,259,35
R085871,32,Female,4,Beginner,272,20
R005829,22,Male,2,Beginner,261,20
R039307,43,Female,1,Beginner,219,31.4
R071636,28,Female,3,Intermediate,263,20
R080187,18,Male,1,Beginner,256,26
R045766,46,Female,0,Advanced,,31.8
R042689,46,Male,1,Intermediate,254,46.8
R058563,25,Male,4,Intermediate,256,32.1
R034412,52,Male,3,Beginner,296,22.1
R044975,22,Female,3,Intermediate,271,47.5
R030912,31,Female,3,Beginner,284,20
R009759,23,Male,5,Advanced,259,35.8
R045078,64,Female,2,Advanced,200,20
R033486,39,Male,2,Beginner,259,20
R052820,34,Male,1,Beginner,303,20
R079626,62,Male,0,Advanced,,30.2
R037686,52,Male,1,Intermediate,283,20
R039321,24,Female,4,Intermediate,234,20
R015412,49,Female,1,Intermediate,246,20
R029589,62,Male,1,Intermediate,258,20
R028040,62,Male,2,Beginner,290,29.4
R052247,37,Male,1,Intermediate,257,27.9
R097933,22,Male,3,Advanced,266,35.7
R011150,50,Non-binary,1,Advanced,215,41.4
R017841,54,Male,2,Beginner,278,20
R010080,42,Male,4,Beginner,258,20
R005672,25,Female,0,Intermediate,,59.7
R013755,29,Male,1,Intermediate,287,20
R082122,53,Male,3,Beginner,307,20
R032812,65,Female,0,Advanced,,28.2
R056131,62,Female,1,Intermediate,195,33
R001742,39,Female,2,Beginner,297,20
R039237,47,Male,1,Advanced,200,20
R050902,54,Non-binary,3,Intermediate,231,46.7
R034388,61,Female,1,Beginner,278,20
R014152,40,Male,0,Advanced,,20
R036204,29,Male,2,Beginner,279,30.2
R087501,47,Female,3,Beginner,291,26.3
R070530,22,Female,3,Beginner,305,20
R071101,35,Female,1,Beginner,274,22.1
R067781,37,Female,2,Intermediate,237,44.4
R093499,45,Female,0,Beginner,,20
R075385,44,Male,5,Advanced,243,45.4
R058261,63,Female,3,Intermediate,236,20
R023688,39,Female,3,Advanced,229,33.9
R063209,62,Male,1,Advanced,265,34.1
R081916,59,Female,0,Intermediate,,63
R084574,18,Male,4,Intermediate,242,20
R021936,61,Female,3,Advanced,206,20
R053925,21,Male,1,Advanced,216,44.6
R062096,43,Male,4,Beginner,315,20
R033320,39,Male,0,Advanced,,35.8
R039434,43,Male,1,Beginner,330,50
R000748,44,Female,1,Advanced,191,20
R098712,63,Male,1,Advanced,241,20
R022787,31,Female,2,Intermediate,251,20
R025463,55,Female,2,Beginner,296,22.1
R028819,61,Male,0,Beginner,,28.4
R092516,55,Male,2,Advanced,212,60.3
R038397,36,Male,1,Intermediate,278,40.7
R069802,54,Female,2,Beginner,252,20
R052735,23,Female,1,Beginner,276,20
R098113,31,Female,0,Intermediate,,20
R047858,57,Female,2,Beginner,292,30.5
R037071,30,Male,0,Beginner,,20
R079174,43,Male,1,Beginner,264,20
R002435,45,Male,1,Intermediate,248,31
R071505,33,Male,0,Beginner,,20
R029499,52,Female,6,Beginner,332,42.7
R000221,23,Male,2,Beginner,271,20
R045145,33,Female,2,Advanced,253,112.9975568
R080979,51,Female,2,Intermediate,249,20
R088746,24,Male,5,Beginner,316,20
R032027,55,Female,3,Intermediate,225,20
R012783,58,Male,4,Advanced,221,28.5
R059499,46,Male,1,Intermediate,246,110.7646448
R002161,42,Female,2,Advanced,220,23.5
R072866,23,Female,2,Beginner,230,36.7
R061255,43,Male,3,Beginner,257,30.3
R017017,55,Female,7,Beginner,285,20
R090565,31,Male,2,Beginner,249,20
R088687,50,Male,2,Beginner,253,20
R082448,30,Male,3,Beginner,248,20
R022583,35,Male,2,Advanced,204,52
R074657,46,Female,2,Beginner,301,20
R066808,40,Male,0,Advanced,,29.4
R016706,62,Female,0,Advanced,,20
R060493,42,Non-binary,2,Advanced,243,20
R087769,23,Male,3,Intermediate,265,20
R044102,43,Male,0,Beginner,,20
R039553,61,Male,4,Intermediate,224,52.3
R046699,45,Male,1,Beginner,299,20
R048015,58,Male,2,Beginner,285,20
R024925,64,Non-binary,2,Beginner,292,20
R020109,61,Female,4,Intermediate,219,29.9
R094386,21,Female,2,Intermediate,210,20
R087314,39,Male,3,Intermediate,265,20
R088729,59,Female,2,Advanced,245,43.9
R066182,21,Male,0,Beginner,,20
R069305,61,Male,1,Intermediate,306,20
R071228,35,Male,1,Beginner,231,20
R053804,26,Female,3,Beginner,303,26.1
R001689,42,Male,0,Beginner,,20
R029260,47,Female,3,Advanced,229,40.1
R095345,22,Female,1,Beginner,261,20
R048843,27,Male,3,Beginner,321,35.7
R000537,43,Male,4,Beginner,265,20
R049277,21,Non-binary,0,Beginner,,40.1
R043978,48,Female,3,Advanced,227,34.7
R090031,37,Male,2,Advanced,228,20
R043323,48,Male,0,Beginner,,20
R097044,49,Female,1,Beginner,308,20
R055110,19,Male,1,Beginner,251,20
R086362,43,Female,1,Beginner,266,115.8347397
R077648,53,Female,1,Beginner,281,23.6
R078490,51,Female,2,Intermediate,280,38.4
R097341,51,Female,3,Beginner,283,26.2
R063142,37,Female,1,Beginner,269,20
R095619,43,Male,2,Intermediate,245,20
R006011,43,Female,2,Intermediate,282,30.9
R038793,36,Male,0,Advanced,,21
R093403,37,Female,3,Beginner,292,20
R061212,41,Female,1,Beginner,302,20
R091382,27,Male,3,Advanced,230,53.2
R069453,32,Male,1,Advanced,197,28.3
R097524,63,Female,2,Intermediate,258,40
R025688,45,Male,2,Beginner,244,20
R069588,38,Female,3,Beginner,303,20
R075720,26,Female,1,Advanced,200,42.3
R004836,18,Female,1,Intermediate,251,41.9
R044000,33,Female,1,Beginner,321,20
R040663,40,Male,3,Intermediate,238,41.5
R020257,19,Male,5,Intermediate,242,51.3
R051042,24,Female,2,Intermediate,275,20
R015698,29,Female,1,Beginner,292,20
R076181,38,Female,0,Beginner,,20
R086091,18,Female,2,Intermediate,273,21.9
R057886,26,Male,2,Intermediate,216,20
R093353,50,Male,4,Intermediate,228,20
R048476,37,Female,3,Beginner,273,29.4
R035749,61,Non-binary,1,Intermediate,203,20
R056579,29,Female,3,Advanced,237,28.7
R061294,53,Female,5,Advanced,215,20
R071948,18,Male,3,Intermediate,215,38.3
R015945,41,Male,2,Beginner,257,102.1068093
R014015,43,Female,2,Advanced,243,20
R009123,48,Male,1,Intermediate,260,29.5
R075780,36,Male,5,Beginner,256,25.7
R038555,47,Female,2,Beginner,253,20
R037279,48,Male,3,Beginner,245,20
R032642,18,Female,4,Beginner,251,20
R059615,35,Female,4,Intermediate,256,20
R043697,41,Male,1,Beginner,232,48.4
R068111,20,Female,3,Beginner,272,20
R064400,60,Male,0,Beginner,,20
R022144,60,Female,1,Advanced,171,20
R060554,28,Female,0,Intermediate,,27.5
R078189,61,Female,4,Beginner,232,33.7
R083264,33,Female,4,Intermediate,286,101.280754
R047120,33,Female,3,Intermediate,248,117.3470759
R071564,45,Male,4,Advanced,203,37.2
R055786,25,Female,2,Beginner,252,52.4
R013925,41,Male,3,Intermediate,285,26.3
R081330,49,Male,0,Advanced,,20
R073675,29,Male,3,Advanced,224,20
R034896,46,Male,2,Intermediate,252,56.9
R039378,29,Male,3,Beginner,284,20
R051317,28,Male,1,Advanced,232,103.7576322
R011807,55,Female,2,Advanced,273,36.7
R006724,51,Female,0,Intermediate,,38
R084626,50,Female,1,Beginner,258,20
R008223,54,Female,2,Advanced,198,40.9
R003292,37,Male,3,Intermediate,194,20
R008832,39,Female,3,Intermediate,253,20
R062135,29,Male,2,Beginner,301,20
R017646,36,Female,0,Beginner,,20
R029554,48,Female,2,Intermediate,202,27.2
R057300,26,Female,2,Intermediate,281,20
R013323,61,Male,0,Beginner,,20
R096168,27,Male,4,Beginner,308,20
R009741,36,Male,4,Beginner,281,20
R098096,29,Male,1,Intermediate,295,32.4
R064065,47,Male,4,Intermediate,272,20
R091302,51,Non-binary,2,Beginner,288,43
R069226,29,Female,2,Advanced,205,20
R020876,44,Male,2,Intermediate,226,20
R062801,55,Female,2,Intermediate,244,20
R095611,42,Male,4,Beginner,282,23.6
R056728,60,Female,3,Beginner,311,115.9162356
R045753,21,Female,1,Advanced,204,20
R081638,47,Female,4,Intermediate,270,34.7
R087913,18,Male,1,Beginner,309,29
R007101,39,Male,1,Beginner,284,20
R007261,50,Female,3,Intermediate,241,21.3
R053828,33,Female,0,Beginner,,20
R032091,47,Male,1,Beginner,275,25.6
R045820,65,Female,2,Intermediate,280,20
R050957,33,Female,2,Beginner,321,31.7
R017521,52,Female,3,Intermediate,253,20
R059453,63,Female,2,Intermediate,226,20
R091073,20,Non-binary,1,Beginner,239,20
R043658,65,Male,4,Beginner,282,20
R053839,59,Female,1,Intermediate,252,20
R027435,47,Female,1,Intermediate,228,20
R093263,58,Male,3,Intermediate,307,20
R008222,55,Male,1,Intermediate,224,51.8
R012568,57,Male,1,Intermediate,277,20
R016155,59,Male,3,Intermediate,258,21.7
R066525,59,Male,0,Beginner,,20
R037595,59,Female,1,Beginner,314,33.6
R091672,19,Male,1,Intermediate,311,20
R079724,27,Female,1,Beginner,313,20
R054815,54,Non-binary,0,Beginner,,20
R018122,22,Male,2,Intermediate,237,20
R037066,64,Male,2,Beginner,279,20
R063401,33,Female,1,Advanced,207,43
R058258,39,Female,3,Intermediate,198,48.9
R060479,29,Male,2,Intermediate,267,32.4
R032661,63,Non-binary,3,Intermediate,263,20
R044712,40,Male,1,Intermediate,242,47
R091015,62,Female,1,Intermediate,247,20
R033841,35,Female,3,Advanced,214,23.8
R096117,62,Female,3,Intermediate,309,30.1
R055227,59,Male,4,Advanced,224,65.2
R044949,39,Male,3,Intermediate,299,26.5
R028552,40,Male,1,Advanced,224,20
R047987,54,Female,1,Beginner,268,20.4
R013748,31,Female,4,Intermediate,215,37.5
R099385,59,Female,1,Beginner,288,20
R010596,27,Male,0,Advanced,,65.2
R009063,55,Male,2,Beginner,268,20
R031100,59,Female,4,Intermediate,262,24.4
R088697,44,Male,1,Beginner,258,51
R096815,42,Female,0,Beginner,,20
R004064,46,Female,1,Advanced,217,20
R062596,54,Male,1,Advanced,258,36.4
R035713,59,Male,0,Advanced,,20
R070455,20,Male,2,Beginner,274,28.1
R074190,43,Female,2,Beginner,295,20
R049489,47,Male,1,Intermediate,209,20
R072363,50,Male,2,Advanced,202,20
R012129,36,Male,1,Beginner,297,20
R065216,37,Male,1,Intermediate,284,20
R057941,27,Male,3,Beginner,303,41.1
R037629,47,Female,3,Intermediate,246,39
R092025,31,Male,1,Beginner,286,37.9
R014038,54,Female,2,Intermediate,247,46.4
R000795,47,Male,1,Beginner,306,20.9
R016075,59,Female,1,Beginner,297,20
R009726,61,Male,1,Beginner,280,20
R045955,44,Male,0,Advanced,,20
R030741,65,Non-binary,1,Advanced,197,20
R099845,58,Male,2,Intermediate,262,35.5
R091239,38,Male,3,Beginner,271,30.1
R030469,34,Female,1,Beginner,268,20
R060135,35,Female,2,Advanced,256,20
R094730,40,Female,3,Advanced,145,20
R061128,58,Female,3,Beginner,264,20
R087733,31,Female,0,Intermediate,,20
R033190,33,Male,2,Beginner,290,20
R017631,45,Female,4,Advanced,178,51.9
R073353,52,Female,1,Beginner,253,24
R016483,27,Female,1,Beginner,288,23
R050413,43,Male,1,Advanced,202,36.1
R099234,51,Female,1,Beginner,292,20
R036593,57,Female,1,Intermediate,236,20
R038613,47,Female,3,Advanced,218,20
R039803,58,Female,0,Intermediate,,20
R069345,35,Female,2,Beginner,260,20
R045249,42,Female,1,Beginner,273,30
R034260,28,Male,1,Advanced,258,41.7
R055450,45,Male,3,Beginner,310,40.8
R004734,21,Male,2,Advanced,264,20
R013844,27,Male,2,Beginner,246,20
R060378,62,Female,1,Beginner,294,54.4
R041883,49,Female,3,Beginner,281,27.7
R031107,39,Male,1,Beginner,313,20
R091096,47,Male,2,Beginner,272,20
R046274,18,Male,2,Beginner,272,20
R084250,34,Male,0,Beginner,,20
R095593,65,Female,1,Beginner,301,20
R018102,34,Female,5,Beginner,301,26.4
R096061,47,Female,3,Intermediate,267,20
R063810,40,Male,1,Beginner,305,20
R030984,23,Male,2,Intermediate,248,37.3
R082493,18,Female,1,Intermediate,231,20
R056582,45,Male,1,Beginner,306,22.7
R038302,63,Female,0,Beginner,,20
R000875,31,Female,1,Beginner,244,36.5
R067551,32,Female,3,Beginner,271,20
R065051,62,Female,0,Advanced,,57.4
R013070,61,Male,0,Intermediate,,27.8
R043110,64,Female,2,Beginner,278,20
R047524,53,Male,6,Beginner,280,20
R048189,61,Male,4,Intermediate,244,20
R005989,36,Female,0,Intermediate,,39.2
R011039,50,Female,2,Beginner,247,29.9
R039415,49,Male,1,Beginner,277,53.7
R045958,60,Female,0,Intermediate,,20
R058150,27,Female,3,Beginner,288,20
R097716,34,Female,2,Intermediate,233,20
R050457,37,Female,0,Beginner,,20
R093339,42,Male,3,Beginner,308,20
R018754,62,Male,2,Advanced,199,44
R058297,56,Female,0,Advanced,,117.2060426
R079057,33,Male,5,Beginner,341,29.3
R059892,42,Female,1,Advanced,243,24.9
R029037,51,Male,1,Beginner,258,45.6
R028261,37,Female,3,Beginner,314,20
R081042,45,Female,1,Beginner,298,20
R045522,31,Male,0,Beginner,,20
R008798,51,Male,3,Beginner,290,20
R080278,61,Female,2,Intermediate,250,21.1
R087749,33,Non-binary,1,Beginner,260,23.3
R093783,65,Male,1,Beginner,288,22.9
R012415,47,Male,3,Beginner,260,20
R047378,20,Female,2,Intermediate,287,22.7
R075586,54,Male,1,Beginner,271,28.3
R041298,50,Female,3,Beginner,249,42.9
R006575,65,Female,2,Beginner,304,20
R043280,64,Male,2,Advanced,213,28.7
R025699,37,Male,3,Intermediate,218,103.4306825
R028528,28,Male,5,Beginner,277,20
R031932,28,Female,4,Beginner,271,20
R083903,41,Male,2,Intermediate,220,24.1
R098989,34,Male,2,Intermediate,291,20
R070751,65,Female,4,Beginner,261,20
R052647,32,Male,2,Advanced,243,23.4
R025736,60,Female,2,Beginner,249,20
R009194,20,Female,0,Beginner,,33.1
R052497,31,Female,2,Beginner,281,29.4
R037490,34,Male,3,Intermediate,239,29.4
R073046,30,Male,2,Beginner,245,20
R081269,51,Male,4,Advanced,225,20
R008260,40,Male,3,Beginner,219,20
R047130,18,Female,0,Intermediate,,20.3
R072177,63,Male,3,Intermediate,234,20
R076589,45,Female,1,Beginner,266,37.2
R087562,29,Female,1,Beginner,349,49.5
R073646,53,Female,0,Beginner,,20
R011685,50,Female,1,Beginner,222,20
R091578,42,Male,2,Intermediate,259,28.9
R080764,63,Female,1,Intermediate,237,20
R010104,33,Male,2,Beginner,320,20
R065992,61,Female,2,Beginner,322,20
R013092,39,Female,4,Intermediate,246,20
R039260,36,Male,0,Beginner,,20
R081509,45,Female,1,Beginner,277,20
R065887,37,Female,2,Beginner,259,21.5
R097515,64,Male,4,Advanced,219,46.5
R039942,34,Male,1,Beginner,291,27.7
R026678,20,Non-binary,4,Advanced,250,39.6
R011223,35,Male,5,Beginner,243,20
R056864,54,Male,3,Beginner,301,20
R049175,18,Female,2,Intermediate,250,33.5
R051568,21,Female,1,Beginner,250,20
R021601,65,Male,1,Intermediate,244,20
R018029,55,Non-binary,2,Advanced,208,35.7
R089996,41,Female,0,Advanced,,55
R063526,62,Male,1,Intermediate,228,20
R009166,32,Male,1,Advanced,208,20
R029192,54,Female,2,Beginner,292,20
R033783,58,Female,2,Advanced,174,20
R071488,58,Female,3,Beginner,240,20
R052200,28,Male,1,Advanced,227,52.1
R017293,49,Male,4,Intermediate,265,32.5
R083508,65,Female,3,Advanced,237,46
R087531,49,Male,4,Advanced,212,27.2
R060040,24,Male,3,Beginner,274,37.6
R045552,52,Female,1,Advanced,189,34.9
R023928,47,Male,1,Advanced,203,22.9
R096665,62,Female,4,Intermediate,246,39.7
R059752,24,Male,2,Beginner,265,20
R049931,30,Female,4,Intermediate,241,20
R042607,45,Male,4,Beginner,283,38.4
R021339,23,Female,2,Advanced,215,20
R042572,37,Male,1,Advanced,209,20.9
R023749,18,Male,2,Beginner,237,20
R081667,40,Male,1,Beginner,292,20
R003011,38,Male,4,Beginner,231,20
R074256,25,Female,1,Advanced,219,40.7
R037588,40,Female,1,Beginner,296,20
R070706,57,Male,1,Beginner,302,20
R094712,28,Male,2,Beginner,239,20
R003455,43,Female,2,Beginner,280,28.6
R094529,46,Male,0,Intermediate,,20
R079801,50,Male,0,Beginner,,34.6
R080800,40,Female,2,Beginner,265,46
R073822,19,Female,3,Intermediate,205,20
R038840,30,Male,3,Beginner,305,24.2
R002816,18,Male,1,Beginner,302,20
R077935,32,Male,2,Advanced,233,20.7
R091071,63,Male,3,Beginner,294,24.7
R031242,18,Male,2,Intermediate,255,20
R040378,52,Male,3,Beginner,240,20
R003906,50,Female,3,Beginner,334,20
R052699,53,Female,1,Intermediate,269,20
R089087,62,Male,4,Intermediate,263,20
R076892,58,Female,1,Beginner,275,20
R045352,57,Male,4,Beginner,271,20
R092798,44,Female,2,Intermediate,222,28.1
R032190,18,Female,0,Intermediate,,20
R091719,21,Female,3,Beginner,252,29.2
R037609,55,Non-binary,3,Intermediate,266,20
R000688,58,Male,2,Intermediate,314,20.4
R056866,37,Male,3,Advanced,210,104.5661097
R053110,35,Male,2,Beginner,235,20
R075516,59,Male,2,Beginner,310,20
R038443,24,Female,3,Intermediate,255,34.4
R010800,45,Male,3,Beginner,288,20
R022311,21,Female,4,Intermediate,281,20
R074511,49,Female,0,Beginner,,100.8568235
R081671,50,Female,0,Intermediate,,20
R072899,50,Female,3,Intermediate,255,20
R079444,58,Non-binary,1,Intermediate,227,20
R056194,39,Male,1,Beginner,255,20
R056223,40,Male,0,Advanced,,20
R071657,55,Male,2,Beginner,296,20
R064740,47,Non-binary,1,Advanced,243,61.3
R051169,57,Female,0,Intermediate,,20
R084423,37,Male,4,Advanced,206,20
R092481,19,Female,2,Intermediate,223,22.3
R001885,49,Female,1,Advanced,239,26.7
R099802,64,Female,3,Advanced,211,38.6
R040625,35,Female,4,Intermediate,254,29.4
R068231,62,Male,5,Intermediate,220,20
R070080,60,Male,2,Beginner,295,20
R044992,30,Female,0,Advanced,,21.4
R099827,22,Female,3,Beginner,312,20.4
R091249,47,Female,2,Beginner,281,29.3
R024277,19,Female,4,Beginner,264,20
R085182,50,Female,0,Advanced,,38.7
R055135,64,Male,5,Intermediate,235,20
R029271,35,Male,2,Beginner,272,28.6
R004709,41,Male,3,Advanced,219,20
R034144,46,Male,0,Beginner,,20
R046973,19,Female,0,Intermediate,,29.6
R060071,64,Male,1,Beginner,249,20
R005327,49,Male,0,Beginner,,20
R048772,53,Female,1,Beginner,281,109.9180896
R058785,31,Male,6,Beginner,325,20
R027148,36,Male,5,Advanced,206,35.2
R029603,28,Male,3,Beginner,274,33.6
R088826,34,Female,1,Beginner,220,23
R036205,40,Non-binary,3,Beginner,278,108.074731
R033008,52,Male,3,Beginner,301,20
R003525,48,Female,1,Intermediate,260,32.1
R088717,36,Female,2,Beginner,292,44.2
R089047,37,Male,2,Beginner,296,20
R065405,30,Male,0,Beginner,,20
R063156,31,Male,1,Beginner,281,29
R080874,41,Male,0,Beginner,,38.1
R011273,34,Male,0,Beginner,,20
R067993,42,Male,1,Advanced,217,53.9
R036223,29,Female,2,Intermediate,227,20
R040174,40,Female,3,Beginner,305,20
R085222,46,Male,2,Beginner,289,20
R012381,59,Female,2,Beginner,303,20
R099237,54,Male,0,Beginner,,20
R084716,35,Female,1,Beginner,275,20
R031162,20,Male,2,Advanced,212,28.1
R007463,25,Male,1,Beginner,242,20
R001078,50,Female,3,Beginner,315,32.2
R022705,64,Male,5,Intermediate,217,45.5
R091931,31,Female,3,Intermediate,248,20
R065986,39,Male,2,Advanced,257,20
R089176,23,Male,1,Advanced,235,20
R070612,26,Female,1,Intermediate,250,20
R099175,62,Male,1,Intermediate,230,20
R085233,56,Female,0,Beginner,,20
R009704,24,Female,1,Intermediate,221,23.8
R003186,61,Female,0,Intermediate,,39.4
R024888,27,Male,2,Beginner,266,32
R062768,65,Male,1,Intermediate,242,20
R095533,62,Female,2,Beginner,233,20
R066750,56,Female,1,Intermediate,249,55.3
R079116,22,Male,4,Beginner,242,20
R066136,61,Female,4,Intermediate,254,37
R083663,36,Female,3,Advanced,228,43
R025304,22,Male,4,Intermediate,269,38.4
R043828,34,Female,3,Intermediate,244,20
R037946,59,Male,2,Intermediate,257,20
R018273,57,Male,1,Beginner,263,35.3
R056173,23,Male,3,Intermediate,233,20
R085289,27,Female,1,Beginner,287,26.2
R015775,37,Non-binary,2,Intermediate,247,28.3
R043388,57,Male,1,Beginner,270,20
R016188,48,Female,1,Intermediate,258,27.8
R052628,47,Female,1,Beginner,302,20
R062594,46,Male,3,Intermediate,242,32.1
R096055,19,Male,3,Beginner,255,24.2
R025236,65,Female,1,Advanced,261,43
R032838,54,Male,0,Intermediate,,20
R001999,56,Male,1,Beginner,250,20
R053632,32,Male,3,Beginner,291,26.3
R011394,35,Female,1,Beginner,319,20
R018812,25,Male,2,Intermediate,265,20
R056878,19,Female,3,Intermediate,213,32.2
R002779,46,Female,2,Beginner,239,20
R008453,30,Male,2,Beginner,281,20
R061280,41,Male,0,Beginner,,23.5
R064875,31,Female,1,Beginner,293,47.8
R046136,38,Female,3,Beginner,292,20
R049529,40,Female,5,Intermediate,229,25.1
R094475,29,Male,1,Advanced,218,20
R054952,65,Female,0,Advanced,,20
R067036,39,Male,3,Intermediate,234,42.1
R026528,43,Female,0,Beginner,,20
R062326,27,Female,2,Beginner,283,25.8
R076617,54,Female,2,Beginner,303,118.0093336
R023295,30,Male,2,Advanced,272,20
R060434,38,Non-binary,3,Intermediate,269,20
R063112,35,Female,3,Beginner,270,20
R093022,35,Male,1,Intermediate,258,39.3
R020207,53,Female,3,Intermediate,228,53.6
R041275,21,Female,4,Intermediate,287,36.5
R084649,18,Male,2,Intermediate,278,32.5
R043060,36,Female,0,Beginner,,20
R061692,42,Male,3,Beginner,298,101.1341414
R042413,40,Non-binary,2,Beginner,238,20
R029321,25,Male,0,Beginner,,25.9
R030487,61,Male,5,Beginner,289,20
R017572,39,Female,2,Intermediate,231,20
R068342,63,Male,0,Beginner,,20
R062239,65,Female,2,Advanced,219,20
R002744,42,Female,1,Intermediate,257,55.3
R095782,34,Male,3,Advanced,244,20
R084348,27,Male,0,Beginner,,20
R009508,30,Female,1,Advanced,198,50.4
R091018,28,Male,1,Advanced,185,90.8
R066866,62,Female,1,Advanced,179,62.7
R043282,40,Male,1,Beginner,288,20.8
R051881,64,Female,2,Intermediate,273,32.5
R042190,20,Female,2,Advanced,170,27.2
R012289,46,Female,2,Advanced,202,20
R041419,45,Female,2,Advanced,210,29.5
R012046,25,Female,3,Advanced,264,20
R057471,34,Male,1,Intermediate,281,54.7
R073350,49,Male,1,Beginner,276,29
R003278,41,Male,3,Beginner,300,32.4
R041936,35,Male,2,Intermediate,227,69.6
R074520,50,Male,3,Beginner,298,20
R067330,42,Female,3,Intermediate,258,20
R097616,26,Non-binary,0,Advanced,,20
R010435,26,Female,1,Beginner,306,20
R083492,28,Female,4,Intermediate,247,41.3
R054381,39,Female,1,Beginner,300,30.9
R021671,40,Male,8,Advanced,220,42.1
R010030,18,Male,4,Beginner,279,21.3
R046892,27,Male,2,Intermediate,280,43.5
R069105,39,Male,2,Beginner,335,20
R084715,57,Female,3,Beginner,288,20
R053656,20,Male,3,Intermediate,263,20
R063542,53,Male,4,Beginner,300,26.1
R043101,44,Female,5,Intermediate,260,20
R097994,18,Female,4,Advanced,236,20
R047060,18,Male,1,Advanced,179,36.3
R075721,61,Female,2,Intermediate,249,25.8
R081289,33,Male,2,Intermediate,234,38.1
R071245,65,Female,0,Advanced,,30.2
R003131,20,Female,2,Beginner,323,20
R023079,50,Male,2,Intermediate,269,46.8
R044954,63,Male,2,Beginner,233,44.4
R047338,38,Female,0,Intermediate,,20
R026082,45,Male,1,Beginner,289,20
R089242,48,Male,2,Intermediate,256,20
R073585,37,Female,1,Intermediate,258,20
R016074,50,Male,1,Advanced,237,27.2
R001249,33,Female,3,Beginner,240,23.4
R014889,59,Female,2,Advanced,209,20
R074173,52,Male,3,Beginner,253,32.7
R004957,48,Male,1,Beginner,290,20
R016751,47,Female,0,Intermediate,,26.4
R031725,34,Male,1,Intermediate,273,20
R045473,24,Female,0,Beginner,,20
R001803,38,Female,3,Beginner,285,20
R007923,37,Female,2,Beginner,225,29.4
R044516,32,Male,3,Intermediate,272,34.3
R036664,55,Female,1,Beginner,292,100.4900895
R067633,26,Male,1,Beginner,268,32.7
R066711,41,Male,1,Intermediate,208,32.5
R013210,47,Female,2,Intermediate,262,35
R098435,43,Female,2,Intermediate,277,20
R074805,27,Female,1,Advanced,262,30.2
R047156,62,Male,2,Beginner,251,20
R031229,37,Male,2,Beginner,264,20
R030806,50,Male,4,Beginner,242,24.8
R003666,25,Female,2,Intermediate,292,57.7
R020254,56,Female,2,Intermediate,231,42.5
R047160,19,Female,4,Intermediate,264,21.6
R046854,65,Female,3,Advanced,214,20
R028631,63,Non-binary,4,Intermediate,213,56.4
R095232,44,Female,1,Intermediate,241,50
R055374,26,Female,0,Beginner,,20
R033768,45,Male,1,Beginner,273,21
R054673,43,Female,1,Beginner,241,22.2
R085799,55,Female,4,Beginner,296,20
R053489,18,Female,1,Beginner,303,20
R036314,59,Male,1,Beginner,256,20
R076431,49,Female,0,Beginner,,20
R037816,63,Male,3,Beginner,290,20
R064741,26,Female,2,Advanced,208,40.9
R078060,52,Male,2,Beginner,263,20
R058009,34,Male,3,Beginner,271,21.2
R021032,24,Female,1,Intermediate,272,34.4
R079740,47,Male,4,Intermediate,240,20
R073529,29,Male,4,Beginner,282,24.9
R070662,20,Male,1,Advanced,212,20
R079776,51,Female,3,Intermediate,219,20
R026802,44,Female,1,Advanced,170,41
R023320,20,Female,2,Intermediate,239,37.4
R041558,61,Male,1,Advanced,211,34.9
R040381,24,Male,1,Advanced,217,40.9
R009275,56,Female,2,Beginner,299,115.403281
R067801,57,Female,0,Intermediate,,20.4
R080989,30,Female,1,Beginner,312,20
R099016,38,Female,2,Beginner,307,20
R051483,36,Male,3,Beginner,287,20
R083126,61,Female,3,Beginner,288,20
R060656,25,Female,2,Beginner,255,20
R023022,34,Male,4,Beginner,280,32.5
R012798,26,Female,0,Beginner,,20
R015943,32,Female,3,Beginner,279,41.4
R065942,23,Male,0,Intermediate,,20
R071170,20,Male,3,Beginner,296,20
R019110,34,Female,1,Beginner,236,21.1
R052493,53,Female,5,Intermediate,242,45.9
R057348,33,Female,1,Advanced,206,40.3
R048452,56,Male,2,Intermediate,221,20
R093784,28,Male,2,Intermediate,273,27.1
R048561,22,Female,3,Advanced,220,87.3
R007041,35,Female,2,Beginner,275,20
R082194,43,Male,1,Beginner,272,20
R008593,46,Female,2,Beginner,210,20
R062697,52,Male,4,Beginner,265,23.3
R061820,61,Female,2,Beginner,265,34.6
R082167,31,Male,1,Beginner,261,28.4
R082354,21,Male,0,Beginner,,20
R017080,55,Male,1,Beginner,311,71.7
R074111,44,Male,1,Beginner,260,20
R004420,65,Male,0,Beginner,,20
R017966,57,Male,1,Advanced,192,24.9
R077524,53,Female,3,Advanced,208,50.7
R088789,21,Male,3,Intermediate,239,31.3
R074514,60,Male,5,Advanced,194,26.4
R058122,43,Female,1,Intermediate,261,20
R080859,24,Male,0,Advanced,,29.1
R069290,43,Female,0,Beginner,,20
R096635,38,Male,5,Beginner,256,20
R001620,49,Female,2,Beginner,291,49.6
R047364,44,Male,0,Advanced,,40.8
R082288,50,Male,0,Beginner,,58.1
R074777,55,Male,2,Intermediate,255,20
R095214,29,Male,0,Beginner,,20
R008151,39,Male,2,Advanced,238,20
R028048,63,Female,2,Intermediate,252,20
R072615,54,Male,5,Beginner,287,23.7
R076765,31,Female,1,Beginner,318,32.3
R077248,49,Male,2,Beginner,252,45.8
R026579,18,Female,3,Intermediate,269,20
R067909,38,Female,1,Advanced,199,20
R024135,56,Male,1,Advanced,252,54.4
R065940,40,Non-binary,2,Intermediate,219,30.2
R080325,59,Female,0,Intermediate,,23.6
R085260,45,Female,0,Intermediate,,20
R075719,47,Female,1,Beginner,232,20
R001878,28,Female,1,Intermediate,222,20
R015020,55,Male,3,Intermediate,254,20
R018613,37,Male,1,Intermediate,253,20
R033450,30,Female,4,Intermediate,241,20
R069891,21,Female,1,Beginner,270,20
R075015,27,Female,3,Beginner,293,32.3
R081056,49,Female,4,Beginner,269,22.9
R025479,40,Male,0,Beginner,,39.8
R078352,20,Male,3,Advanced,208,38.5
R047652,63,Male,1,Beginner,292,23.3
R006413,62,Male,2,Advanced,260,43.6
R009077,43,Male,2,Beginner,299,20
R005500,34,Female,2,Intermediate,219,29.6
R016032,42,Male,0,Advanced,,25.5
R043726,65,Male,1,Intermediate,253,20
R025472,56,Male,2,Intermediate,263,32.1
R053538,26,Male,0,Beginner,,20
R054335,32,Male,1,Beginner,292,25.2
R050317,38,Male,2,Intermediate,262,30.4
R059846,55,Female,0,Beginner,,20
R007221,48,Female,2,Advanced,232,20
R077034,40,Female,2,Intermediate,255,20
R003417,37,Male,1,Intermediate,283,37.2
R095922,36,Male,2,Beginner,224,20
R044132,25,Male,3,Beginner,272,21.9
R032920,56,Male,4,Intermediate,270,56.3
R079800,18,Female,3,Beginner,301,20
R002697,49,Male,1,Beginner,287,27.8
R074466,29,Male,6,Advanced,252,119.1171265
R017412,34,Female,3,Beginner,264,20
R019891,47,Female,1,Beginner,269,20
R089603,59,Non-binary,1,Advanced,236,52.9
R042803,50,Female,1,Beginner,271,20
R057645,45,Male,1,Advanced,244,20
R051120,37,Female,3,Beginner,284,20
R095904,29,Female,3,Intermediate,241,20
R071538,62,Female,3,Beginner,287,20.2
R033886,52,Male,2,Beginner,256,20
R088648,38,Female,0,Beginner,,35.9
R084725,59,Female,1,Intermediate,254,22.5
R012744,60,Female,4,Beginner,283,32.9
R080613,54,Male,0,Beginner,,40.4
R072487,28,Female,3,Beginner,272,20
R001950,30,Female,2,Beginner,251,20
R045417,55,Female,4,Advanced,162,50.8
R004396,58,Male,2,Beginner,325,104.4382873
R017793,63,Female,1,Beginner,305,20
R041495,42,Female,6,Beginner,258,20
R002126,64,Female,1,Beginner,274,44.9
R004503,56,Female,3,Beginner,268,25.3
R095803,61,Female,0,Advanced,,20
R014521,44,Non-binary,5,Intermediate,243,20
R036135,59,Male,1,Intermediate,242,20
R076307,50,Male,3,Beginner,291,20
R003722,34,Male,1,Beginner,251,20
R016245,22,Male,2,Beginner,307,20
R030066,47,Male,3,Advanced,243,23.9
R027451,19,Male,1,Advanced,214,28.8
R037492,47,Female,0,Beginner,,20
R011873,33,Non-binary,1,Beginner,283,33.6
R044057,20,Female,3,Intermediate,248,20
R057303,56,Female,0,Beginner,,20
R077560,65,Male,4,Beginner,278,20
R006995,52,Male,2,Intermediate,194,20
R036114,59,Female,3,Beginner,304,39
R025020,39,Female,0,Intermediate,,29.6
R044415,53,Female,2,Beginner,272,56.4
R012195,48,Male,4,Beginner,238,29.4
R022506,26,Male,1,Beginner,289,20
R013076,27,Male,0,Intermediate,,20
R038739,27,Male,2,Intermediate,204,21.9
R032174,19,Male,3,Intermediate,257,42.3
R018082,20,Female,0,Intermediate,,42.7
R096590,54,Male,5,Beginner,329,20
R076249,57,Male,2,Intermediate,294,20
R025140,51,Male,2,Intermediate,288,20
R083125,43,Female,4,Intermediate,267,20
R009997,47,Female,2,Beginner,325,21.9
R075270,28,Female,1,Intermediate,281,24.7
R014451,26,Male,4,Intermediate,255,20
R007821,40,Female,3,Advanced,174,102.5917335
R053542,32,Male,0,Intermediate,,20
R014530,63,Female,0,Beginner,,20
R048856,33,Male,1,Beginner,260,20
R065191,34,Female,0,Advanced,,20
R098658,24,Male,2,Intermediate,258,22
R022247,61,Female,2,Beginner,284,48.5
R037781,58,Male,3,Beginner,274,20
R084478,42,Male,3,Beginner,305,20
R036619,42,Female,2,Beginner,299,20
R029539,34,Non-binary,2,Intermediate,307,20
R064798,41,Female,1,Beginner,256,20
R084432,62,Male,1,Beginner,284,46.1
R034462,59,Male,1,Beginner,261,20
R020977,24,Male,1,Beginner,286,27.1
R019685,45,Male,3,Beginner,304,20
R018173,51,Female,1,Beginner,244,20
R077325,45,Male,2,Beginner,304,42.5
R074108,31,Female,0,Intermediate,,26.4
R051983,46,Female,3,Intermediate,244,20
R025530,30,Male,0,Beginner,,100.4529243
R082423,40,Male,2,Beginner,305,34.3
R028119,61,Female,3,Intermediate,247,24.7
R050660,23,Female,0,Advanced,,20
R066061,60,Male,0,Beginner,,20
R095218,57,Male,1,Beginner,252,20
R030864,39,Male,1,Intermediate,252,20
R018575,32,Male,3,Beginner,278,20
R022396,22,Female,0,Advanced,,34.5
R056281,40,Female,3,Intermediate,273,20
R079384,33,Male,2,Beginner,289,20
R086651,49,Male,1,Beginner,261,30.4
R042808,31,Male,2,Intermediate,214,20
R081030,21,Male,2,Advanced,233,48.6
R066405,40,Male,1,Advanced,230,20
R048991,45,Female,0,Beginner,,20
R064938,26,Male,1,Beginner,326,59.9
R073436,50,Non-binary,1,Beginner,305,30.2
R069493,43,Female,0,Intermediate,,20
R099746,55,Female,1,Intermediate,275,21.1
R073551,20,Male,2,Intermediate,302,38.4
R063937,42,Male,3,Beginner,308,34.4
R043410,65,Male,1,Advanced,200,38.5
R071598,35,Female,2,Beginner,296,20
R021907,34,Male,2,Intermediate,284,22.5
R032953,33,Female,5,Beginner,286,20
R070805,42,Male,1,Intermediate,276,20
R012826,28,Female,2,Beginner,254,20
R065787,37,Female,4,Advanced,241,50.9
R001125,32,Male,2,Beginner,294,20
R012616,33,Male,1,Beginner,275,51.1
R019854,30,Female,4,Beginner,316,20
R072654,39,Female,3,Intermediate,247,20
R054794,29,Non-binary,1,Beginner,289,20
R042355,38,Male,0,Beginner,,27.2
R037699,49,Female,1,Beginner,257,24.7
R049348,23,Female,3,Advanced,261,20
R082256,50,Male,1,Advanced,186,30.9
R047038,37,Female,0,Beginner,,20
R001499,25,Male,3,Beginner,245,31.2
R062074,44,Female,3,Beginner,279,20
R089992,63,Female,1,Beginner,276,20
R076783,44,Male,0,Intermediate,,46.2
R081577,40,Female,2,Beginner,256,20
R035121,45,Female,2,Intermediate,257,46.9
R087020,35,Male,3,Advanced,209,34
R083834,45,Female,4,Intermediate,242,58.2
R073872,65,Male,1,Beginner,261,20
R061513,35,Female,2,Beginner,313,20
R001637,20,Female,1,Beginner,276,20
R063527,28,Male,1,Intermediate,229,20
R018650,53,Non-binary,0,Intermediate,,25.7
R064980,32,Female,2,Intermediate,262,20
R006029,61,Female,4,Intermediate,293,27.4
R018648,49,Female,3,Advanced,184,20
R079250,51,Female,4,Beginner,296,25
R065783,57,Male,2,Beginner,272,20
R028742,50,Female,4,Intermediate,277,20
R078155,48,Male,1,Beginner,317,20
R038026,29,Male,1,Advanced,221,20
R010478,56,Female,0,Beginner,,29.7
R029834,42,Male,4,Beginner,270,43.1
R020585,59,Male,3,Intermediate,281,20
R060386,54,Male,3,Intermediate,229,20
R041867,46,Female,2,Beginner,292,20
R001709,19,Male,2,Beginner,292,20
R092994,44,Male,1,Beginner,293,28
R073420,44,Male,2,Advanced,227,52.9
R082096,50,Non-binary,1,Beginner,279,25.2
R066707,45,Male,2,Intermediate,271,48.5
R092008,34,Male,3,Advanced,209,32.5
R080392,47,Female,1,Intermediate,224,33.9
R025238,27,Female,2,Intermediate,284,37.5
R015141,44,Non-binary,1,Beginner,296,20
R061961,56,Male,4,Intermediate,260,28.3
R022513,56,Female,1,Beginner,259,20
R042735,34,Female,0,Beginner,,20
R010821,19,Female,2,Advanced,257,20.5
R028614,27,Male,4,Beginner,229,27.6
R010970,65,Male,1,Intermediate,269,46.1
R037085,54,Female,4,Beginner,261,28.5
R055014,56,Male,2,Beginner,282,20
R094163,25,Female,1,Beginner,288,20
R038322,58,Female,0,Beginner,,20
R063301,25,Female,1,Intermediate,263,20
R031592,23,Female,1,Intermediate,289,20
R007664,32,Male,1,Intermediate,254,42.7
R022491,18,Male,1,Intermediate,261,24.5
R088264,20,Female,3,Beginner,305,20
R008006,56,Female,2,Beginner,238,20
R015348,53,Female,2,Intermediate,190,48.9
R035958,32,Male,2,Intermediate,210,20
R062158,45,Male,0,Intermediate,,42.9
R028414,53,Male,1,Beginner,276,20
R067242,39,Female,1,Intermediate,259,20.3
R074676,18,Male,0,Beginner,,20
R095952,22,Female,0,Beginner,,20
R081270,65,Female,1,Beginner,279,21.7
R089397,56,Female,2,Beginner,250,20
R081168,21,Female,2,Intermediate,243,20
R049276,52,Male,0,Advanced,,57.6
R029084,63,Male,5,Intermediate,263,33.3
R023646,46,Male,1,Intermediate,240,21.2
R001017,27,Male,1,Beginner,267,20
R048379,47,Male,4,Beginner,233,26.5
R023404,27,Male,3,Beginner,229,44.5
R068558,38,Male,2,Beginner,227,20
R009327,36,Male,1,Beginner,227,20
R061675,26,Female,1,Beginner,258,20
R034428,24,Female,0,Intermediate,,20
R058179,39,Female,1,Advanced,207,20
R036471,47,Female,1,Intermediate,241,20
R087815,41,Female,1,Advanced,215,27.9
R070358,51,Female,5,Advanced,191,24.4
R070611,50,Female,2,Beginner,251,20
R096368,53,Male,1,Advanced,184,30.3
R016848,24,Female,1,Intermediate,289,20
R081049,38,Male,3,Intermediate,243,32.8
R088944,21,Male,2,Intermediate,236,31.5
R022885,48,Male,2,Beginner,254,29.9
R002173,21,Male,0,Beginner,,20
R048389,39,Female,2,Beginner,269,20
R026941,45,Male,2,Beginner,286,20
R064664,56,Male,0,Intermediate,,43
R097597,18,Male,2,Intermediate,256,23.1
R042046,63,Female,4,Intermediate,206,48.7
R027363,56,Female,2,Beginner,272,24.2
R049990,41,Male,4,Advanced,203,43.1
R002205,28,Female,6,Beginner,315,20
R022994,25,Male,1,Intermediate,250,39
R023038,33,Female,3,Beginner,250,20
R024235,19,Male,2,Advanced,194,29.8
R087066,56,Female,1,Beginner,304,20
R067059,55,Male,0,Beginner,,20
R043241,28,Female,2,Intermediate,312,20
R011540,43,Female,0,Intermediate,,20
R040977,42,Male,2,Advanced,259,27.7
R012296,52,Male,0,Beginner,,20
R022326,34,Male,1,Beginner,280,20
R064259,27,Female,0,Beginner,,20
R072699,53,Female,3,Beginner,285,20.9
R065897,62,Male,1,Intermediate,206,20
R066125,22,Male,3,Beginner,282,20
R057089,53,Male,3,Beginner,280,20
R043722,37,Female,5,Beginner,325,20
R006794,26,Male,1,Beginner,288,27.3
R034284,58,Male,2,Intermediate,243,20
R019873,57,Female,0,Intermediate,,35.1
R054708,41,Male,3,Beginner,273,20
R062052,64,Male,3,Beginner,341,20
R069339,46,Female,0,Intermediate,,20
R054142,19,Male,0,Beginner,,20
R055715,34,Male,3,Beginner,260,20
R062396,49,Female,3,Advanced,254,53.1
R050523,52,Male,1,Intermediate,241,20
R091985,37,Male,1,Beginner,276,20
R040288,61,Male,2,Intermediate,309,38
R078525,27,Male,2,Beginner,285,20
R027304,34,Female,4,Advanced,214,23.7
R033068,60,Male,0,Intermediate,,20
R041817,19,Male,0,Beginner,,20
R088290,58,Female,2,Advanced,219,20
R056217,34,Female,1,Intermediate,224,41.1
R025802,55,Male,2,Beginner,258,44.9
R061857,38,Female,3,Intermediate,238,20
R070095,38,Male,2,Beginner,279,29.5
R084638,32,Female,3,Beginner,270,52.2
R099200,26,Female,3,Intermediate,262,25.5
R083987,27,Female,4,Intermediate,231,20
R044633,47,Female,3,Intermediate,286,20
R091050,61,Male,1,Intermediate,212,24.1
R095663,42,Male,4,Intermediate,272,38.3
R022214,65,Male,3,Beginner,296,20
R022545,25,Female,3,Beginner,290,37.6
R070368,18,Male,2,Intermediate,213,61.6
R004552,56,Male,0,Intermediate,,20
R029693,56,Male,2,Beginner,283,20
R032075,59,Male,1,Beginner,259,20
R000902,19,Female,3,Advanced,155,20
R055093,37,Female,6,Beginner,284,20
R017735,32,Male,3,Advanced,157,20
R051190,49,Female,2,Beginner,254,20
R052689,26,Male,3,Beginner,312,23
R019856,55,Female,1,Beginner,282,20.3
R014004,45,Male,4,Advanced,241,20
R094947,50,Female,3,Intermediate,255,20
R003971,41,Female,8,Advanced,284,70.2
R062504,61,Male,3,Beginner,304,20
R079990,40,Male,9,Intermediate,240,20
R023606,20,Female,3,Intermediate,259,20
R039033,46,Male,0,Beginner,,20
R088093,43,Female,4,Intermediate,232,20
R080300,32,Female,1,Beginner,249,21.5
R034977,42,Male,1,Beginner,236,22.2
R075961,64,Male,2,Advanced,210,44.5
R007448,22,Male,3,Beginner,233,20
R063718,27,Male,3,Intermediate,229,25.7
R072726,29,Female,3,Advanced,255,50
R009167,36,Non-binary,3,Beginner,288,20
R071639,64,Female,2,Beginner,320,33.3
R075197,42,Male,3,Advanced,233,26.7
R028864,56,Male,3,Beginner,292,33.3
R071641,33,Male,4,Intermediate,220,26.8
R064998,32,Male,6,Intermediate,222,53.4
R022156,18,Female,2,Beginner,217,20
R066173,34,Male,4,Beginner,276,24.4
R002528,30,Non-binary,1,Beginner,326,20
R063553,25,Male,3,Advanced,227,20
R096470,55,Female,4,Intermediate,217,27.3
R055688,39,Male,2,Intermediate,239,115.276587
R068898,31,Female,2,Beginner,259,34.1
R074742,42,Female,3,Beginner,272,24
R037025,25,Female,1,Beginner,281,41.4
R008345,38,Female,1,Beginner,295,20
R027441,36,Male,2,Beginner,303,23
R060383,24,Male,3,Advanced,245,115.3885765
R002833,65,Female,3,Intermediate,261,20
R067677,21,Female,0,Advanced,,20
R087210,27,Female,1,Intermediate,263,34.7
R078842,48,Male,2,Advanced,213,39
R036363,35,Male,0,Intermediate,,37.6
R023070,44,Male,3,Advanced,243,37.1
R002845,37,Male,1,Beginner,321,20
R018511,58,Male,3,Beginner,276,42.2
R046144,46,Male,3,Intermediate,244,20
R031236,52,Male,1,Beginner,226,23.4
R050107,46,Male,2,Advanced,199,37
R094141,44,Female,1,Intermediate,300,20
R057021,63,Female,1,Advanced,221,20
R052169,43,Female,2,Beginner,277,21.8
R070293,20,Male,2,Beginner,278,20
R092139,47,Female,2,Beginner,311,20.6
R007683,57,Male,1,Beginner,293,20
R054915,49,Female,0,Beginner,,34
R056407,21,Female,3,Intermediate,216,36.9
R003599,63,Female,4,Intermediate,243,31.4
R072937,52,Male,1,Beginner,280,22.2
R026001,30,Female,2,Beginner,290,20
R037706,33,Female,3,Beginner,277,20
R010865,31,Male,2,Intermediate,253,20
R071780,45,Female,0,Advanced,,20
R069930,38,Female,3,Beginner,334,20
R009578,52,Male,2,Beginner,234,43.3
R028963,25,Male,7,Advanced,229,29.9
R026447,62,Female,1,Beginner,244,20
R037619,53,Male,3,Beginner,283,27.6
R042886,32,Female,2,Beginner,270,29
R005666,62,Female,2,Beginner,284,29.2
R000459,33,Female,2,Advanced,246,20
R034140,40,Female,2,Advanced,198,32.6
R018086,50,Female,1,Advanced,202,36.3
R011975,19,Non-binary,3,Beginner,292,20
R023498,48,Male,1,Beginner,258,20
R029541,65,Female,1,Intermediate,289,20
R041542,56,Female,1,Intermediate,275,20.3
R089733,52,Male,1,Advanced,225,59.3
R084084,36,Female,2,Intermediate,262,53
R060856,38,Female,0,Advanced,,30.4
R091718,20,Male,2,Beginner,275,49
R093392,42,Female,3,Beginner,259,20
R007226,18,Female,3,Intermediate,248,26.6
R065477,53,Male,0,Intermediate,,43.8
R053272,40,Female,0,Advanced,,20
R094198,25,Female,2,Beginner,331,28.7
R085496,19,Female,1,Beginner,225,20
R095172,65,Female,2,Beginner,282,38.7
R007525,56,Female,3,Beginner,239,30.8
R018276,46,Female,0,Advanced,,26.8
R014736,43,Female,3,Beginner,291,20.7
R021886,50,Male,3,Advanced,254,21.3
R074890,22,Non-binary,3,Intermediate,270,20
R009859,44,Non-binary,2,Beginner,259,20
R063279,23,Female,2,Beginner,248,25.3
R081425,29,Female,1,Beginner,285,20
R037151,53,Female,0,Beginner,,33.1
R010677,51,Female,3,Beginner,237,20
R068071,49,Male,3,Advanced,242,20
R083446,20,Female,0,Advanced,,28.3
R009384,52,Female,0,Beginner,,20
R050074,49,Male,2,Beginner,312,20
R074273,64,Female,1,Beginner,273,20
R060208,56,Female,2,Advanced,263,69.2
R028089,44,Female,2,Intermediate,236,31.3
R069515,34,Male,2,Beginner,304,114.8962594
R059755,60,Male,4,Beginner,307,20
R080730,43,Male,2,Advanced,239,66.3
R095877,59,Female,6,Intermediate,262,20
R043675,23,Female,0,Intermediate,,20
R020985,22,Female,3,Advanced,234,23.9
R034566,57,Male,2,Beginner,265,20
R031812,30,Female,2,Intermediate,245,20
R019543,25,Male,1,Advanced,241,34.2
R078466,39,Male,5,Beginner,332,20
R075177,47,Male,1,Intermediate,308,20
R076228,64,Non-binary,3,Beginner,306,49
R001229,34,Female,2,Intermediate,221,20
R010468,52,Male,2,Advanced,180,20
R091877,61,Female,2,Intermediate,243,23.6
R073298,40,Male,0,Intermediate,,20
R041415,26,Non-binary,2,Beginner,325,20
R060067,56,Female,0,Advanced,,45
R014603,33,Male,1,Advanced,193,52.1
R008513,36,Female,1,Beginner,249,20
R070864,47,Female,2,Beginner,279,32.1
R011723,52,Male,2,Beginner,309,20
R028229,64,Male,2,Intermediate,280,35.9
R089776,59,Female,4,Beginner,270,20
R066938,53,Female,0,Beginner,,20
R088320,29,Female,3,Intermediate,275,25.9
R034329,44,Male,1,Beginner,288,20
R069068,38,Female,2,Beginner,310,20
R026992,41,Female,1,Intermediate,251,53.6
R053216,43,Female,2,Beginner,298,28.1
R094411,20,Female,1,Beginner,267,29
R016135,46,Female,1,Intermediate,275,20
R062277,21,Female,3,Beginner,304,20
R061139,20,Female,2,Beginner,324,20
R033986,50,Male,4,Intermediate,257,21.2
R060691,21,Female,3,Advanced,234,32
R096881,39,Male,2,Advanced,237,20
R025612,36,Female,1,Beginner,299,20
R052520,59,Male,2,Advanced,249,20
R085925,26,Female,2,Beginner,272,104.7925288
R037285,41,Male,2,Beginner,260,20
R078071,22,Female,2,Advanced,232,20
R025905,47,Male,1,Advanced,220,20
R083832,61,Female,2,Intermediate,235,48.3
R039103,63,Male,1,Intermediate,236,20
R090805,62,Female,1,Advanced,228,20
R017651,49,Male,4,Beginner,269,20
R015452,35,Female,1,Advanced,211,63
R001952,62,Male,3,Intermediate,287,30.8
R022053,46,Male,0,Intermediate,,27.4
R067064,62,Male,1,Beginner,285,20
R078930,42,Female,0,Advanced,,25.1
R076276,19,Male,0,Advanced,,40.7
R094159,58,Female,5,Beginner,261,51.9
R024877,39,Male,1,Intermediate,208,20
R085366,51,Male,1,Intermediate,242,46.8
R055479,38,Female,4,Beginner,317,30.2
R013400,46,Female,2,Beginner,337,20
R053701,40,Male,4,Beginner,318,20
R085337,52,Female,2,Beginner,302,20
R032645,53,Female,0,Beginner,,22.5
R004718,55,Male,1,Intermediate,250,30.8
R074061,39,Male,2,Intermediate,216,20
R011017,25,Female,4,Beginner,288,20
R020103,38,Male,3,Beginner,288,24.3
R046169,58,Male,1,Beginner,279,20
R097668,38,Male,0,Beginner,,20
R045650,19,Female,5,Intermediate,256,20
R017999,26,Male,3,Beginner,279,31.7
R098219,50,Female,4,Beginner,244,20
R056973,19,Female,0,Beginner,,20
R034159,22,Female,3,Advanced,214,22
R075456,33,Female,4,Intermediate,261,34.6
R046430,47,Male,3,Intermediate,233,45.1
R063227,21,Female,1,Intermediate,242,20
R061286,51,Male,4,Beginner,242,20
R027269,46,Male,2,Beginner,282,20
R059658,61,Female,1,Advanced,238,25.3
R000490,27,Male,1,Advanced,238,20
R022689,25,Male,2,Intermediate,290,36.4
R011722,58,Female,1,Intermediate,239,20
R044343,65,Female,0,Beginner,,24.2
R044113,35,Male,2,Intermediate,265,38.2
R090756,54,Male,2,Advanced,216,36.7
R013546,44,Male,2,Beginner,268,20
R057793,38,Non-binary,2,Beginner,282,20
R032255,26,Female,0,Intermediate,,33.6
R063863,29,Male,4,Beginner,250,41.4
R080425,37,Female,4,Intermediate,221,33.2
R055101,37,Male,3,Beginner,293,55.9
R001663,30,Female,2,Advanced,192,31.9
R041964,27,Female,2,Advanced,222,20
R048979,53,Male,3,Beginner,286,20
R009322,33,Male,1,Advanced,190,20
R033223,23,Female,0,Beginner,,20
R032998,65,Female,3,Intermediate,279,45
R005184,57,Male,2,Beginner,259,20
R054649,48,Male,3,Intermediate,240,61.7
R085033,28,Female,0,Intermediate,,20
R076410,33,Male,4,Intermediate,271,20
R085571,26,Female,3,Beginner,254,51.2
R065231,44,Male,0,Beginner,,45
R014415,36,Male,2,Beginner,316,20
R039565,33,Male,1,Intermediate,247,20
R038297,36,Male,2,Intermediate,228,33.3
R080074,47,Male,1,Advanced,213,21.1
R089728,38,Male,4,Intermediate,210,81.4
R069554,64,Non-binary,1,Beginner,240,20
R063839,54,Male,4,Beginner,262,20
R094286,53,Male,4,Advanced,232,20
R088521,26,Male,1,Beginner,263,20
R070174,27,Non-binary,4,Advanced,199,20
R071250,24,Male,4,Intermediate,245,21.4
R079216,34,Female,1,Beginner,304,24.6
R056940,27,Female,3,Intermediate,231,41.3
R071615,51,Female,3,Advanced,228,29
R024263,51,Male,1,Beginner,280,20
R074253,54,Male,7,Beginner,274,20
R076888,47,Male,1,Beginner,303,20
R094873,59,Female,0,Intermediate,,20
R081313,58,Female,1,Intermediate,270,28.8
R036681,37,Male,2,Beginner,288,26.4
R099880,33,Male,1,Beginner,270,20
R015260,22,Male,0,Beginner,,113.1801379
R084664,53,Female,3,Intermediate,235,22
R029613,26,Male,1,Beginner,228,24.6
R054298,39,Male,3,Beginner,287,20
R056744,25,Male,2,Beginner,287,20
R050735,38,Female,5,Intermediate,258,20
R098607,39,Female,5,Advanced,223,22.4
R072207,54,Male,6,Advanced,183,27.8
R090836,38,Female,3,Beginner,305,39.1
R050843,18,Female,4,Advanced,228,49.2
R089085,33,Male,3,Advanced,193,28.2
R045321,40,Male,3,Beginner,255,106.632314
R099934,39,Female,3,Intermediate,291,30.9
R050589,29,Female,6,Advanced,182,66.8
R091207,24,Male,2,Intermediate,218,31.6
R061030,55,Male,2,Beginner,311,20
R083707,28,Male,1,Intermediate,262,40
R000685,37,Male,1,Beginner,291,20
R095245,65,Male,3,Beginner,257,31.6
R032306,64,Female,3,Beginner,292,20
R039039,27,Female,2,Advanced,206,43
R082351,47,Male,1,Beginner,267,22.9
R003152,49,Non-binary,0,Advanced,,20
R031314,38,Female,3,Beginner,270,20
R065753,42,Non-binary,2,Intermediate,240,29.7
R029958,22,Male,1,Advanced,215,20
R056007,34,Male,1,Beginner,344,29.4
R001292,52,Male,2,Beginner,239,26.3
R066172,64,Female,1,Beginner,317,35.3
R039092,31,Male,3,Intermediate,229,20
R014164,24,Male,3,Beginner,249,20
R086922,31,Male,4,Intermediate,245,20
R048105,65,Female,1,Beginner,245,20
R097447,59,Female,1,Intermediate,291,45.5
R022862,33,Female,1,Beginner,280,20
R042853,19,Male,1,Intermediate,263,30.5
R068767,37,Female,2,Advanced,219,23.6
R099450,61,Female,2,Intermediate,206,40.7
R012338,24,Female,2,Advanced,230,20
R009045,57,Female,0,Beginner,,20
R033186,21,Female,0,Beginner,,20
R088640,49,Non-binary,4,Intermediate,214,20
R004119,58,Male,4,Beginner,233,20
R039677,55,Female,3,Beginner,295,20
R074532,63,Male,0,Intermediate,,25.1
R054845,24,Male,3,Advanced,234,52.3
R088072,24,Male,0,Intermediate,,20
R092425,20,Male,6,Advanced,239,109.480659
R080739,22,Female,6,Advanced,238,37.3
R074898,62,Male,4,Intermediate,217,20
R041390,23,Male,2,Intermediate,292,41.8
R091161,42,Male,6,Beginner,322,20
R068142,25,Female,2,Beginner,296,20
R071079,58,Male,4,Beginner,301,20
R042736,55,Female,2,Beginner,291,20
R070923,65,Female,2,Beginner,298,20
R050103,36,Female,3,Intermediate,258,20
R091864,51,Non-binary,1,Intermediate,217,20
R058037,54,Female,4,Intermediate,266,24.4
R038987,44,Male,1,Beginner,310,20
R034936,61,Male,1,Advanced,214,32.5
R056535,43,Female,6,Intermediate,261,20
R024479,53,Male,3,Beginner,248,38
R033474,52,Male,1,Advanced,194,20
R079397,35,Female,2,Beginner,241,26.1
R084448,23,Non-binary,0,Intermediate,,20
R005494,39,Female,4,Advanced,159,20
R042269,44,Male,1,Beginner,324,20
R030736,65,Female,3,Beginner,263,20
R006010,24,Male,4,Intermediate,243,38.7
R051815,53,Non-binary,2,Advanced,246,20
R004822,26,Female,1,Intermediate,274,20
R025221,53,Female,4,Beginner,288,20
R023829,44,Female,1,Beginner,305,25.9
R040135,58,Male,1,Advanced,231,49.4
R018177,19,Female,1,Intermediate,291,32.9
R087947,22,Male,3,Beginner,238,20
R019072,25,Male,2,Intermediate,243,20
R046579,37,Female,1,Beginner,263,31.8
R004105,45,Male,4,Beginner,308,20
R074786,65,Male,3,Beginner,303,20
R002748,38,Male,0,Beginner,,30.9
R094083,62,Female,3,Beginner,292,20
R082075,48,Male,1,Beginner,229,20
R082658,20,Female,0,Beginner,,25.9
R003861,35,Female,0,Intermediate,,21.5
R098328,56,Male,2,Intermediate,256,20
R084440,42,Male,2,Beginner,244,24.1
R045899,37,Male,0,Beginner,,20
R074155,23,Non-binary,1,Beginner,325,20
R049645,47,Male,2,Beginner,300,28.4
R054052,49,Female,4,Beginner,291,20
R090686,60,Male,2,Intermediate,260,20
R002909,62,Female,4,Beginner,307,20
R019350,55,Male,3,Intermediate,241,20
R053045,56,Male,3,Intermediate,263,39.8
R060858,40,Non-binary,0,Beginner,,20
R074189,65,Male,0,Intermediate,,52.7
R086831,42,Male,2,Advanced,214,115.3676309
R049199,33,Female,1,Beginner,300,20
R009087,34,Non-binary,2,Intermediate,238,25.5
R041789,55,Female,1,Beginner,267,42.2
R028079,28,Female,1,Beginner,240,20
R089566,56,Male,1,Intermediate,280,40.9
R094108,63,Male,2,Intermediate,239,20
R090304,46,Female,1,Beginner,286,24.7
R056056,37,Female,4,Beginner,311,20
R011214,50,Male,1,Beginner,266,20
R038956,30,Female,0,Intermediate,,20
R081046,38,Female,2,Advanced,233,29.5
R074252,65,Male,1,Intermediate,251,22.7
R097946,48,Female,3,Beginner,298,20
R030202,53,Non-binary,2,Advanced,260,20
R073412,23,Female,0,Intermediate,,29.7
R032401,23,Male,1,Intermediate,284,23.3
R038377,31,Male,1,Beginner,288,20
R071603,60,Male,2,Beginner,275,57.6
R095963,65,Female,2,Beginner,285,20
R058620,55,Male,1,Intermediate,266,25.6
R037883,24,Male,4,Beginner,301,20
R019561,45,Male,3,Beginner,295,107.1720034
R025868,40,Male,2,Advanced,263,116.4422613
R086162,60,Male,3,Intermediate,253,20
R026771,63,Female,2,Intermediate,234,20
R034382,50,Female,0,Advanced,,20
R043869,27,Male,0,Beginner,,20
R066396,23,Female,1,Beginner,258,22.7
R032872,65,Female,3,Beginner,265,20
R082153,33,Female,1,Intermediate,252,20
R035614,55,Male,4,Beginner,247,20
R087016,27,Female,2,Beginner,294,24
R032223,21,Male,0,Beginner,,20
R068008,61,Male,0,Beginner,,27.9
R031174,53,Male,0,Advanced,,50.9
R091312,46,Female,1,Intermediate,283,26.3
R010147,60,Male,2,Advanced,186,54.1
R092344,20,Male,5,Intermediate,263,60.3
R004838,46,Male,1,Intermediate,223,43.9
R053160,19,Male,1,Beginner,239,20
R055361,50,Male,5,Beginner,268,20
R092221,38,Female,4,Beginner,270,20
R050753,53,Female,1,Advanced,211,30.3
R096410,51,Male,5,Beginner,298,32.4
R026161,63,Female,4,Intermediate,284,29.8
R038404,29,Female,2,Intermediate,202,20
R027725,35,Female,3,Beginner,321,20
R023044,53,Male,3,Advanced,205,20
R014074,19,Female,3,Intermediate,263,53.3
R010465,36,Female,3,Beginner,286,20
R097145,63,Female,3,Advanced,196,107.055844
R009729,55,Female,1,Intermediate,242,21.6
R001804,64,Female,3,Beginner,258,20
R052775,35,Female,2,Beginner,270,20
R021829,34,Female,1,Intermediate,203,20
R030183,28,Male,0,Beginner,,20
R085351,46,Female,4,Beginner,237,20
R007286,47,Male,2,Beginner,249,20
R073403,25,Female,3,Beginner,270,20
R097039,47,Male,0,Intermediate,,35.5
R083699,54,Male,2,Advanced,209,21
R034731,54,Female,0,Beginner,,20
R004289,57,Male,1,Beginner,262,21.5
R007571,48,Female,0,Beginner,,20
R094796,51,Female,5,Advanced,228,28
R001918,20,Male,1,Intermediate,268,32.8
R053759,41,Female,4,Beginner,273,53.4
R013736,29,Non-binary,2,Beginner,284,48.7
R060955,56,Male,3,Beginner,273,20
R070935,47,Male,2,Beginner,283,20
R016724,32,Female,4,Intermediate,240,20
R057539,62,Male,3,Beginner,254,20
R061087,59,Non-binary,0,Advanced,,39.2
R093503,33,Female,0,Beginner,,29.2
R072197,40,Male,5,Intermediate,255,49.4
R073835,43,Male,0,Beginner,,20
R011029,26,Female,4,Intermediate,227,39.5
R090266,28,Male,3,Intermediate,240,27.2
R029749,47,Female,1,Beginner,303,20
R055036,35,Male,2,Advanced,205,20
R059583,38,Female,2,Intermediate,226,20
R044110,33,Female,2,Intermediate,272,30.3
R005152,31,Non-binary,0,Intermediate,,26
R041389,47,Male,1,Advanced,189,25.2
R072563,46,Non-binary,1,Beginner,290,29.9
R065064,20,Female,2,Beginner,284,22.8
R068848,20,Female,1,Intermediate,252,20
R078966,47,Female,2,Intermediate,267,31
R091614,52,Female,2,Intermediate,246,20
R001031,26,Female,1,Beginner,248,37.2
R068311,26,Female,3,Beginner,276,20
R068869,42,Female,1,Beginner,263,20
R007220,49,Male,6,Beginner,284,20.8
R013852,22,Female,1,Beginner,289,20
R076468,48,Male,2,Intermediate,253,22.7
R039098,49,Male,3,Beginner,267,35.3
R022125,54,Female,0,Intermediate,,20
R076790,46,Male,1,Advanced,221,20
R064627,39,Male,1,Beginner,293,109.0739874
R069964,45,Male,4,Beginner,271,30
R008414,42,Male,5,Beginner,290,25
R021489,65,Female,1,Advanced,232,20
R008068,27,Female,2,Beginner,315,22
R011518,31,Male,2,Intermediate,313,34.8
R050703,19,Male,2,Advanced,220,44
R018938,42,Male,1,Intermediate,249,30.1
R077660,26,Female,4,Advanced,255,31
R062217,18,Female,2,Beginner,303,20
R053293,39,Female,1,Beginner,321,40.8
R071501,27,Male,1,Beginner,263,20
R009407,57,Female,3,Beginner,303,20
R047840,34,Male,4,Beginner,323,44
R047829,19,Male,2,Beginner,285,20
R005170,54,Male,3,Intermediate,259,40.5
R097319,59,Male,2,Intermediate,245,46.6
R030340,55,Female,1,Intermediate,261,22.1
R052433,18,Female,6,Beginner,276,36.3
R040895,28,Male,3,Advanced,254,35.9
R039528,21,Male,0,Beginner,,20
R059599,31,Female,1,Advanced,237,20
R036771,19,Female,3,Beginner,268,33.3
R082230,64,Female,2,Beginner,239,27
R024329,45,Female,1,Beginner,302,25.2
R010326,47,Female,3,Intermediate,229,31.3
R011848,48,Female,3,Intermediate,211,20
R002383,58,Female,4,Intermediate,266,29.5
R031060,22,Female,6,Beginner,278,24.8
R069383,57,Female,5,Intermediate,217,63.1
R011105,20,Female,4,Beginner,278,25.3
R008127,52,Female,0,Beginner,,20
R096772,53,Male,2,Intermediate,223,20
R026085,65,Female,4,Beginner,241,20
R038137,36,Male,4,Beginner,287,20
R024940,34,Female,2,Advanced,247,68.2
R099097,37,Male,5,Intermediate,257,22.5
R093984,52,Female,1,Intermediate,234,20
R054272,60,Female,1,Beginner,286,20
R048923,51,Male,1,Advanced,217,37
R089651,42,Female,1,Beginner,312,20
R080185,49,Male,2,Beginner,303,20
R045178,38,Male,0,Beginner,,20
R055460,50,Female,2,Intermediate,245,28
R018661,52,Male,1,Intermediate,233,20
R015995,62,Female,1,Advanced,178,45.6
R016509,43,Female,5,Intermediate,275,25.7
R007250,34,Male,5,Intermediate,243,37.8
R079907,25,Male,1,Beginner,267,36.4
R063795,28,Female,2,Advanced,185,20
R024346,35,Male,3,Beginner,300,20
R033693,41,Female,2,Beginner,309,20
R043445,26,Female,0,Intermediate,,39.6
R008466,33,Female,2,Beginner,286,33.8
R023052,26,Female,1,Beginner,291,20
R000210,45,Female,1,Intermediate,277,33.7
R053150,64,Female,5,Beginner,315,20
R066162,62,Non-binary,1,Beginner,285,30.8
R047119,47,Female,3,Beginner,290,24.2
R041828,33,Female,4,Intermediate,227,20
R007345,25,Male,0,Intermediate,,20
R019240,38,Male,3,Intermediate,251,37.6
R057697,44,Male,5,Intermediate,265,23.7
R040359,65,Male,0,Intermediate,,20
R086190,34,Female,3,Intermediate,288,36.9
R024647,49,Female,2,Intermediate,232,22.5
R027966,53,Female,2,Beginner,285,20
R035370,62,Female,2,Intermediate,262,20
R091929,47,Female,4,Intermediate,244,56.9
R031064,65,Male,1,Intermediate,212,50.6
R079590,46,Female,3,Intermediate,256,57
R031607,34,Female,2,Advanced,188,32.9
R012352,51,Female,0,Beginner,,35.7
R019168,54,Female,1,Intermediate,269,20
R093961,26,Male,2,Intermediate,207,118.2808739
R091321,21,Female,3,Beginner,300,20
R009244,59,Female,3,Intermediate,242,20
R063259,29,Female,1,Intermediate,295,22.1
R028178,47,Female,1,Beginner,290,20
R024398,28,Male,0,Beginner,,50.4
R062274,45,Male,0,Intermediate,,20
R032901,34,Female,0,Advanced,,21.4
R056851,62,Male,4,Beginner,272,20
R073274,31,Female,1,Beginner,271,23.5
R029092,36,Female,1,Beginner,236,41.3
R009611,50,Female,4,Beginner,243,50.8
R083703,54,Female,4,Intermediate,233,22.1
R032687,29,Male,0,Intermediate,,20
R053016,56,Female,2,Beginner,303,20
R094397,30,Male,3,Beginner,274,20
R095346,40,Non-binary,3,Intermediate,196,27.4
R071259,28,Female,4,Intermediate,284,27.2
R058169,36,Male,0,Intermediate,,20
R094295,26,Female,5,Intermediate,216,20
R020380,24,Male,3,Advanced,224,46.8
R065197,59,Female,1,Beginner,251,31.6
R045453,53,Male,3,Beginner,243,29.5
R031920,19,Female,3,Intermediate,212,20
R067274,24,Male,3,Intermediate,289,34.2
R095950,38,Female,1,Beginner,287,20
R077033,38,Female,2,Beginner,261,20
R063231,40,Female,3,Intermediate,292,29.7
R014860,40,Female,4,Intermediate,239,25.2
R050829,23,Female,4,Intermediate,266,20
R007837,31,Male,1,Intermediate,235,48.1
R039922,60,Male,1,Advanced,212,47.7
R028791,27,Female,0,Advanced,,28.8
R027814,23,Male,3,Advanced,243,35.6
R070181,30,Female,4,Advanced,254,20
R042763,58,Female,4,Beginner,296,20
R027351,30,Female,0,Beginner,,21.9
R078988,54,Female,0,Advanced,,20
R013163,33,Female,3,Beginner,296,20
R076327,51,Male,4,Intermediate,232,47.3
R053693,51,Female,1,Intermediate,245,23.1
R089371,61,Male,1,Intermediate,207,20
R056975,58,Male,2,Advanced,262,111.7749306
R052851,57,Male,2,Beginner,256,51.7
R069744,54,Female,3,Advanced,202,20
R078509,25,Female,0,Beginner,,20.2
R053231,63,Female,0,Intermediate,,44.2
R050759,53,Female,2,Intermediate,213,20
R096609,48,Male,2,Intermediate,230,20
R050958,33,Male,2,Beginner,299,20.6
R076479,34,Female,1,Beginner,247,20
R004382,27,Male,1,Beginner,237,24.5
R071048,28,Male,0,Advanced,,35.3
R004127,38,Female,0,Beginner,,20
R033580,50,Female,1,Beginner,285,40.8
R039326,59,Male,2,Beginner,218,20
R047758,55,Female,2,Intermediate,243,20
R092647,18,Male,0,Intermediate,,60.3
R002501,38,Female,3,Beginner,279,20
R033504,28,Female,1,Intermediate,217,24.3
R077803,33,Male,3,Beginner,271,27.7
R007183,50,Male,1,Beginner,267,29.5
R029975,58,Female,4,Beginner,296,32.4
R084737,31,Female,2,Intermediate,278,20
R054055,35,Non-binary,0,Beginner,,33.1
R057429,61,Female,2,Advanced,219,20
R004723,22,Female,3,Beginner,309,49
R000063,19,Male,1,Beginner,245,20
R054806,62,Male,1,Intermediate,272,21.1
R006329,20,Non-binary,2,Beginner,220,20
R004151,65,Male,3,Beginner,318,31.6
R068593,49,Non-binary,4,Beginner,287,20
R034256,57,Female,2,Intermediate,243,20
R024727,37,Male,2,Beginner,271,34.2
R068278,31,Female,0,Beginner,,39.3
R050321,51,Female,0,Advanced,,20
R051936,43,Male,0,Beginner,,20
R039753,53,Male,0,Beginner,,20
R063614,63,Male,4,Intermediate,222,20
R030709,54,Male,2,Advanced,220,21.6
R059669,60,Male,1,Advanced,205,24.8
R056258,54,Female,1,Advanced,246,20
R045469,42,Male,4,Intermediate,249,20
R067783,32,Female,2,Intermediate,227,20
R008399,60,Male,1,Advanced,184,108.9087295
R077670,47,Female,0,Beginner,,20
R033942,43,Female,2,Beginner,323,20
R054349,63,Female,0,Beginner,,20
R075535,32,Female,7,Intermediate,236,20
R000841,28,Female,2,Beginner,267,112.4187512
R097000,60,Female,1,Advanced,263,20
R061553,60,Female,4,Intermediate,274,59.5
R090635,45,Female,3,Intermediate,245,20
R013969,43,Male,3,Advanced,232,42.3
R027784,61,Female,0,Intermediate,,20
R067884,29,Male,0,Intermediate,,20
R072977,31,Female,0,Intermediate,,28.9
R045281,24,Male,1,Advanced,227,20
R000871,29,Male,3,Beginner,296,102.9391938
R039396,64,Male,3,Advanced,182,59.6
R017003,60,Male,1,Beginner,243,23.1
R040072,47,Female,2,Beginner,281,20
R051624,45,Female,3,Intermediate,272,20
R035202,20,Male,1,Intermediate,253,20
R050300,26,Female,0,Beginner,,24.7
R080654,33,Male,3,Intermediate,209,20
R021720,55,Male,0,Beginner,,20
R076524,54,Female,1,Intermediate,248,31.2
R012727,58,Non-binary,5,Intermediate,254,20.7
R011487,35,Male,3,Intermediate,270,20
R007337,34,Female,3,Beginner,266,20
R033814,41,Male,0,Beginner,,20
R048622,23,Male,4,Beginner,254,20
R079238,34,Female,0,Beginner,,35.5
R063344,63,Female,5,Beginner,259,43.4
R049652,54,Male,0,Intermediate,,24.9
R064603,46,Male,4,Advanced,202,31.5
R086197,55,Male,0,Beginner,,22.6
R041566,65,Female,1,Intermediate,253,20
R075363,19,Male,2,Intermediate,262,20
R090157,62,Male,1,Advanced,245,38.9
R002865,38,Female,2,Beginner,268,22.8
R094369,21,Female,1,Beginner,327,20
R060717,40,Female,2,Intermediate,248,20
R008344,60,Male,3,Beginner,294,20
R056536,38,Female,2,Beginner,272,20
R041194,23,Female,4,Beginner,265,20
R032829,31,Male,3,Intermediate,250,30.7
R086471,60,Male,1,Beginner,213,41.1
R079131,55,Male,2,Intermediate,261,24.6
R023913,20,Male,2,Intermediate,236,20
R001720,58,Female,0,Beginner,,43
R072830,56,Female,2,Advanced,160,47.1
R001605,20,Female,0,Intermediate,,41.1
R007046,45,Male,1,Beginner,285,20
R055623,59,Female,3,Beginner,278,41
R006062,39,Male,3,Beginner,283,51.7
R004217,57,Male,6,Beginner,287,20
R047402,55,Female,1,Beginner,240,38.6
R050784,51,Female,2,Intermediate,230,117.0683573
R087069,34,Male,1,Intermediate,271,20
R072811,53,Female,2,Intermediate,278,20
R002694,22,Male,1,Intermediate,259,66.1
R066133,30,Male,2,Intermediate,293,22.5
R089406,29,Male,1,Beginner,300,44.2
R036670,38,Female,2,Intermediate,295,20
R065376,34,Female,3,Intermediate,263,25.5
R004841,30,Female,5,Beginner,311,20
R073234,57,Male,1,Intermediate,256,34.4
R028170,33,Female,4,Beginner,245,20
R043188,38,Female,1,Intermediate,255,20
R015223,55,Female,0,Beginner,,25
R036898,63,Male,3,Beginner,263,20
R081634,41,Male,3,Beginner,269,20
R086633,39,Female,3,Intermediate,254,20
R011276,21,Male,4,Advanced,244,50.8
R013813,39,Female,4,Intermediate,256,26.2
R004457,52,Male,3,Beginner,265,20
R054302,57,Male,2,Beginner,320,20
R019681,64,Male,2,Beginner,282,27.3
R062434,50,Male,4,Beginner,268,20
R032560,56,Non-binary,2,Intermediate,256,35.6
R081184,42,Male,0,Intermediate,,42.8
R091075,54,Female,2,Advanced,235,20
R069765,61,Male,1,Advanced,225,50.7
R099075,23,Female,2,Advanced,197,20
R055027,36,Male,2,Beginner,327,20
R066939,21,Male,1,Intermediate,269,20
R055134,57,Male,1,Beginner,248,25.7
R093498,26,Male,0,Advanced,,48.9
R032395,60,Female,1,Beginner,269,20
R039482,24,Female,2,Beginner,289,20
R003611,52,Female,1,Intermediate,252,73.1
R052845,53,Male,0,Advanced,,23
R041827,46,Female,0,Advanced,,25
R033383,46,Male,4,Intermediate,244,20
R034979,30,Male,1,Beginner,278,20
R069024,55,Female,2,Beginner,335,31.2
R067131,57,Male,2,Beginner,315,20
R098636,57,Male,4,Beginner,260,55.6
R065512,45,Male,1,Intermediate,228,20
R012394,20,Female,0,Beginner,,30.4
R076514,23,Male,1,Beginner,266,32
R036381,44,Female,2,Beginner,313,32.9
R048023,22,Male,0,Beginner,,20
R086523,19,Male,4,Intermediate,293,44.4
R033964,18,Male,2,Beginner,307,20
R017871,44,Female,4,Beginner,254,40.5
R035806,38,Male,3,Intermediate,233,25.7
R002151,65,Male,0,Beginner,,20
R026502,51,Female,2,Beginner,293,20
R002678,52,Male,1,Intermediate,270,23.3
R007840,37,Male,1,Intermediate,280,104.8328489
R067937,63,Male,3,Beginner,322,20
R094984,47,Female,2,Beginner,325,100.3557446
R073843,63,Female,1,Beginner,250,44.5
R079271,28,Female,2,Advanced,202,52.4
R061207,42,Male,2,Intermediate,251,36.7
R086298,39,Female,1,Advanced,191,20
R021295,51,Male,2,Beginner,295,20
R004883,62,Female,3,Intermediate,272,56.8
R035412,46,Female,1,Beginner,317,27.7
R069846,41,Female,1,Advanced,191,20
R083849,39,Female,1,Advanced,184,59.1
R007516,59,Female,7,Beginner,303,20
R051107,47,Male,1,Beginner,300,42.1
R048212,38,Female,3,Beginner,260,64.2
R026445,65,Male,4,Beginner,291,20
R087691,38,Male,4,Beginner,258,33
R032340,57,Male,5,Beginner,269,20
R028176,37,Male,1,Beginner,238,20
R090005,43,Female,0,Beginner,,20
R044518,43,Male,0,Beginner,,20
R079826,51,Male,1,Intermediate,249,20
R028206,38,Female,0,Beginner,,20
R003010,24,Male,4,Advanced,236,32.8
R047103,43,Female,1,Intermediate,300,20
R058877,46,Male,1,Intermediate,251,73.8
R023306,21,Female,1,Advanced,254,30.8
R098506,27,Male,1,Beginner,280,21
R039696,32,Male,2,Advanced,273,37.4
R045974,65,Female,3,Advanced,194,20
R075483,32,Male,2,Intermediate,237,44.5
R043111,37,Female,0,Beginner,,34.1
R009535,63,Female,6,Intermediate,213,47.8
R071621,49,Female,1,Beginner,302,20
R022145,21,Female,2,Beginner,260,20
R036960,52,Female,3,Intermediate,242,24.1
R058972,27,Female,1,Beginner,292,20
R096125,27,Female,2,Advanced,283,42.6
R072628,45,Male,3,Advanced,187,42
R020831,27,Male,2,Beginner,252,20
R057813,46,Male,2,Beginner,279,20
R098567,46,Female,2,Beginner,283,20
R043701,62,Male,2,Beginner,252,20.7
R080642,25,Male,2,Beginner,295,20
R059717,37,Female,4,Beginner,295,20
R099815,38,Male,3,Beginner,267,34
R056706,49,Male,2,Beginner,259,20
R051264,36,Female,1,Beginner,274,55.8
R039369,32,Female,2,Intermediate,241,25.2
R023534,36,Female,2,Beginner,293,27.4
R072944,56,Male,2,Beginner,282,20
R057149,37,Male,2,Intermediate,252,24.7
R054343,50,Non-binary,2,Beginner,270,20
R098107,47,Female,2,Beginner,275,39.2
R047452,52,Male,3,Beginner,282,31.1
R068293,19,Female,2,Beginner,327,20
R047923,30,Female,8,Intermediate,258,40.2
R077356,51,Male,0,Intermediate,,20
R099877,28,Male,3,Advanced,207,20
R008641,21,Female,4,Advanced,211,63.1
R087989,50,Male,3,Intermediate,247,36.4
R090186,23,Female,2,Beginner,293,20
R016521,44,Female,0,Beginner,,20
R004453,23,Male,3,Beginner,278,20
R035970,28,Female,1,Beginner,290,20
R085801,51,Non-binary,2,Beginner,293,100.1694054
R007381,28,Female,0,Intermediate,,21.5
R078497,34,Male,0,Advanced,,28.9
R077306,59,Male,2,Beginner,299,20
R017037,39,Female,3,Intermediate,308,30.2
R051719,22,Female,1,Beginner,271,31.3
R028940,32,Male,1,Beginner,277,27.6
R006741,61,Female,1,Advanced,197,20
R094562,21,Non-binary,4,Beginner,295,32.6
R073956,22,Non-binary,2,Advanced,220,103.9834336
R054719,62,Male,1,Advanced,224,20
R084796,52,Female,1,Advanced,249,64.7
R020622,51,Female,1,Beginner,256,20
R087575,54,Male,4,Beginner,304,49
R098170,50,Female,0,Intermediate,,20
R012017,20,Male,2,Advanced,193,56.5
R049842,19,Male,2,Beginner,281,20
R034558,55,Female,4,Intermediate,240,42.1
R099025,29,Male,1,Beginner,264,25.4
R085557,28,Female,4,Beginner,287,20
R050607,30,Female,2,Beginner,261,20
R088096,22,Non-binary,4,Beginner,299,31.6
R070203,45,Male,1,Beginner,273,20
R043483,45,Male,0,Advanced,,45.9
R042679,30,Male,2,Advanced,180,24.6
R048112,33,Female,2,Beginner,284,20
R033928,30,Male,5,Intermediate,208,23.1
R059661,56,Female,0,Intermediate,,56.2
R009172,49,Male,3,Beginner,318,20
R065073,40,Male,0,Intermediate,,45.5
R056006,18,Female,0,Advanced,,54.4
R090359,22,Female,1,Beginner,299,24.5
R027222,30,Female,1,Beginner,278,20
R069036,47,Male,0,Advanced,,20
R042741,62,Female,1,Beginner,253,25.6
R084834,32,Male,4,Intermediate,244,20
R021663,54,Male,5,Beginner,241,20.9
R023603,53,Male,1,Advanced,241,50.9
R034086,33,Male,3,Intermediate,240,119.3483798
R015272,25,Male,0,Beginner,,44.3
R047681,31,Male,3,Intermediate,269,20
R057225,62,Female,1,Intermediate,255,20
R077297,32,Male,3,Beginner,294,20
R028576,40,Female,5,Advanced,230,25.7
R071107,38,Male,3,Beginner,295,20
R073093,28,Female,2,Beginner,280,21.1
R013263,48,Female,2,Intermediate,217,52.4
R011025,47,Female,0,Beginner,,26.5
R045119,32,Male,0,Beginner,,20.9
R029390,55,Non-binary,2,Advanced,161,20
R013774,52,Male,3,Advanced,219,30.7
R035207,64,Non-binary,2,Intermediate,248,20
R099167,42,Female,3,Intermediate,243,44.8
R099412,24,Female,3,Beginner,281,20
R077587,31,Female,0,Intermediate,,29.8
R085353,53,Female,4,Beginner,250,35.2
R000482,65,Female,4,Advanced,277,117.8432296
R087608,39,Male,2,Beginner,284,24.7
R062149,32,Female,2,Beginner,268,20
R087720,64,Female,4,Beginner,281,20
R039931,64,Female,3,Beginner,266,38
R061168,21,Male,3,Advanced,195,20
R002941,43,Female,1,Intermediate,238,20
R095254,44,Female,1,Intermediate,264,20
R034927,24,Female,0,Intermediate,,20
R050040,37,Female,1,Beginner,241,21
R027169,53,Male,3,Beginner,284,24.8
R066161,61,Male,0,Intermediate,,45.6
R006192,25,Female,3,Beginner,291,20
R034079,27,Male,1,Beginner,264,26.6
R070965,58,Male,2,Beginner,305,20
R076547,58,Non-binary,1,Advanced,178,20
R022772,48,Female,1,Intermediate,228,28.6
R086658,57,Male,2,Intermediate,249,20
R073631,21,Female,2,Advanced,188,38.6
R013053,30,Male,3,Beginner,315,20
R046522,21,Female,0,Advanced,,31.3
R007429,35,Male,2,Intermediate,267,20
R040320,44,Female,2,Beginner,295,20
R020639,27,Female,0,Beginner,,42.5
R015913,19,Female,3,Beginner,271,20
R046366,35,Male,3,Beginner,279,20
R068396,29,Female,0,Intermediate,,20
R089408,22,Male,0,Intermediate,,20
R016994,48,Female,1,Beginner,327,20
R098786,60,Female,1,Intermediate,224,20.5
R064176,40,Female,0,Beginner,,114.137923
R012331,37,Female,1,Beginner,309,31.6
R019467,65,Female,4,Beginner,331,118.9081839
R016325,57,Male,1,Beginner,286,41
R087336,46,Female,0,Beginner,,33.3
R029408,19,Male,2,Beginner,311,20
R094956,25,Female,0,Advanced,,20
R041683,42,Male,1,Beginner,287,20
R056551,43,Female,3,Intermediate,210,21.8
R030073,63,Female,2,Beginner,257,20
R071011,39,Female,0,Beginner,,20
R010467,32,Female,2,Advanced,232,23.2
R083714,56,Male,2,Beginner,259,20
R066190,49,Male,2,Intermediate,261,20.9
R037825,45,Female,2,Intermediate,245,20
R024798,56,Male,1,Advanced,243,56.2
R003791,25,Female,5,Beginner,268,20
R062264,55,Male,1,Beginner,354,31.3
R084708,60,Female,0,Intermediate,,20
R053973,28,Male,3,Beginner,286,20.7
R057876,48,Male,4,Intermediate,227,37
R006593,19,Female,0,Intermediate,,20
R018898,59,Female,1,Beginner,285,33.1
R068911,45,Female,7,Intermediate,294,67.6
R028463,25,Female,5,Intermediate,245,34.6
R079575,19,Female,3,Beginner,336,20
R092952,43,Male,2,Beginner,268,22
R008216,50,Female,0,Advanced,,107.4227684
R006354,55,Male,1,Beginner,294,20
R059145,18,Male,4,Beginner,256,21.1
R072125,37,Female,0,Beginner,,25
R088630,55,Male,3,Intermediate,243,20
R093808,35,Female,2,Advanced,193,24.2
R054519,56,Female,2,Beginner,312,20
R043600,48,Male,2,Beginner,277,20
R058986,27,Female,1,Advanced,180,58.7
R085121,60,Male,3,Beginner,232,20
R023338,25,Male,4,Advanced,218,20
R067227,28,Male,5,Intermediate,286,58.2
R076886,56,Male,3,Beginner,284,24.2
R053781,34,Male,1,Beginner,284,20
R006061,62,Female,5,Beginner,275,20
R052799,23,Female,1,Beginner,310,30.8
R050534,52,Male,0,Beginner,,36.8
R088169,59,Male,1,Advanced,233,46.8
R008443,58,Female,1,Advanced,247,44.8
R099987,64,Female,3,Intermediate,282,44.3
R017055,32,Male,2,Intermediate,281,20
R035742,29,Male,2,Intermediate,220,46.8
R081016,49,Male,2,Advanced,177,20
R044935,25,Male,2,Advanced,233,44
R045684,34,Female,0,Intermediate,,20
R045745,54,Female,0,Beginner,,20
R047967,65,Female,0,Intermediate,,20
R067370,31,Male,3,Beginner,263,20
R042359,55,Male,4,Advanced,240,33.2
R091048,57,Female,2,Advanced,205,28.3
R040427,44,Female,0,Advanced,,32.1
R074899,62,Female,1,Advanced,223,20
R051725,18,Male,0,Intermediate,,28.8
R061764,62,Female,3,Intermediate,237,20
R099455,35,Male,4,Beginner,302,20
R073386,40,Male,2,Advanced,236,22
R022713,25,Male,0,Intermediate,,20
R055659,53,Male,2,Advanced,283,45.5
R019246,44,Female,2,Advanced,257,26.1
R010972,53,Female,1,Beginner,263,49.8
R054754,18,Male,1,Intermediate,297,20
R030898,21,Male,2,Advanced,217,20
R080602,37,Male,3,Beginner,332,39.4
R071239,28,Male,1,Intermediate,301,27.8
R068223,61,Male,0,Intermediate,,20
R035515,45,Female,2,Advanced,212,65.1
R006166,60,Male,3,Beginner,290,20
R030442,40,Male,2,Beginner,310,20
R097865,19,Female,2,Beginner,268,30.2
R020288,31,Male,1,Beginner,347,28.6
R018168,52,Male,2,Intermediate,231,35.9
R033119,42,Male,3,Intermediate,250,20
R050367,38,Male,2,Beginner,293,26.7
R036307,39,Female,2,Intermediate,245,28.3
R031421,35,Female,1,Intermediate,252,41.7
R057102,59,Female,1,Beginner,266,31.2
R027972,48,Non-binary,5,Intermediate,228,20
R049814,57,Female,3,Intermediate,210,29.7
R015523,61,Female,1,Beginner,255,20
R018245,25,Male,4,Beginner,333,24.7
R071346,41,Female,2,Beginner,285,20
R096496,39,Female,1,Intermediate,224,20
R019864,31,Male,2,Intermediate,253,20
R025643,60,Female,2,Advanced,182,63.4
R070776,58,Female,0,Beginner,,20
R020080,30,Female,0,Intermediate,,28.6
R099487,51,Male,2,Intermediate,223,46.8
R078045,63,Female,3,Intermediate,222,24.6
R079717,62,Female,2,Advanced,189,79.3
R001085,64,Female,1,Intermediate,257,20
R068550,46,Male,2,Intermediate,289,20
R028282,37,Female,3,Advanced,244,75.2
R016042,49,Male,0,Advanced,,68.7
R090101,18,Male,2,Intermediate,226,20
R054829,46,Male,3,Intermediate,253,54.2
R001148,23,Male,4,Advanced,175,20.8
R081853,18,Male,3,Beginner,272,34.5
R049223,37,Female,2,Beginner,294,41.1
R027052,54,Female,3,Beginner,262,36
R004803,59,Female,4,Beginner,308,30.1
R056869,44,Female,7,Beginner,311,20
R072219,57,Female,5,Beginner,260,36.6
R094329,47,Female,3,Beginner,251,38
R078819,34,Male,2,Advanced,212,57.9
R088519,59,Male,3,Intermediate,265,26.1
R083568,22,Male,3,Advanced,223,31.1
R025716,54,Male,3,Beginner,276,37.1
R037972,28,Female,3,Intermediate,256,20
R075278,59,Female,2,Intermediate,236,20
R007733,27,Female,1,Beginner,319,39.9
R024782,32,Male,2,Intermediate,248,20
R038507,54,Male,1,Beginner,238,20
R063995,46,Female,2,Beginner,260,27.7
R072136,46,Female,4,Beginner,228,30.5
R021320,23,Male,2,Intermediate,243,20
R062832,44,Male,1,Intermediate,239,36.7
R083144,23,Female,4,Beginner,281,43.8
R064898,20,Female,3,Beginner,246,20
R002915,65,Male,3,Advanced,196,20
R082270,53,Male,4,Beginner,306,21.7
R093790,20,Male,2,Intermediate,241,20
R028204,19,Male,1,Advanced,245,55.3
R077723,50,Female,2,Advanced,228,40.8
R020428,62,Female,4,Advanced,287,100.911413
R007792,64,Female,1,Intermediate,299,20
R068533,40,Female,2,Beginner,268,36.8
R095095,58,Female,4,Beginner,298,20
R095091,26,Male,1,Advanced,224,20
R098731,21,Male,2,Beginner,264,26.1
R021782,27,Female,2,Beginner,245,33.8
R019380,65,Female,1,Beginner,257,58.2
R075170,59,Female,0,Intermediate,,20
R063761,58,Male,1,Intermediate,241,20
R070107,21,Male,4,Beginner,281,20
R016570,36,Female,4,Intermediate,252,36.8
R091767,35,Male,0,Advanced,,20
R049835,58,Female,3,Beginner,245,27.7
R005546,44,Female,0,Intermediate,,20
R052480,23,Male,3,Beginner,273,46.1
R093589,64,Male,2,Advanced,251,52.9
R042993,29,Male,3,Advanced,189,20
R081112,61,Female,1,Intermediate,288,40.4
R085099,29,Female,2,Beginner,315,20.1
R017765,41,Male,3,Advanced,241,60.2
R052690,55,Female,5,Beginner,308,20
R020527,35,Male,1,Advanced,251,39.7
R057530,55,Female,2,Beginner,283,20
R058983,56,Male,1,Beginner,261,32.1
R050468,22,Female,2,Beginner,247,20
R073863,27,Male,2,Beginner,274,20
R074495,61,Female,3,Beginner,334,29.2
R046996,20,Male,2,Beginner,290,20
R063910,65,Non-binary,2,Beginner,301,20
R032210,20,Male,0,Advanced,,41.8
R005895,34,Male,5,Beginner,315,20
R030423,36,Female,3,Intermediate,245,20
R052322,25,Female,4,Beginner,261,38.7
R068092,36,Female,3,Beginner,321,20
R087758,26,Female,3,Beginner,266,20
R077604,48,Female,0,Intermediate,,22.3
R062376,54,Male,1,Advanced,226,20
R067313,59,Female,5,Beginner,259,52.6
R015359,61,Female,1,Advanced,146,52.2
R060703,54,Male,4,Beginner,248,37.9
R082490,34,Female,3,Intermediate,241,20
R020005,59,Female,6,Beginner,231,34.7
R068967,47,Male,3,Intermediate,303,20
R004501,47,Female,1,Beginner,289,43
R014461,61,Male,0,Beginner,,37.3
R043994,43,Non-binary,1,Advanced,178,29.8
R060894,31,Male,5,Beginner,279,20
R065645,43,Female,1,Beginner,307,49.4
R036420,44,Male,2,Intermediate,238,20
R028918,45,Non-binary,2,Beginner,297,32.1
R078634,21,Female,2,Advanced,246,25.6
R041622,46,Female,0,Beginner,,20
R010276,49,Female,5,Beginner,251,20
R040556,36,Female,1,Advanced,211,55.1
R000272,29,Non-binary,1,Advanced,162,22.2
R092349,34,Male,1,Beginner,245,51.4
R072702,47,Female,1,Advanced,204,46.1
R060258,53,Male,4,Beginner,250,22.4
R076964,29,Female,0,Advanced,,48.9
R077704,65,Female,1,Beginner,317,20
R020540,54,Male,2,Intermediate,247,20
R026022,51,Male,0,Beginner,,20
R092217,61,Female,4,Beginner,283,20
R036212,23,Male,3,Beginner,295,40
R068059,61,Female,0,Beginner,,29.9
R059264,38,Male,2,Beginner,290,20
R062187,53,Female,3,Beginner,203,20.9
R034777,46,Female,2,Intermediate,216,20
R033682,55,Female,2,Advanced,190,38.1
R015766,38,Male,1,Beginner,294,20
R097863,18,Male,1,Intermediate,220,24.2
R020047,50,Female,5,Intermediate,208,20
R040389,19,Male,3,Beginner,242,20
R042833,54,Male,4,Beginner,251,20
R038508,20,Male,4,Intermediate,253,20
R020909,51,Female,1,Beginner,290,20
R035918,20,Female,2,Beginner,277,20
R043961,49,Male,2,Beginner,335,24
R035013,60,Female,0,Beginner,,20
R001793,31,Male,3,Beginner,320,111.4653656
R059744,40,Male,1,Beginner,287,28.7
R089659,26,Female,1,Advanced,232,71.8
R015905,29,Male,0,Beginner,,26.8
R055640,41,Female,3,Intermediate,253,20
R085449,47,Male,1,Beginner,283,20
R023296,50,Female,0,Intermediate,,20
R052412,46,Female,1,Beginner,298,20
R058882,24,Non-binary,6,Advanced,225,102.8001227
R091335,39,Male,1,Beginner,275,21
R060964,57,Female,2,Intermediate,226,20
R053093,45,Male,1,Intermediate,256,37.9
R002072,54,Male,0,Beginner,,20
R004450,22,Male,2,Intermediate,260,40.9
R030048,25,Male,1,Beginner,325,23.2
R033334,58,Male,2,Beginner,281,20
R080954,62,Male,3,Beginner,292,20
R076128,25,Male,1,Intermediate,270,20.3
R094674,55,Male,1,Beginner,233,109.053944
R053895,59,Non-binary,1,Beginner,266,20
R025810,59,Male,2,Beginner,235,20
R090677,61,Male,0,Intermediate,,20
R000064,23,Male,1,Intermediate,260,20
R047716,26,Female,2,Beginner,304,20
R051870,62,Male,2,Beginner,230,23.3
R033869,42,Female,3,Advanced,256,20
R023759,51,Female,1,Advanced,176,59.1
R053450,54,Male,0,Intermediate,,20
R064848,60,Male,1,Beginner,295,20
R081806,45,Male,0,Beginner,,20
R075835,28,Male,1,Intermediate,249,35.8
R090774,60,Male,3,Intermediate,204,34.1
R095751,65,Male,3,Beginner,302,20
R067383,27,Male,1,Beginner,255,20.5
R029912,44,Female,2,Beginner,274,20
R022012,18,Male,2,Intermediate,244,20
R058046,57,Male,2,Intermediate,249,20
R066115,25,Female,0,Intermediate,,20
R060321,54,Male,2,Beginner,259,20
R095771,23,Female,1,Intermediate,264,20
R034348,42,Male,3,Intermediate,302,20
R008921,55,Female,2,Beginner,281,21.1
R065570,53,Male,2,Intermediate,251,20.6
R042444,30,Female,0,Beginner,,40.9
R045010,56,Female,0,Intermediate,,20
R085955,55,Male,5,Beginner,292,20
R075885,46,Male,3,Intermediate,292,57.3
R006924,40,Female,1,Beginner,331,24.3
R068963,52,Female,2,Intermediate,201,20
R053322,21,Female,1,Intermediate,228,20
R034040,49,Male,2,Beginner,250,20
R002328,50,Non-binary,4,Beginner,316,20
R083276,24,Male,1,Intermediate,233,20
R007374,50,Female,2,Beginner,256,20
R033126,23,Female,1,Beginner,260,21.6
R079208,57,Male,2,Intermediate,243,20
R029593,51,Male,0,Beginner,,20
R080597,48,Male,2,Advanced,220,35.5
R004401,49,Female,0,Intermediate,,51.6
R013206,58,Female,3,Beginner,297,30.9
R029059,24,Female,3,Beginner,288,20
R081209,31,Female,1,Beginner,299,20.3
R053571,28,Male,5,Intermediate,307,20
R094067,44,Male,2,Beginner,323,20.9
R075903,59,Female,2,Intermediate,198,20
R094744,28,Male,2,Advanced,205,35.3
R031371,24,Female,4,Advanced,208,45.4
R013572,38,Female,1,Intermediate,258,20
R003888,26,Male,1,Intermediate,296,20
R061806,31,Male,2,Intermediate,253,32
R055260,19,Male,1,Advanced,257,32.3
R066605,40,Male,2,Intermediate,306,20
R037985,65,Female,1,Beginner,270,20
R060392,42,Male,3,Beginner,234,20
R004320,53,Female,3,Beginner,290,119.8720466
R060892,64,Male,5,Beginner,326,21.7
R085310,21,Male,3,Intermediate,271,47.7
R097737,33,Male,0,Advanced,,30.5
R018001,60,Male,0,Intermediate,,20
R044274,47,Female,5,Intermediate,270,20.2
R020683,47,Male,5,Intermediate,262,20
R036039,45,Female,0,Beginner,,22.8
R027211,47,Female,3,Advanced,252,53.5
R075700,49,Male,3,Advanced,224,79.7
R023954,23,Female,2,Beginner,207,20
R027749,46,Female,2,Beginner,275,20
R078764,40,Male,4,Advanced,249,20
R041235,56,Male,1,Advanced,212,20.1
R083576,53,Male,0,Beginner,,20
R077084,35,Female,1,Beginner,275,32.1
R051295,53,Female,2,Intermediate,289,37.3
R081136,28,Male,2,Beginner,304,20
R001464,36,Male,2,Advanced,224,20
R044144,43,Male,2,Beginner,283,28.6
R000406,32,Male,1,Advanced,238,20
R081744,56,Male,3,Intermediate,226,35.2
R022867,31,Female,2,Beginner,310,20
R089270,44,Female,1,Intermediate,281,20
R052719,41,Female,0,Advanced,,28.9
R055854,47,Female,1,Intermediate,254,20
R081399,51,Male,2,Advanced,238,20
R014735,39,Female,1,Intermediate,278,20
R004884,32,Male,2,Intermediate,231,20
R017136,32,Male,4,Intermediate,229,20
R040221,63,Male,6,Beginner,314,20
R017168,23,Female,0,Beginner,,21.4
R036937,24,Female,1,Beginner,272,20
R097983,45,Non-binary,1,Beginner,327,21.6
R065323,39,Female,2,Beginner,247,20
R071824,18,Non-binary,1,Advanced,251,20
R065586,29,Non-binary,1,Intermediate,228,20
R000474,64,Female,1,Advanced,194,20
R040916,24,Female,0,Beginner,,20.4
R049991,38,Female,1,Intermediate,266,38.5
R000692,18,Female,3,Beginner,238,30.2
R083564,37,Male,3,Beginner,280,20
R093194,39,Female,1,Advanced,222,48
R041410,60,Male,2,Intermediate,227,20
R026881,59,Male,0,Advanced,,20
R098896,57,Female,0,Beginner,,20
R090462,27,Female,2,Beginner,285,20
R046001,57,Male,2,Intermediate,249,49.8
R059938,51,Female,2,Beginner,286,20
R044716,35,Female,4,Beginner,257,20
R094336,21,Female,5,Beginner,273,20
R051769,18,Male,0,Advanced,,20
R024905,28,Female,1,Intermediate,228,20
R034228,20,Female,0,Intermediate,,20
R004544,33,Male,2,Beginner,311,20
R001752,34,Non-binary,1,Beginner,278,46.7
R029451,45,Male,0,Intermediate,,20.6
R005739,49,Female,3,Beginner,276,20
R063960,57,Female,2,Intermediate,241,20
R040993,18,Female,1,Intermediate,264,20
R008671,20,Female,3,Beginner,251,20
R085429,50,Female,2,Beginner,262,20
R045830,31,Female,3,Intermediate,250,39.9
R091248,49,Male,5,Beginner,256,20
R051052,59,Female,4,Beginner,270,20
R079247,28,Female,0,Intermediate,,20
R024919,53,Female,3,Advanced,234,22.4
R014832,31,Female,1,Intermediate,255,20
R026728,51,Male,2,Advanced,237,61.9
R005621,61,Male,4,Intermediate,314,20
R009499,54,Female,0,Beginner,,20
R086674,24,Male,2,Beginner,213,30.9
R095471,43,Female,0,Intermediate,,20
R073199,42,Male,2,Beginner,260,25.2
R099644,44,Male,3,Advanced,206,20
R069828,23,Female,3,Beginner,273,20
R011376,33,Female,2,Intermediate,193,22.6
R039982,49,Female,2,Beginner,300,24.4
R056242,53,Female,6,Intermediate,249,49.3
R010007,37,Male,3,Beginner,280,43.1
R065777,43,Female,2,Beginner,218,20
R030457,47,Non-binary,0,Advanced,,22.1
R039727,51,Male,1,Beginner,292,33.2
R036494,64,Female,0,Intermediate,,20
R091493,63,Male,1,Beginner,263,20
R029762,25,Female,1,Beginner,296,31.6
R005887,25,Female,2,Advanced,236,30.6
R064446,44,Male,2,Beginner,228,20
R041638,51,Male,2,Beginner,298,20
R002841,34,Female,0,Beginner,,20
R042419,45,Female,3,Advanced,196,31.6
R064558,52,Female,2,Beginner,312,20
R020112,45,Female,3,Intermediate,318,43.1
R096742,48,Male,3,Beginner,258,20
R082887,28,Male,3,Beginner,256,27
R051849,51,Non-binary,1,Beginner,338,47.1
R066975,50,Female,3,Beginner,253,23.3
R063402,28,Male,0,Beginner,,29.6
R002738,57,Male,2,Intermediate,236,112.4058554
R067798,40,Male,1,Beginner,260,20
R084804,57,Male,1,Beginner,277,38.9
R073012,57,Female,2,Beginner,322,20
R041229,54,Female,0,Beginner,,20
R003795,62,Non-binary,1,Beginner,325,20
R073649,37,Female,5,Beginner,274,38.1
R016571,19,Female,5,Beginner,281,20
R038804,51,Male,2,Beginner,301,29.3
R004981,28,Male,3,Intermediate,194,20
R054397,50,Male,7,Beginner,227,20
R076253,36,Female,0,Beginner,,20
R056996,43,Male,1,Beginner,280,38.8
R049099,46,Non-binary,3,Advanced,220,45.9
R012452,51,Male,1,Beginner,238,20
R060716,31,Male,1,Intermediate,267,20
R073785,27,Female,4,Beginner,297,37.4
R016568,21,Female,0,Intermediate,,38.3
R062263,48,Female,1,Beginner,268,31.3
R008730,49,Male,5,Intermediate,271,49.5
R035943,54,Female,2,Intermediate,200,20
R059414,33,Male,1,Intermediate,218,30.2
R075811,37,Male,2,Beginner,314,20
R071773,55,Male,5,Beginner,277,20
R041032,33,Female,2,Intermediate,262,25.8
R086618,53,Female,1,Advanced,214,20.4
R093039,59,Male,1,Beginner,257,20
R055691,58,Male,1,Beginner,237,26.2
R037841,37,Female,1,Beginner,277,23.7
R005863,59,Female,1,Beginner,332,20
R007892,44,Male,3,Intermediate,203,20
R044548,26,Female,0,Advanced,,42.3
R090453,31,Male,1,Intermediate,218,20
R088731,64,Male,1,Intermediate,224,20
R040121,54,Male,5,Intermediate,250,20
R035196,57,Female,1,Intermediate,248,20
R042633,65,Female,3,Advanced,233,56.6
R064372,57,Female,2,Intermediate,256,20
R035684,56,Male,1,Beginner,296,20
R060773,25,Male,3,Intermediate,235,41.3
R082849,46,Female,1,Intermediate,280,40.8
R079018,64,Male,3,Intermediate,279,20
R003238,18,Female,2,Intermediate,246,20
R000018,19,Male,2,Beginner,265,20
R046937,65,Male,1,Advanced,221,64.6
R060900,58,Male,0,Beginner,,40.6
R017115,42,Male,3,Intermediate,233,20
R092980,21,Male,2,Beginner,269,20
R081027,35,Male,2,Advanced,177,47.7
R011925,20,Female,2,Beginner,282,23.1
R050871,49,Male,1,Intermediate,219,30.3
R008424,23,Male,0,Intermediate,,23
R083736,36,Male,4,Intermediate,264,20
R057664,28,Male,3,Advanced,202,20
R027614,34,Male,0,Beginner,,20
R000123,41,Female,2,Beginner,235,38.9
R009889,53,Non-binary,3,Intermediate,237,43.3
R007802,64,Female,1,Intermediate,292,48.6
R002470,40,Non-binary,2,Intermediate,277,51.9
R055677,31,Female,3,Beginner,306,20
R046173,20,Male,1,Beginner,309,110.3147933
R045086,29,Female,2,Advanced,256,24.3
R089874,31,Female,2,Intermediate,215,20
R077212,33,Male,2,Beginner,302,20
R089069,61,Female,4,Intermediate,263,24.6
R030507,20,Male,2,Intermediate,224,20
R044064,63,Male,0,Intermediate,,54.3
R092378,53,Female,0,Beginner,,30.1
R079655,50,Non-binary,2,Beginner,254,70.9
R032122,58,Female,2,Beginner,287,20
R040809,57,Male,3,Beginner,266,21.8
R008614,50,Female,1,Beginner,286,20
R057186,48,Non-binary,3,Intermediate,236,20
R010797,62,Female,1,Intermediate,264,22.3
R051484,47,Male,2,Beginner,240,27.7
R068441,52,Male,0,Beginner,,23.8
R009800,53,Male,0,Advanced,,73.6
R022605,40,Female,4,Beginner,329,20
R053248,24,Female,5,Intermediate,172,47.8
R048353,62,Female,2,Intermediate,241,44.8
R038117,37,Male,3,Beginner,298,20
R028195,47,Female,1,Advanced,218,20
R031660,37,Male,1,Advanced,208,20
R055129,61,Male,5,Beginner,291,49
R024978,34,Female,1,Advanced,199,20
R092146,58,Male,0,Intermediate,,20
R087808,57,Female,3,Beginner,237,20
R002517,48,Male,2,Beginner,262,20
R036273,60,Male,2,Beginner,292,20
R062612,28,Male,0,Advanced,,57.2
R042037,19,Male,1,Beginner,298,20
R019175,27,Female,1,Beginner,240,20
R042264,54,Male,0,Beginner,,20
R099231,21,Male,3,Beginner,280,33.4
R072537,62,Female,3,Beginner,334,20
R023652,42,Male,2,Beginner,263,21.6
R029351,22,Female,2,Beginner,268,20
R008931,18,Male,1,Beginner,290,39
R068966,39,Non-binary,1,Intermediate,246,20
R094403,62,Male,4,Beginner,334,20
R052736,55,Male,1,Advanced,236,72.5
R069688,35,Female,2,Intermediate,244,20
R084386,33,Male,2,Beginner,285,20
R015309,36,Female,0,Beginner,,40.7
R048518,47,Female,1,Intermediate,224,20
R082827,65,Female,1,Advanced,219,79.5
R031175,25,Male,2,Advanced,206,20
R059884,56,Female,0,Intermediate,,51.8
R005833,42,Male,0,Beginner,,20
R001849,37,Male,2,Intermediate,279,21.2
R048085,49,Male,4,Advanced,210,20
R021507,28,Male,2,Beginner,285,20
R022411,43,Male,5,Intermediate,254,42.8
R055065,61,Male,2,Intermediate,248,43.3
R099283,64,Female,4,Beginner,327,25.4
R024717,20,Male,1,Beginner,299,20
R049231,28,Male,2,Advanced,213,20
R028966,51,Female,3,Beginner,260,21.9
R095453,61,Male,2,Beginner,300,20
R057521,19,Male,6,Beginner,319,39.9
R094120,19,Male,4,Intermediate,300,20
R010273,65,Female,0,Intermediate,,29.3
R066377,43,Male,0,Advanced,,59.1
R095385,27,Female,0,Intermediate,,20
R085916,33,Female,4,Beginner,293,20
R079344,33,Male,4,Advanced,207,22.1
R095911,38,Male,4,Beginner,290,20
R051346,42,Male,1,Intermediate,253,20
R077702,48,Male,1,Intermediate,285,20
R046972,46,Male,3,Intermediate,245,20
R022769,21,Male,2,Beginner,264,20
R078818,20,Female,3,Intermediate,235,24.5
R052250,55,Female,2,Beginner,296,21.2
R063959,27,Non-binary,1,Beginner,332,33.1
R013476,44,Male,2,Intermediate,223,20
R006479,49,Male,2,Intermediate,226,20
R008881,56,Female,0,Intermediate,,32.9
R035402,25,Male,4,Beginner,228,21.9
R047393,59,Female,0,Beginner,,20
R099879,29,Female,3,Intermediate,300,38.3
R086063,41,Female,3,Beginner,271,20.8
R045357,58,Male,1,Beginner,266,43.3
R066620,56,Non-binary,1,Beginner,230,20
R042724,24,Female,2,Intermediate,270,20
R094353,40,Non-binary,2,Intermediate,265,21.8
R031992,35,Female,3,Advanced,275,25
R078108,50,Female,0,Intermediate,,20.9
R085109,59,Male,5,Beginner,307,103.2316981
R063659,28,Female,2,Advanced,206,22.8
R033491,36,Male,0,Advanced,,22.8
R055633,54,Male,3,Advanced,208,20
R035494,42,Male,4,Beginner,279,20
R019829,21,Male,0,Beginner,,20
R054941,52,Male,1,Intermediate,247,20
R042410,27,Female,4,Beginner,244,21.4
R059568,40,Non-binary,2,Beginner,252,20
R024174,27,Male,5,Beginner,258,20
R099453,28,Male,1,Beginner,268,30.3
R086411,22,Male,2,Intermediate,259,20
R077913,32,Female,2,Beginner,288,39.9
R052056,52,Male,6,Advanced,232,49.7
R087902,31,Non-binary,0,Beginner,,20
R078832,32,Female,1,Beginner,288,41.2
R002787,48,Male,5,Intermediate,243,20
R058048,22,Male,0,Intermediate,,33.1
R080385,55,Female,3,Intermediate,219,57.1
R071160,23,Female,3,Beginner,310,20
R056374,36,Male,2,Intermediate,249,20
R014851,65,Female,1,Advanced,227,55.6
R021186,43,Non-binary,2,Advanced,218,42.5
R075497,37,Female,1,Advanced,158,20
R037263,32,Male,4,Beginner,273,20
R017484,43,Male,0,Advanced,,52.6
R077892,43,Male,2,Beginner,313,20
R055953,21,Female,1,Advanced,256,20
R046008,47,Male,5,Beginner,272,20
R025678,38,Male,1,Intermediate,238,20
R048046,55,Female,2,Beginner,269,20
R041980,49,Male,3,Beginner,281,20
R071435,53,Female,1,Beginner,252,111.1970185
R080393,44,Female,2,Beginner,241,31
R001490,43,Female,3,Intermediate,263,20
R099043,53,Female,0,Advanced,,77.1
R068686,65,Male,0,Intermediate,,20
R032203,57,Male,1,Advanced,207,20
R083908,29,Male,5,Beginner,301,20
R019630,40,Male,3,Beginner,245,45
R032781,35,Male,1,Intermediate,247,39.2
R061417,43,Female,1,Beginner,298,20
R039029,27,Male,0,Intermediate,,39.7
R038394,65,Male,1,Beginner,238,20
R039275,28,Male,1,Beginner,315,20
R094710,57,Male,1,Beginner,288,20
R090746,56,Male,4,Intermediate,253,101.6917096
R068307,58,Female,1,Beginner,330,20
R088245,37,Female,3,Advanced,214,55.8
R076908,24,Female,0,Beginner,,108.6426287
R090863,57,Female,1,Beginner,263,31.9
R045061,59,Female,3,Beginner,324,28.4
R028630,55,Male,3,Beginner,270,20
R009803,63,Female,2,Advanced,231,20
R050222,25,Female,1,Beginner,277,24.5
R034266,34,Male,2,Beginner,263,29.2
R093019,35,Female,0,Beginner,,23
R038544,55,Male,2,Intermediate,234,20
R049201,60,Male,3,Advanced,246,22.7
R042629,36,Female,2,Intermediate,257,20
R062583,37,Non-binary,0,Beginner,,31.6
R013485,36,Female,4,Advanced,226,42.6
R069503,54,Female,3,Beginner,254,20
R036331,20,Female,0,Beginner,,63.9
R013507,20,Male,4,Intermediate,219,20
R004791,19,Male,3,Intermediate,241,20
R010463,22,Female,2,Intermediate,270,20
R008190,58,Female,2,Advanced,220,20
R052349,22,Male,3,Beginner,269,26.7
R021230,47,Male,2,Beginner,277,29.2
R073993,21,Female,0,Advanced,,24.6
R022414,43,Male,2,Beginner,305,39.6
R048055,55,Non-binary,3,Beginner,247,53
R064816,36,Male,1,Beginner,282,43.1
R070781,37,Female,6,Beginner,281,33.1
R000200,41,Female,2,Beginner,288,20
R083784,52,Male,2,Beginner,288,50
R080461,26,Male,2,Beginner,314,20
R040165,46,Male,1,Beginner,255,20
R056276,64,Male,3,Beginner,253,20
R021931,54,Female,2,Beginner,305,119.5675854
R046648,41,Male,2,Beginner,238,41.4
R000498,18,Male,0,Intermediate,,20
R019652,18,Female,1,Beginner,276,41.9
R013481,65,Female,3,Intermediate,312,22.9
R050369,40,Female,2,Intermediate,237,109.1071361
R088311,24,Male,1,Intermediate,298,20
R045979,61,Male,1,Beginner,283,32.7
R033329,49,Female,0,Beginner,,20
R018127,53,Female,2,Intermediate,234,25.2
R021911,39,Female,1,Advanced,190,20
R001453,51,Male,7,Beginner,294,20
R051741,42,Female,2,Beginner,252,20
R024918,53,Female,0,Beginner,,20
R071240,33,Male,2,Beginner,298,20
R062298,26,Male,2,Beginner,301,20
R091494,26,Male,1,Beginner,285,20
R010360,43,Male,1,Advanced,173,33.9
R092191,53,Male,1,Intermediate,217,20
R098887,57,Female,1,Beginner,290,20
R086751,43,Non-binary,2,Beginner,272,20
R095059,37,Female,2,Intermediate,278,20
R062812,41,Female,1,Advanced,232,24.9
R005542,20,Female,2,Beginner,280,50
R015352,50,Female,2,Intermediate,270,20
R055089,20,Male,5,Beginner,290,20
R018050,60,Female,1,Beginner,261,21.3
R092475,19,Female,0,Advanced,,20
R010534,25,Female,1,Beginner,270,20
R093310,31,Male,2,Beginner,260,101.7153329
R077400,58,Male,3,Advanced,222,20
R065378,47,Female,1,Advanced,232,56.7
R071445,59,Male,1,Beginner,305,31.8
R023207,26,Male,1,Intermediate,282,20
R094315,24,Female,3,Advanced,243,20
R016928,48,Non-binary,2,Intermediate,247,35.5
R057468,53,Male,2,Beginner,289,20
R041748,38,Female,3,Beginner,316,20
R037775,62,Female,4,Intermediate,242,30
R092060,61,Female,4,Advanced,244,55.9
R038511,26,Female,2,Beginner,292,20
R085894,23,Male,2,Advanced,222,44
R053071,21,Female,3,Beginner,250,20
R060910,49,Female,2,Beginner,259,20
R083747,40,Male,2,Beginner,217,20
R003777,52,Male,2,Advanced,225,48.5
R053782,35,Male,4,Beginner,318,21.2
R004411,46,Male,1,Intermediate,246,20
R079121,26,Female,0,Intermediate,,34.1
R097533,47,Male,3,Beginner,238,20
R046162,30,Male,0,Beginner,,20
R014631,54,Female,0,Beginner,,20
R050045,46,Female,1,Beginner,284,20
R044482,23,Male,1,Advanced,232,48.6
R066636,38,Female,3,Beginner,275,20
R029296,61,Male,1,Intermediate,238,60.2
R019011,20,Female,1,Intermediate,234,25.1
R071218,55,Female,2,Beginner,239,58.3
R097017,52,Female,0,Beginner,,31.8
R033512,22,Non-binary,1,Intermediate,290,34.5
R018169,60,Female,2,Intermediate,295,24
R020373,38,Female,2,Beginner,288,20
R020810,36,Male,1,Beginner,246,20
R006347,34,Female,1,Intermediate,225,20
R033352,30,Male,0,Beginner,,20
R023416,36,Male,2,Beginner,289,20
R020821,21,Male,1,Beginner,274,20
R078694,34,Male,0,Beginner,,20
R025469,24,Male,2,Intermediate,261,20
R072696,38,Male,4,Intermediate,263,20
R060583,44,Male,2,Advanced,228,35.5
R031043,55,Female,2,Beginner,279,34.7
R094175,23,Female,2,Beginner,290,20
R084579,21,Female,4,Intermediate,244,20
R093823,45,Female,1,Intermediate,250,20
R088022,41,Female,1,Beginner,271,36.5
R025025,53,Female,1,Beginner,292,35.9
R085259,25,Male,2,Beginner,320,20
R005240,61,Male,3,Beginner,259,58.3
R019819,32,Male,0,Beginner,,31.3
R081570,56,Female,1,Intermediate,263,24.2
R007095,25,Male,0,Beginner,,20
R098702,60,Female,1,Advanced,206,20
R095015,42,Female,3,Beginner,314,50
R034694,48,Female,1,Beginner,254,20
R009355,19,Female,3,Beginner,228,22.1
R046911,50,Male,2,Beginner,263,20
R044607,61,Non-binary,2,Beginner,256,105.2459896
R048686,63,Male,2,Intermediate,239,20
R066851,60,Male,6,Intermediate,250,101.2557665
R053927,38,Male,4,Intermediate,202,37.4
R038695,57,Female,0,Beginner,,20
R087940,42,Female,1,Advanced,200,20
R077981,53,Female,2,Intermediate,217,45.9
R024186,27,Female,1,Intermediate,264,20
R001109,44,Male,1,Beginner,251,20
R077338,64,Female,0,Beginner,,20
R052996,30,Female,2,Beginner,273,20
R033784,46,Male,2,Intermediate,221,20.6
R033308,30,Female,4,Beginner,288,25.8
R012627,64,Male,0,Intermediate,,63.3
R004462,27,Female,1,Beginner,326,20.8
R035646,55,Male,1,Beginner,290,20
R041262,39,Male,1,Beginner,304,20
R038594,52,Female,0,Advanced,,34.6
R017898,46,Female,1,Intermediate,262,20
R061333,50,Male,2,Intermediate,286,24.6
R079437,52,Female,1,Intermediate,247,36.2
R067853,45,Female,2,Beginner,272,20
R038616,55,Male,2,Intermediate,252,20
R093236,58,Male,2,Beginner,271,25.9
R099939,38,Male,3,Beginner,272,31.7
R076738,50,Non-binary,2,Intermediate,243,34.3
R059261,58,Non-binary,1,Advanced,224,21.1
R022193,26,Female,1,Beginner,297,20
R015628,56,Female,1,Beginner,289,20
R042545,39,Male,2,Beginner,256,20
R013657,57,Female,3,Beginner,257,20
R045270,63,Non-binary,2,Beginner,279,25.7
R078575,33,Male,2,Advanced,276,51.6
R012780,22,Male,0,Beginner,,20
R082000,26,Female,1,Beginner,302,20.9
R031172,32,Female,5,Advanced,220,20
R046135,48,Female,2,Beginner,278,118.4223924
R089907,34,Male,1,Beginner,284,20
R028281,62,Male,3,Beginner,277,110.1646047
R096561,55,Male,1,Beginner,276,24.7
R071253,60,Male,3,Beginner,321,20
R071141,22,Male,3,Beginner,250,20
R003464,47,Male,2,Beginner,285,27.5
R047735,25,Non-binary,5,Beginner,244,20
R097800,38,Male,0,Beginner,,20
R057328,31,Male,3,Beginner,235,20
R072717,29,Male,2,Intermediate,211,23.7
R043630,61,Male,3,Beginner,290,20
R002118,18,Male,2,Beginner,339,32.1
R059295,22,Female,3,Beginner,302,20
R063288,28,Female,2,Advanced,237,49.4
R036164,55,Female,3,Beginner,300,20
R054551,21,Male,4,Advanced,246,26.2
R023507,58,Male,1,Advanced,233,29.5
R099478,19,Female,2,Beginner,298,22.4
R053419,26,Female,4,Intermediate,285,20
R056701,62,Female,1,Beginner,309,49.8
R096914,62,Female,3,Intermediate,280,33.6
R074186,48,Male,1,Beginner,292,20
R084142,19,Male,4,Beginner,295,20
R061031,44,Female,1,Intermediate,262,20
R058112,35,Female,0,Advanced,,41.5
R045298,25,Male,1,Advanced,203,34.4
R070250,56,Female,0,Advanced,,20
R036467,45,Female,1,Beginner,314,27.1
R088013,57,Male,2,Beginner,269,20
R009434,26,Male,1,Beginner,293,20
R050212,31,Female,3,Beginner,224,29.1
R053557,52,Male,3,Advanced,232,29.1
R023248,58,Male,3,Intermediate,240,50.1
R079284,31,Male,2,Beginner,294,39.2
R094298,49,Female,3,Advanced,225,27.8
R098144,62,Female,4,Beginner,280,52.7
R032530,53,Female,3,Beginner,312,54.2
R028014,39,Female,0,Intermediate,,25.7
R063329,55,Male,3,Beginner,293,20
R070645,63,Male,4,Intermediate,270,26.2
R065860,18,Female,3,Advanced,192,41.1
R006063,37,Male,2,Beginner,311,20
R073325,60,Female,5,Intermediate,301,20
R026110,55,Female,1,Intermediate,268,27.5
R088624,27,Female,1,Intermediate,294,40.9
R049997,45,Female,3,Beginner,295,113.4410534
R022630,45,Female,1,Beginner,281,20
R057371,32,Female,0,Beginner,,20
R042846,41,Female,1,Intermediate,303,36.5
R008683,56,Female,2,Intermediate,302,20
R093459,43,Female,0,Intermediate,,21.1
R088064,50,Female,1,Intermediate,260,38.1
R091114,64,Female,3,Intermediate,259,23.7
R039240,29,Female,1,Beginner,251,23.4
R042554,31,Female,1,Advanced,210,40.3
R029457,48,Female,0,Beginner,,25.2
R035251,64,Male,0,Beginner,,20
R085199,19,Male,5,Beginner,241,34.2
R027428,21,Female,2,Intermediate,220,38.1
R046991,18,Female,2,Advanced,208,27.2
R020950,25,Male,3,Beginner,255,20
R008892,22,Female,1,Beginner,292,20
R012790,63,Female,4,Beginner,299,20
R015829,23,Male,1,Intermediate,252,45.9
R051545,29,Male,1,Intermediate,243,20
R011841,62,Male,1,Advanced,174,75.1
R050171,21,Female,1,Beginner,323,35
R031462,62,Female,0,Advanced,,38.3
R002256,36,Male,4,Beginner,306,20
R090896,48,Male,0,Beginner,,20
R097392,63,Male,0,Beginner,,32.2
R049502,42,Male,0,Beginner,,20
R090602,48,Female,4,Advanced,156,56.3
R006703,55,Female,0,Advanced,,20
R060387,40,Female,4,Intermediate,265,20.8
R025031,50,Male,3,Beginner,318,20
R042834,61,Male,3,Beginner,234,20
R043679,57,Female,2,Beginner,299,51.8
R022824,33,Male,0,Intermediate,,20
R017525,51,Male,3,Intermediate,280,20
R062763,47,Male,0,Beginner,,33.5
R011151,30,Female,2,Beginner,275,20
R071388,46,Female,3,Intermediate,259,42.3
R038354,33,Female,2,Beginner,302,20
R029980,51,Male,2,Advanced,172,20
R064617,45,Female,0,Advanced,,20
R011251,28,Female,2,Beginner,300,33.6
R010532,34,Female,3,Beginner,263,20
R014692,59,Male,1,Intermediate,254,20
R091583,29,Male,0,Beginner,,21.9
R048441,18,Female,3,Intermediate,257,25.9
R066272,50,Male,1,Beginner,255,20
R058437,56,Male,5,Beginner,267,20
R005253,49,Male,1,Beginner,261,22.8
R067815,31,Female,1,Beginner,289,28.6
R096741,32,Male,3,Beginner,266,20
R061909,55,Non-binary,5,Beginner,264,20
R068118,44,Non-binary,8,Intermediate,231,26.9
R045937,58,Male,2,Beginner,287,20
R021863,47,Female,4,Intermediate,237,20
R015546,38,Female,2,Beginner,268,48.8
R005679,22,Male,3,Beginner,282,22.7
R000434,57,Female,0,Advanced,,20
R035386,49,Male,3,Beginner,263,20
R000379,19,Female,2,Intermediate,272,41.6
R060590,56,Female,0,Beginner,,116.0548599
R078879,24,Female,1,Beginner,304,26.6
R081762,50,Male,0,Beginner,,20
R076757,35,Female,1,Advanced,229,53.1
R098448,26,Female,2,Beginner,221,20
R049159,55,Male,3,Intermediate,192,41.7
R054075,61,Female,3,Advanced,220,64.2
R028626,43,Female,6,Intermediate,243,21.5
R017458,18,Male,0,Advanced,,42.3
R053818,60,Female,2,Advanced,225,33.4
R065060,36,Female,2,Intermediate,268,20
R014828,25,Female,3,Beginner,293,20
R055146,27,Male,1,Beginner,277,34.1
R059819,34,Female,4,Advanced,250,20
R040586,23,Female,1,Advanced,268,28.2
R013803,28,Male,1,Advanced,228,21.9
R008230,61,Male,3,Advanced,290,47.6
R051520,40,Female,4,Beginner,308,36
R047122,43,Male,2,Intermediate,279,31.1
R001205,28,Male,2,Beginner,294,32.5
R068328,33,Male,3,Beginner,281,20
R022584,33,Male,4,Advanced,179,49.1
R070197,32,Female,5,Beginner,266,27.2
R026035,39,Male,0,Beginner,,32.6
R022098,36,Male,1,Beginner,277,20
R087124,23,Female,1,Intermediate,239,20
R014585,31,Female,0,Beginner,,30.6
R031587,32,Male,0,Beginner,,20
R082667,18,Female,1,Beginner,306,20
R031996,21,Male,1,Intermediate,244,20
R080846,61,Female,7,Beginner,277,64.5
R008708,36,Female,1,Intermediate,242,20
R080030,64,Male,6,Beginner,309,20
R056071,60,Male,2,Beginner,290,20
R065044,56,Male,1,Beginner,257,22.6
R093670,43,Female,1,Beginner,247,20
R061470,29,Male,2,Beginner,280,20
R068083,54,Male,0,Beginner,,20
R018580,60,Female,4,Intermediate,272,27.9
R056603,63,Male,2,Beginner,293,25.1
R027449,48,Non-binary,2,Beginner,257,21.9
R069593,28,Female,0,Intermediate,,20
R038645,38,Female,2,Advanced,241,20
R083839,53,Male,1,Intermediate,250,30.8
R043855,53,Male,1,Advanced,235,20
R071584,55,Female,1,Beginner,267,20
R081258,28,Female,2,Beginner,258,20
R059957,38,Female,0,Advanced,,23.4
R092960,61,Female,0,Beginner,,20
R085839,18,Male,0,Intermediate,,20
R066692,43,Female,0,Beginner,,22.9
R031605,39,Male,0,Intermediate,,40.6
R035176,41,Female,1,Intermediate,243,20
R025363,51,Male,1,Beginner,322,20
R056284,25,Male,2,Beginner,269,115.5776087
R027285,30,Male,4,Advanced,208,20
R022467,49,Male,1,Beginner,250,20
R063162,30,Male,2,Advanced,241,21.8
R087349,25,Female,1,Beginner,324,37.7
R041910,40,Female,4,Intermediate,261,20
R039371,51,Male,0,Beginner,,59.1
R030761,50,Female,0,Beginner,,38.3
R092382,25,Male,4,Intermediate,259,20
R028005,63,Female,2,Beginner,228,20
R090757,52,Male,1,Intermediate,259,115.4315456
R095703,43,Male,2,Intermediate,233,40.2
R028239,29,Male,2,Beginner,280,20
R046776,60,Male,3,Beginner,299,25.7
R065972,63,Male,2,Beginner,278,20
R031197,53,Female,4,Beginner,292,20
R052204,49,Male,0,Beginner,,20
R013926,60,Female,4,Intermediate,218,25
R097441,23,Male,3,Beginner,271,20
R017807,52,Female,1,Beginner,272,20
R060285,28,Female,0,Beginner,,31.3
R079058,30,Female,2,Advanced,227,20
R075787,59,Male,2,Beginner,277,33.1
R034611,45,Male,4,Beginner,283,23.7
R008562,21,Male,1,Advanced,188,20
R084000,46,Female,1,Beginner,286,25.1
R097728,58,Male,2,Advanced,222,39.9
R068363,19,Female,2,Intermediate,204,20
R033987,56,Male,4,Intermediate,262,20
R064084,38,Female,2,Advanced,206,81.4
R012953,36,Male,2,Intermediate,262,24.8
R080896,19,Female,4,Advanced,237,20
R051286,65,Male,1,Intermediate,201,21.2
R084420,34,Female,3,Beginner,279,20
R084474,65,Male,2,Beginner,302,40
R083926,62,Female,2,Advanced,217,20
R073178,44,Male,4,Beginner,300,20
R066409,56,Male,1,Advanced,198,20
R032521,34,Male,1,Advanced,177,47.7
R042432,27,Male,2,Intermediate,243,22.2
R042991,18,Male,1,Beginner,276,22.3
R078213,47,Male,2,Intermediate,256,23.3
R072869,58,Male,1,Intermediate,264,39.9
R076763,50,Female,0,Beginner,,23.7
R071498,32,Male,1,Intermediate,240,22.3
R069512,28,Female,1,Beginner,262,20
R008172,52,Female,5,Beginner,286,20
R008495,32,Male,2,Intermediate,240,20
R046643,51,Female,1,Advanced,229,39.4
R047203,46,Male,2,Beginner,286,30.9
R067304,27,Female,1,Beginner,239,20
R038432,31,Male,2,Beginner,266,20
R046372,38,Female,1,Beginner,263,20
R037918,23,Male,1,Beginner,263,38.6
R057221,19,Female,0,Intermediate,,20
R008927,23,Male,6,Advanced,234,20
R043098,50,Female,2,Beginner,285,22.7
R031492,53,Female,2,Beginner,257,20
R062586,61,Female,2,Beginner,267,46.1
R030107,31,Male,5,Beginner,289,43.7
R063419,58,Male,1,Intermediate,244,20
R070581,40,Female,0,Intermediate,,38.8
R077083,32,Female,5,Beginner,220,33.1
R039986,49,Female,0,Beginner,,20
R060026,26,Male,0,Intermediate,,20
R034491,27,Male,2,Advanced,220,47.4
R005125,44,Female,2,Beginner,232,36.9
R095501,49,Male,5,Beginner,296,39.6
R067142,46,Female,0,Intermediate,,40.9
R081451,49,Female,6,Beginner,263,23.5
R099490,34,Female,0,Beginner,,20
R016526,56,Male,2,Beginner,234,20
R017696,30,Female,2,Beginner,291,20.6
R016981,29,Female,2,Beginner,322,43.2
R081933,25,Male,1,Intermediate,254,22.4
R021202,51,Female,3,Beginner,255,20
R026709,62,Female,4,Intermediate,287,20
R009919,58,Female,2,Intermediate,173,29.3
R007908,36,Female,2,Beginner,299,20
R081121,39,Female,1,Beginner,304,33.5
R066733,41,Female,2,Intermediate,256,20
R021077,30,Female,3,Beginner,263,33.7
R066016,64,Male,5,Intermediate,255,20
R086174,58,Male,2,Beginner,298,20
R064128,60,Male,3,Intermediate,272,20
R016864,44,Male,2,Beginner,299,38.1
R020345,46,Female,2,Intermediate,281,38.5
R012671,21,Male,1,Intermediate,253,28
R065078,50,Non-binary,3,Beginner,274,44.7
R047422,21,Male,1,Beginner,256,20
R059776,39,Female,4,Advanced,182,52.9
R047243,60,Male,1,Intermediate,242,20
R040529,30,Female,1,Beginner,283,22.5
R035236,20,Male,1,Advanced,225,61.5
R040403,46,Female,2,Beginner,336,20
R008416,44,Male,4,Beginner,331,29
R051943,44,Male,3,Beginner,236,20
R049331,60,Male,0,Intermediate,,26.2
R070599,55,Female,1,Beginner,316,20
R062617,26,Female,1,Beginner,274,20
R026951,40,Male,2,Advanced,220,20
R045161,61,Male,0,Advanced,,20
R062644,20,Male,2,Advanced,228,31.2
R025240,32,Male,2,Beginner,300,20
R025132,36,Female,1,Beginner,259,20
R067659,43,Female,3,Beginner,286,110.4642126
R000746,42,Female,2,Beginner,300,20
R050139,65,Female,2,Beginner,197,33.7
R066177,50,Female,0,Intermediate,,20.8
R098728,62,Male,0,Intermediate,,20
R032428,19,Male,3,Intermediate,225,20
R009117,53,Male,3,Intermediate,294,60.2
R085705,53,Male,1,Advanced,224,20
R026675,57,Female,3,Beginner,286,113.1289568
R044010,52,Female,1,Intermediate,253,29
R005536,26,Male,1,Beginner,272,25.2
R036957,52,Female,3,Beginner,296,20
R047876,41,Male,4,Beginner,250,26.6
R030339,40,Male,1,Beginner,277,20
R050037,43,Male,2,Beginner,277,20
R077833,64,Female,1,Intermediate,205,24.6
R095597,34,Female,1,Beginner,254,20
R029992,34,Female,0,Beginner,,20
R073073,50,Female,1,Beginner,236,48.9
R007657,32,Male,1,Advanced,198,26.1
R019327,22,Male,1,Beginner,267,20
R007985,18,Male,3,Beginner,289,20
R047101,45,Male,3,Advanced,244,44.2
R076571,56,Male,1,Advanced,266,26.3
R080191,57,Female,2,Intermediate,279,20
R095438,25,Female,3,Beginner,282,20
R011709,65,Male,1,Advanced,222,20
R027138,37,Male,1,Beginner,281,110.4367428
R080260,55,Male,1,Advanced,185,32.9
R010574,31,Female,1,Intermediate,262,20
R009195,29,Male,3,Intermediate,265,37.6
R015323,23,Female,1,Beginner,272,22.2
R080661,36,Male,1,Advanced,256,20
R025795,53,Male,3,Beginner,338,33.7
R009138,40,Male,4,Beginner,296,20
R083299,49,Male,2,Beginner,291,45.7
R006554,60,Non-binary,0,Beginner,,20
R060475,64,Male,1,Beginner,283,24.9
R002439,57,Female,3,Advanced,257,20
R083111,25,Male,2,Beginner,276,20
R062193,62,Male,3,Intermediate,256,67.6
R003175,37,Female,2,Intermediate,243,118.7912488
R053337,58,Male,5,Intermediate,281,21.5
R063742,37,Female,2,Advanced,254,21
R079625,48,Female,2,Beginner,283,43.2
R065823,33,Male,5,Beginner,261,20
R072238,32,Female,1,Beginner,238,40.7
R020512,40,Male,1,Beginner,266,20
R004448,36,Female,3,Intermediate,207,20
R049226,25,Female,2,Intermediate,280,27
R084240,63,Male,1,Intermediate,221,45.7
R083143,52,Female,2,Beginner,258,20
R052609,54,Male,2,Beginner,263,20
R088563,30,Female,2,Beginner,235,20
R080227,43,Male,2,Intermediate,257,39
R003080,57,Female,3,Beginner,256,115.1134679
R049374,26,Male,2,Intermediate,268,38.1
R056220,58,Male,2,Beginner,312,20
R000461,22,Male,3,Intermediate,268,36.5
R048285,27,Female,0,Beginner,,22.1
R029480,40,Male,5,Intermediate,242,46.1
R049020,55,Female,3,Beginner,269,20
R007266,65,Female,2,Beginner,293,24.3
R022555,24,Female,1,Beginner,258,48.3
R027863,42,Male,2,Intermediate,232,37.4
R020797,64,Male,2,Intermediate,193,32.9
R090043,44,Male,1,Intermediate,257,20
R065212,65,Female,0,Intermediate,,45.3
R046125,18,Female,1,Intermediate,265,20
R074941,47,Male,2,Beginner,286,20
R028025,46,Male,4,Advanced,229,33.7
R025751,40,Female,2,Advanced,181,43.8
R026821,59,Female,2,Beginner,283,20
R031840,53,Female,1,Beginner,280,20
R003613,23,Male,1,Beginner,250,20
R017390,63,Female,3,Beginner,256,20
R025547,62,Male,2,Beginner,284,20
R095424,44,Female,0,Intermediate,,26.4
R089588,39,Female,1,Beginner,263,20
R091297,44,Female,2,Beginner,254,20
R006075,26,Female,1,Intermediate,266,20.2
R032982,40,Male,0,Beginner,,37.3
R069887,42,Female,2,Advanced,236,20
R056749,54,Male,3,Beginner,286,20
R024636,37,Male,2,Intermediate,243,20
R070150,57,Female,0,Intermediate,,20
R003633,40,Female,2,Intermediate,250,20
R079182,58,Male,4,Intermediate,274,20
R010005,18,Male,1,Intermediate,232,20
R039141,40,Male,1,Intermediate,249,48.6
R024790,49,Male,1,Beginner,290,37.4
R053411,46,Female,3,Beginner,281,20
R092019,42,Male,1,Advanced,170,58.6
R002486,35,Male,1,Beginner,296,27.9
R092070,26,Male,1,Beginner,282,27.3
R063427,25,Female,3,Intermediate,241,20
R063756,31,Male,5,Beginner,274,20
R011823,42,Female,2,Intermediate,245,29.9
R057135,42,Male,1,Beginner,287,20
R095373,58,Male,6,Beginner,320,20
R043227,50,Male,7,Beginner,268,44.4
R072955,32,Male,1,Advanced,215,55.6
R007965,21,Male,0,Intermediate,,45.8
R090264,49,Male,1,Beginner,288,20
R019789,57,Female,2,Advanced,177,79.5
R073474,24,Male,1,Advanced,220,20
R040050,58,Male,2,Advanced,239,20
R093570,48,Female,0,Beginner,,20
R064109,46,Female,4,Beginner,300,20
R024233,26,Male,1,Beginner,259,44.9
R023496,33,Female,4,Intermediate,241,43.9
R031687,37,Male,1,Beginner,234,20
R036410,28,Female,0,Beginner,,32.6
R029401,58,Female,1,Intermediate,268,38.1
R045689,52,Female,1,Advanced,242,48
R012905,18,Non-binary,2,Intermediate,245,46.6
R039168,65,Male,1,Beginner,278,20
R064675,56,Male,2,Intermediate,220,20
R072165,60,Male,3,Intermediate,267,20
R027134,53,Male,3,Beginner,267,24.2
R020216,48,Female,1,Beginner,278,20
R013311,57,Female,0,Intermediate,,26.2
R067665,42,Female,0,Beginner,,20
R046915,41,Female,1,Intermediate,263,32.5
R005315,29,Female,2,Advanced,243,20
R009421,30,Female,0,Beginner,,29.7
R041989,50,Male,0,Intermediate,,20
R077565,34,Male,3,Advanced,222,34.2
R042371,31,Male,1,Intermediate,253,33.1
R030522,42,Male,1,Beginner,273,48.2
R040724,31,Male,0,Beginner,,20
R064158,62,Female,2,Advanced,223,75.4
R057861,58,Male,2,Beginner,267,28.5
R060217,63,Male,1,Intermediate,205,20
R096816,32,Female,3,Beginner,268,20
R030310,47,Female,4,Beginner,235,28.6
R064996,19,Female,1,Beginner,306,28.9
R006671,35,Male,4,Beginner,320,20
R060990,56,Male,1,Beginner,266,31.9
R009745,60,Male,4,Advanced,211,20
R050287,61,Female,3,Beginner,288,23.2
R083938,20,Male,0,Beginner,,20
R012391,36,Female,2,Advanced,210,53.5
R082682,32,Female,1,Advanced,245,60.4
R034293,38,Male,0,Intermediate,,41.9
R029034,56,Female,1,Advanced,248,22.6
R049597,47,Female,0,Beginner,,44.7
R079852,48,Female,2,Beginner,219,39.3
R033532,54,Female,3,Beginner,324,51.7
R057144,34,Non-binary,1,Intermediate,262,43.1
R009547,37,Male,2,Intermediate,227,47.7
R023634,50,Female,1,Intermediate,247,20
R006960,30,Male,3,Intermediate,274,34.3
R040989,21,Male,1,Beginner,255,20
R069801,41,Male,2,Advanced,206,45.7
R078343,38,Female,1,Advanced,259,20.7
R033920,59,Female,2,Beginner,278,20
R027467,38,Non-binary,2,Intermediate,291,20
R070063,55,Female,2,Intermediate,256,35.7
R042069,62,Female,2,Intermediate,284,20
R096008,58,Female,1,Beginner,298,20
R090584,52,Female,1,Intermediate,237,20
R029229,49,Male,0,Intermediate,,20
R003918,41,Female,4,Intermediate,287,24
R020516,57,Male,1,Intermediate,232,56.7
R047474,59,Female,4,Advanced,230,42.4
R005508,45,Male,2,Advanced,241,20
R090083,58,Male,1,Beginner,278,31
R021977,41,Female,2,Intermediate,259,24.4
R017919,21,Male,3,Intermediate,218,20.5
R030146,27,Male,0,Advanced,,23.7
R069426,43,Male,5,Intermediate,280,20
R081621,56,Male,3,Beginner,273,37.5
R056368,49,Male,0,Beginner,,33
R035493,61,Female,4,Intermediate,243,31.4
R025882,59,Female,1,Beginner,299,24
R090711,44,Female,4,Beginner,315,20
R060086,50,Female,1,Intermediate,272,22.2
R053361,26,Male,1,Beginner,299,20
R078529,34,Male,1,Beginner,303,117.1365846
R028164,44,Female,6,Advanced,213,31.1
R017397,53,Non-binary,1,Beginner,275,20
R015316,59,Female,3,Beginner,265,20
R025711,64,Male,4,Advanced,207,33.4
R015205,39,Male,1,Intermediate,254,20
R074071,57,Female,2,Intermediate,241,75.1
R085622,59,Male,3,Intermediate,188,32.8
R002238,63,Male,1,Intermediate,269,39.6
R015403,52,Male,3,Beginner,304,20
R007452,32,Female,2,Beginner,249,26.1
R021589,41,Female,0,Intermediate,,20
R090904,36,Male,4,Beginner,295,44.1
R096852,22,Female,4,Beginner,271,20
R002309,41,Female,1,Beginner,302,20
R083970,60,Female,2,Intermediate,247,20.4
R039440,24,Female,2,Intermediate,257,20.9
R019460,30,Female,2,Beginner,260,46
R037814,22,Male,1,Beginner,307,20
R058091,21,Male,1,Intermediate,273,35.2
R012430,21,Female,1,Advanced,205,20
R043584,42,Male,1,Beginner,314,24.3
R038209,58,Female,2,Beginner,268,30.5
R087690,33,Female,2,Advanced,206,24.7
R029403,49,Female,1,Intermediate,273,20
R065772,55,Non-binary,3,Beginner,242,20
R067101,63,Female,2,Beginner,244,20
R029278,48,Male,1,Intermediate,274,20
R041469,37,Non-binary,0,Beginner,,37.5
R027402,33,Female,1,Advanced,195,20
R083997,26,Male,3,Beginner,270,34.8
R091307,48,Male,2,Intermediate,243,20.7
R090724,35,Male,1,Intermediate,257,60.8
R007633,54,Male,4,Beginner,260,20
R031631,54,Female,4,Advanced,237,47.4
R057068,61,Female,2,Advanced,210,38.6
R087536,18,Female,4,Advanced,241,33.3
R028308,52,Male,0,Beginner,,20
R098252,56,Male,3,Intermediate,262,30.5
R016125,32,Female,2,Intermediate,217,20
R099251,22,Female,1,Advanced,188,50.1
R078925,60,Female,1,Beginner,274,20
R007586,41,Female,1,Intermediate,288,53.6
R015839,62,Male,1,Beginner,261,53.9
R077647,31,Female,0,Intermediate,,43.2
R083846,51,Male,0,Intermediate,,44
R096071,65,Female,4,Beginner,275,23.5
R040981,64,Female,2,Beginner,258,35.3
R057382,58,Non-binary,0,Beginner,,34.1
R083936,51,Female,3,Advanced,266,44.2
R056468,60,Female,3,Beginner,274,20
R034714,52,Female,2,Advanced,213,48.7
R099770,34,Female,2,Beginner,274,20
R002437,22,Female,0,Beginner,,31.3
R056160,35,Male,3,Beginner,211,20
R036958,36,Male,1,Beginner,274,25.7
R030120,20,Male,2,Intermediate,222,20
R040036,39,Male,1,Beginner,261,47.2
R048609,56,Female,3,Beginner,286,22.1
R028802,47,Male,1,Advanced,240,111.4641617
R034828,29,Female,0,Beginner,,20
R032474,53,Female,0,Beginner,,20
R064314,47,Male,1,Advanced,197,20
R073966,60,Male,2,Beginner,304,20
R082512,60,Female,2,Intermediate,300,27.8
R067622,45,Female,1,Intermediate,266,35.2
R089004,50,Female,1,Advanced,196,20
R051734,37,Male,0,Beginner,,20
R036669,47,Female,0,Beginner,,28.5
R008204,44,Male,3,Beginner,271,22
R027933,29,Female,0,Intermediate,,20
R089622,55,Male,0,Beginner,,41.1
R036596,33,Male,2,Beginner,298,20
R055167,65,Female,1,Beginner,302,20
R094694,56,Female,4,Beginner,259,31.5
R013029,48,Male,1,Advanced,218,30
R019780,23,Female,1,Beginner,342,20
R029572,53,Female,2,Beginner,250,22.1
R043376,45,Male,0,Advanced,,36.6
R032775,53,Male,2,Advanced,205,31.1
R023217,48,Male,2,Beginner,322,20
R044027,25,Female,2,Beginner,279,26.2
R037315,47,Male,2,Advanced,129,52.8
R085515,32,Male,4,Intermediate,285,28
R069857,47,Female,3,Intermediate,249,20
R030220,56,Female,2,Beginner,295,26.9
R039955,61,Female,1,Beginner,303,24.2
R009683,50,Male,2,Beginner,279,26.5
R048659,25,Male,2,Advanced,213,20
R007880,30,Male,3,Advanced,262,20
R087538,54,Female,4,Beginner,308,39.5
R013677,42,Female,2,Beginner,274,35.5
R039877,65,Female,1,Beginner,248,39.7
R011839,43,Male,1,Advanced,212,37.3
R019347,61,Female,3,Intermediate,291,20
R004014,60,Male,3,Beginner,276,20
R008754,50,Male,1,Beginner,291,36.8
R087403,38,Male,5,Beginner,254,46.6
R046033,42,Female,3,Beginner,272,20
R056350,49,Male,0,Advanced,,54.5
R067022,22,Female,1,Advanced,228,20
R075829,52,Male,4,Beginner,247,20
R005279,65,Male,1,Advanced,226,32.3
R052911,53,Female,3,Beginner,270,20
R092645,18,Female,1,Intermediate,198,24.5
R040995,38,Female,2,Intermediate,275,33.9
R032811,25,Female,2,Intermediate,240,41.2
R088067,37,Female,5,Beginner,330,20
R078468,20,Female,1,Beginner,271,20
R095191,54,Male,2,Intermediate,231,48.9
R093924,35,Female,0,Intermediate,,42.9
R002789,40,Male,3,Advanced,257,76.4
R083757,45,Male,2,Advanced,228,20
R013993,55,Female,5,Intermediate,207,20
R022009,47,Male,1,Advanced,235,45
R061198,25,Male,2,Intermediate,274,20
R028891,55,Male,4,Beginner,335,20
R047200,24,Female,2,Advanced,243,35.4
R099783,62,Male,4,Intermediate,265,40.8
R049187,45,Male,0,Beginner,,20
R007812,20,Female,1,Beginner,282,20
R020196,49,Female,1,Intermediate,219,33.2
R028345,63,Female,1,Beginner,283,20
R069708,38,Male,4,Beginner,252,20
R037702,22,Female,3,Beginner,277,32.1
R088568,32,Female,4,Intermediate,241,20
R043214,23,Male,3,Beginner,263,113.8535515
R021285,36,Female,5,Intermediate,269,20
R047604,23,Non-binary,2,Beginner,298,62.6
R033944,50,Male,2,Advanced,190,20
R017834,54,Male,1,Beginner,305,38
R000073,53,Male,2,Intermediate,252,20
R080412,37,Male,1,Intermediate,258,28.2
R078356,18,Male,4,Beginner,279,31.8
R031924,38,Female,2,Beginner,277,20
R029543,35,Male,3,Beginner,282,20
R081819,46,Male,2,Beginner,293,20
R061418,34,Female,0,Beginner,,23.8
R040103,60,Female,4,Advanced,222,34.4
R039543,60,Female,2,Beginner,299,20
R090129,33,Female,2,Beginner,288,20
R082649,30,Female,1,Beginner,270,23.7
R061700,22,Non-binary,2,Beginner,295,20
R008103,27,Female,0,Beginner,,39.1
R026683,65,Non-binary,2,Beginner,288,20.2
R011523,64,Male,1,Intermediate,257,23.1
R039067,45,Female,1,Intermediate,268,20
R069449,43,Female,3,Beginner,316,20
R045976,49,Female,4,Beginner,312,20
R091956,36,Female,1,Intermediate,222,20
R024538,47,Female,3,Beginner,265,20
R008540,34,Male,3,Advanced,253,20
R022425,47,Male,1,Beginner,252,20
R078186,35,Non-binary,3,Intermediate,250,20
R041488,43,Female,2,Beginner,274,20
R016785,33,Female,3,Beginner,305,20
R018350,65,Male,3,Beginner,269,28.4
R010122,32,Female,4,Beginner,295,20
R063337,19,Female,3,Beginner,272,20
R080296,64,Male,3,Beginner,241,20
R052852,39,Female,1,Intermediate,269,20
R082747,26,Female,2,Beginner,286,20
R060322,22,Male,3,Intermediate,213,20
R032333,41,Female,1,Beginner,285,25.7
R022702,43,Female,7,Intermediate,238,20
R075838,61,Female,2,Beginner,249,61.4
R097903,29,Female,4,Beginner,299,53.8
R095901,36,Female,1,Beginner,270,20
R021338,29,Female,1,Beginner,268,29.7
R042384,44,Female,1,Advanced,223,20
R047727,59,Female,7,Beginner,254,20
R058706,38,Male,3,Advanced,219,53.3
R061623,18,Female,4,Advanced,243,62.5
R084595,47,Male,4,Beginner,274,108.3426652
R066114,27,Male,2,Beginner,293,20
R042013,63,Male,0,Intermediate,,31.1
R083085,44,Female,0,Intermediate,,20
R081229,35,Male,3,Beginner,279,47.8
R031287,62,Male,0,Beginner,,31.2
R014172,45,Female,2,Beginner,245,20
R090971,25,Female,2,Beginner,304,21.6
R061252,20,Female,3,Advanced,217,49.7
R093712,35,Male,1,Beginner,235,30.8
R063248,51,Non-binary,0,Advanced,,37
R006633,40,Female,2,Advanced,211,40.8
R003602,59,Female,3,Beginner,256,20.9
R086082,25,Male,4,Beginner,267,25.8
R042047,36,Female,3,Advanced,205,76.9
R040931,28,Female,1,Beginner,254,41.9
R073391,44,Female,3,Beginner,268,28.8
R020336,48,Male,2,Advanced,212,71.8
R023399,52,Female,1,Advanced,216,20
R013635,22,Male,4,Beginner,261,20
R046512,47,Female,1,Beginner,314,20
R050079,46,Male,1,Intermediate,260,20.8
R069913,59,Female,2,Intermediate,242,20
R006797,52,Female,3,Advanced,192,20
R068544,55,Male,0,Advanced,,20
R050850,63,Female,4,Advanced,222,35.3
R059548,59,Male,2,Beginner,266,21.9
R079239,61,Female,2,Beginner,265,27.2
R088442,58,Female,4,Intermediate,262,20
R016541,35,Male,2,Beginner,293,20
R025219,43,Male,5,Beginner,242,20
R037805,18,Female,1,Beginner,264,20
R066857,62,Male,2,Beginner,287,20
R054890,29,Male,3,Beginner,344,46.6
R001508,59,Non-binary,2,Beginner,288,20
R035927,59,Male,2,Beginner,293,20
R016004,56,Male,3,Advanced,210,22.5
R018250,20,Male,1,Beginner,302,37.5
R013903,48,Male,2,Intermediate,243,39.1
R029312,26,Male,3,Beginner,238,20
R005760,47,Female,2,Intermediate,237,37.4
R007099,24,Female,2,Intermediate,271,42.4
R028551,30,Female,4,Beginner,275,38.3
R075315,22,Male,2,Intermediate,237,29.6
R086897,28,Male,2,Beginner,315,20
R068117,58,Male,2,Advanced,249,20
R099449,25,Male,2,Advanced,208,52
R090149,44,Male,2,Beginner,218,41.9
R076016,52,Female,1,Intermediate,256,45.6
R055986,25,Male,1,Intermediate,242,28.1
R043024,65,Female,4,Beginner,312,20
R076175,30,Male,0,Beginner,,27.3
R002406,34,Female,2,Beginner,249,20
R096674,21,Female,1,Advanced,208,20
R026156,27,Female,2,Advanced,203,37.5
R082393,63,Male,1,Beginner,298,27.9
R086042,25,Female,3,Beginner,315,20
R096040,45,Male,0,Beginner,,20
R066438,62,Non-binary,2,Beginner,255,42.1
R008501,37,Male,1,Beginner,250,20
R038818,37,Female,2,Intermediate,208,39.5
R043505,28,Female,3,Beginner,239,20
R073411,47,Non-binary,0,Beginner,,20
R026106,29,Male,2,Beginner,285,20
R007742,40,Female,2,Beginner,293,20
R098615,32,Male,3,Beginner,284,29
R096687,45,Female,1,Intermediate,266,40.1
R098514,36,Female,3,Intermediate,235,24.7
R032228,29,Male,2,Beginner,295,20
R040301,32,Non-binary,2,Advanced,206,111.6618164
R085545,55,Male,5,Beginner,265,20
R004752,63,Female,6,Advanced,221,65.7
R037120,29,Male,2,Intermediate,254,20
R039166,26,Female,3,Beginner,307,20
R087962,40,Female,1,Beginner,319,20
R059316,20,Non-binary,2,Intermediate,257,43.1
R020023,29,Female,0,Intermediate,,20
R050259,27,Female,2,Advanced,232,24.2
R088506,37,Male,2,Beginner,269,27.5
R087139,65,Female,1,Intermediate,259,20
R000938,35,Male,1,Beginner,300,31.5
R021973,28,Male,3,Intermediate,275,20
R048655,20,Female,2,Beginner,248,31.9
R098002,65,Male,2,Intermediate,242,39.3
R004160,33,Male,2,Beginner,318,29.3
R042007,65,Male,3,Intermediate,232,20
R092446,43,Female,2,Beginner,315,20
R076336,36,Female,2,Intermediate,265,20
R029179,63,Male,5,Intermediate,207,20
R075619,27,Male,4,Beginner,314,20
R044181,56,Male,2,Beginner,291,23.5
R004897,29,Male,2,Intermediate,236,30.7
R095082,49,Female,0,Beginner,,20
R018833,31,Male,3,Advanced,221,20.6
R072187,32,Non-binary,2,Advanced,216,20
R089334,28,Female,0,Beginner,,26
R000963,65,Male,4,Intermediate,255,20
R061278,38,Female,0,Beginner,,20.5
R051157,51,Female,3,Beginner,291,20
R044802,47,Male,1,Advanced,218,32.8
R091904,48,Female,3,Intermediate,228,20
R097238,28,Male,2,Beginner,251,20
R026239,33,Male,3,Advanced,233,25.8
R063020,30,Female,2,Beginner,226,20
R092809,25,Male,1,Beginner,297,26.4
R090418,43,Female,5,Beginner,307,20
R019947,26,Female,1,Beginner,274,33.8
R029836,47,Male,2,Intermediate,290,20
R005552,61,Male,2,Advanced,222,39.7
R032098,39,Male,3,Beginner,282,20
R060231,50,Male,1,Beginner,290,20.7
R007384,61,Male,1,Intermediate,286,20
R045904,35,Male,1,Beginner,251,20
R007075,57,Male,1,Beginner,289,20
R016700,49,Female,2,Intermediate,243,46.9
R008998,42,Male,4,Intermediate,260,20
R095145,61,Female,3,Intermediate,250,20
R049319,62,Female,3,Intermediate,261,20
R050036,31,Female,1,Intermediate,267,20
R046160,63,Non-binary,3,Beginner,263,32.4
R045174,61,Female,1,Intermediate,252,20
R056282,28,Male,0,Beginner,,20
R089253,31,Female,2,Beginner,244,20
R007012,22,Male,3,Beginner,287,40.5
R070619,60,Female,1,Intermediate,234,20
R027914,34,Male,0,Intermediate,,20
R079963,65,Male,2,Intermediate,247,20
R085223,33,Male,1,Beginner,325,20
R035639,41,Male,5,Intermediate,232,37.4
R097707,21,Female,3,Beginner,333,29.5
R077770,55,Male,1,Intermediate,264,20
R015914,45,Female,0,Beginner,,30.9
R058946,39,Female,1,Beginner,308,34.6
R027963,59,Female,3,Beginner,280,21.6
R093458,56,Male,1,Intermediate,280,37.4
R021394,65,Female,1,Advanced,233,67.1
R047542,18,Female,2,Beginner,283,28
R005422,65,Male,2,Beginner,305,24.2
R079807,64,Male,3,Intermediate,292,20
R021769,53,Male,2,Advanced,221,28.8
R055362,25,Female,2,Beginner,309,20
R044268,24,Female,1,Intermediate,228,39.4
R056978,55,Female,2,Beginner,320,20
R001400,45,Female,1,Beginner,322,43
R036448,55,Female,3,Beginner,316,20
R093494,39,Female,3,Beginner,278,20
R014560,33,Male,2,Beginner,294,20
R014061,53,Female,0,Intermediate,,20
R045723,37,Male,3,Beginner,317,20
R097304,19,Female,6,Advanced,225,20
R006535,60,Male,1,Beginner,328,20
R090020,39,Female,1,Intermediate,228,67.7
R008071,61,Female,2,Intermediate,206,20
R042951,44,Female,3,Beginner,237,20
R027859,62,Female,1,Beginner,244,20
R074526,29,Male,0,Intermediate,,20
R002769,40,Male,2,Intermediate,271,20
R022653,28,Female,3,Intermediate,279,48.9
R079012,28,Female,3,Advanced,241,20
R034807,50,Female,1,Intermediate,278,20
R069412,42,Female,3,Beginner,276,40.5
R092093,53,Male,2,Beginner,281,20
R032880,38,Non-binary,1,Advanced,213,20
R092014,63,Male,3,Beginner,291,20
R061158,22,Male,3,Beginner,285,20
R093144,52,Male,0,Advanced,,20
R044859,45,Female,1,Intermediate,229,38.3
R048026,45,Non-binary,6,Intermediate,185,49.4
R055084,32,Female,0,Beginner,,20
R072624,30,Male,1,Intermediate,299,53.8
R074383,26,Male,2,Intermediate,226,37.3
R089104,31,Female,3,Beginner,292,20
R009529,54,Male,2,Advanced,210,20
R013829,46,Male,1,Advanced,260,31.1
R047605,44,Male,4,Advanced,212,22
R042850,63,Male,2,Beginner,322,20
R037435,62,Female,2,Intermediate,263,20
R084426,62,Female,2,Intermediate,251,20
R028408,55,Female,2,Beginner,257,20
R085945,55,Male,4,Intermediate,252,20
R016514,45,Female,1,Intermediate,197,20
R092511,53,Female,3,Intermediate,279,20
R027189,57,Female,3,Intermediate,240,20
R082763,47,Female,1,Advanced,188,20
R033656,24,Female,2,Beginner,286,36.6
R081604,43,Male,1,Beginner,288,20
R085312,45,Male,2,Advanced,167,74.7
R030373,64,Female,0,Beginner,,20
R090700,61,Non-binary,2,Beginner,283,20
R093811,44,Female,1,Beginner,287,20
R068667,22,Female,1,Advanced,196,22.2
R047477,47,Male,2,Intermediate,243,24
R032896,35,Female,1,Intermediate,275,22.5
R043954,18,Male,1,Intermediate,247,20
R087676,19,Female,1,Beginner,269,28.8
R059727,52,Non-binary,1,Advanced,165,20
R036693,54,Female,0,Beginner,,20
R005841,31,Female,2,Advanced,198,61.9
R076430,38,Male,1,Beginner,247,26.6
R022606,52,Non-binary,2,Advanced,174,36.4
R083704,59,Male,2,Beginner,346,25.6
R007283,34,Male,3,Intermediate,304,32.7
R046134,28,Male,3,Intermediate,265,20
R019086,22,Male,1,Intermediate,275,47.2
R024765,33,Male,1,Intermediate,238,31.7
R064511,42,Female,7,Intermediate,240,37.5
R079105,49,Female,1,Intermediate,204,22.2
R031234,27,Male,3,Beginner,305,20
R095992,35,Male,2,Beginner,276,26.1
R055331,64,Male,2,Intermediate,269,20
R016446,22,Female,2,Beginner,290,20
R050707,32,Male,2,Beginner,242,20
R030205,32,Male,2,Beginner,230,20
R090028,65,Female,1,Advanced,219,21.3
R005682,42,Female,6,Beginner,333,44.1
R029117,47,Female,2,Intermediate,227,65.1
R073589,38,Female,3,Beginner,247,31.6
R029488,31,Female,1,Beginner,243,20
R027226,38,Male,3,Intermediate,253,43.4
R050768,58,Male,3,Intermediate,229,20
R011319,44,Female,3,Beginner,266,51.4
R005947,60,Male,2,Beginner,323,20
R015174,61,Female,1,Beginner,290,20
R072095,26,Male,7,Advanced,199,41.1
R029867,36,Non-binary,0,Advanced,,40.4
R070184,28,Male,3,Beginner,267,20
R043084,45,Male,0,Intermediate,,22.7
R080395,23,Male,1,Intermediate,249,20
R014156,25,Female,4,Intermediate,253,29.1
R049406,44,Male,2,Beginner,287,36
R082933,26,Female,1,Advanced,222,20
R022051,51,Female,3,Intermediate,268,21.4
R031642,24,Female,6,Beginner,288,20
R064647,36,Female,2,Beginner,317,20
R026640,62,Female,5,Intermediate,228,34.4
R045241,39,Female,2,Advanced,220,49.5
R051388,26,Female,2,Intermediate,252,20
R085684,53,Male,2,Beginner,259,20
R003377,62,Male,3,Intermediate,224,29.7
R045539,62,Female,0,Intermediate,,54
R040333,21,Male,2,Beginner,270,25.2
R019877,58,Female,0,Intermediate,,20
R050826,35,Female,5,Beginner,305,20
R069159,45,Female,1,Beginner,270,26.4
R050470,61,Male,3,Beginner,298,20
R018796,36,Male,4,Beginner,235,20
R082325,31,Female,1,Intermediate,237,45.4
R010156,52,Male,1,Intermediate,308,20
R033233,46,Male,0,Beginner,,20
R047782,51,Male,3,Beginner,276,29
R087712,41,Male,1,Advanced,234,20
R070985,51,Male,2,Beginner,257,20
R058976,35,Male,1,Beginner,267,52.4
R074916,39,Male,1,Advanced,233,46
R025330,25,Female,4,Beginner,226,20
R082770,24,Male,2,Beginner,312,20
R047819,57,Non-binary,1,Advanced,264,34.5
R010073,58,Female,0,Beginner,,32.9
R065149,39,Female,4,Advanced,221,20
R048982,53,Male,3,Beginner,300,20
R012808,34,Female,1,Beginner,314,20
R082143,43,Non-binary,3,Advanced,214,20.7
R073773,49,Male,3,Advanced,232,20
R038876,39,Female,1,Advanced,235,30.4
R031596,40,Female,2,Intermediate,240,39.4
R074962,53,Male,1,Beginner,235,114.218356
R093679,18,Female,6,Beginner,285,35.2
R072112,21,Male,2,Intermediate,272,20
R044635,56,Male,0,Beginner,,34.4
R069021,26,Female,5,Beginner,262,20
R076725,59,Male,4,Intermediate,251,34.6
R053730,58,Female,2,Intermediate,258,20
R060676,43,Male,2,Beginner,236,20
R041149,37,Non-binary,1,Intermediate,231,20
R066056,36,Female,0,Advanced,,31.3
R084410,30,Non-binary,4,Intermediate,255,45.7
R045018,26,Female,2,Advanced,172,26.7
R097824,58,Female,2,Advanced,198,48.8
R064593,55,Male,0,Intermediate,,23.6
R044619,30,Male,1,Intermediate,231,53.2
R014782,34,Male,2,Intermediate,252,20
R069495,45,Female,0,Advanced,,109.3507075
R039291,40,Female,0,Intermediate,,35
R084970,62,Male,3,Beginner,265,20
R003848,41,Male,2,Advanced,204,31.6
R066452,61,Male,3,Beginner,273,48
R033118,46,Male,0,Intermediate,,22.5
R081199,59,Non-binary,1,Beginner,294,20
R013247,20,Male,3,Beginner,327,22.3
R080129,23,Female,1,Intermediate,281,20
R041650,58,Female,3,Beginner,272,35.6
R039770,23,Male,3,Beginner,290,20
R000330,44,Male,2,Intermediate,243,20
R041373,44,Female,2,Beginner,307,20
R097531,55,Female,1,Beginner,278,20
R059818,50,Male,2,Advanced,223,20
R097382,20,Female,0,Beginner,,20
R030809,41,Female,1,Intermediate,255,20
R020125,50,Female,3,Advanced,238,20.9
R057041,26,Male,1,Beginner,379,20
R086113,51,Male,0,Intermediate,,20
R024622,32,Male,2,Intermediate,269,20
R051661,27,Female,1,Intermediate,223,20
R095196,19,Non-binary,1,Intermediate,265,53.6
R000350,52,Female,0,Intermediate,,32.9
R070957,37,Female,0,Beginner,,20
R035864,64,Male,3,Advanced,243,20.3
R051796,47,Female,1,Intermediate,208,20
R039289,53,Female,2,Advanced,223,24.7
R095940,61,Female,1,Beginner,278,20
R005572,37,Male,0,Beginner,,20
R020330,40,Male,2,Advanced,239,22.9
R049428,18,Female,0,Beginner,,20
R074320,35,Female,3,Intermediate,249,20
R095294,63,Female,4,Intermediate,285,40.7
R014465,46,Female,5,Intermediate,263,57.1
R071779,58,Male,1,Beginner,245,22.7
R095463,28,Male,1,Beginner,292,33.3
R004847,34,Female,2,Beginner,308,20
R082954,24,Female,5,Intermediate,275,20
R053720,40,Male,1,Beginner,277,20
R073704,57,Female,1,Intermediate,259,20
R064608,43,Female,1,Beginner,307,21.2
R037820,55,Female,4,Beginner,280,44.4
R030743,61,Male,2,Beginner,299,20
R056821,40,Male,2,Advanced,242,56.3
R069858,32,Male,2,Beginner,261,24.4
R090906,52,Male,1,Advanced,224,20
R090634,43,Male,1,Beginner,253,41.7
R028130,50,Male,2,Intermediate,235,20
R094189,35,Male,3,Advanced,243,31.7
R050469,61,Male,3,Intermediate,266,20
R012696,22,Male,4,Intermediate,250,24.1
R034515,49,Female,0,Beginner,,20
R052091,56,Female,2,Beginner,349,22.2
R039660,55,Female,2,Beginner,247,20.7
R062636,36,Male,0,Advanced,,48.3
R003038,51,Male,0,Advanced,,37.8
R043502,52,Female,5,Beginner,237,29.9
R010730,34,Female,1,Beginner,302,45.5
R016503,36,Female,1,Advanced,212,20
R051817,65,Female,1,Intermediate,212,30
R091674,65,Female,2,Intermediate,263,20
R087304,50,Male,3,Beginner,311,20
R067512,56,Male,3,Beginner,261,29.4
R088537,34,Male,2,Advanced,235,20
R049262,52,Female,1,Advanced,223,20
R023745,58,Male,2,Intermediate,254,20
R012476,51,Male,1,Beginner,267,28.9
R085538,42,Male,2,Beginner,285,24.2
R094655,39,Female,2,Beginner,250,30.4
R068045,19,Male,0,Beginner,,20.3
R054796,54,Female,2,Intermediate,265,35.7
R078641,29,Female,2,Advanced,218,54.9
R037287,52,Male,5,Beginner,254,20
R097012,31,Male,1,Beginner,279,20
R029806,18,Male,3,Beginner,268,20
R079708,57,Female,3,Intermediate,206,20
R072618,23,Non-binary,1,Beginner,310,63.1
R017684,57,Female,1,Beginner,256,34.4
R042117,45,Female,1,Intermediate,291,20
R054465,48,Male,3,Beginner,268,30
R052254,39,Male,1,Beginner,288,20
R038415,38,Male,2,Beginner,263,20
R079843,42,Male,2,Intermediate,238,24.4
R073613,55,Non-binary,2,Intermediate,240,51.4
R056325,61,Male,1,Beginner,295,20
R012641,39,Female,0,Beginner,,43.2
R085541,25,Male,2,Beginner,259,20
R073969,29,Male,1,Advanced,256,20
R074440,41,Female,1,Intermediate,261,22.8
R020674,33,Female,0,Beginner,,49.1
R061077,37,Male,1,Beginner,271,20
R032214,35,Male,0,Advanced,,27.9
R075234,42,Male,2,Beginner,287,20
R089519,25,Male,0,Beginner,,36.7
R046837,56,Male,1,Beginner,207,116.9603532
R045407,55,Male,2,Beginner,282,20
R028442,32,Male,2,Beginner,283,20
R026885,31,Male,3,Intermediate,299,20
R036200,40,Female,1,Beginner,272,25.4
R030832,24,Male,3,Beginner,265,20
R042428,54,Female,2,Beginner,300,20
R048516,57,Male,4,Beginner,247,24.2
R087721,53,Female,1,Beginner,265,20
R067437,21,Male,3,Beginner,327,31.4
R040838,58,Female,3,Beginner,289,20
R066539,32,Female,4,Beginner,305,107.9167245
R074558,29,Female,0,Intermediate,,32.1
R063563,18,Female,1,Advanced,230,20
R007732,36,Female,1,Beginner,266,20
R028900,47,Non-binary,1,Advanced,217,43.8
R071100,51,Female,4,Beginner,280,31.1
R085786,24,Female,1,Beginner,267,20
R055518,24,Male,2,Advanced,217,20
R052832,27,Male,2,Advanced,268,26.2
R022649,38,Male,1,Beginner,277,20
R091379,53,Male,1,Intermediate,231,24
R015616,42,Male,6,Intermediate,255,23.2
R076335,58,Male,2,Beginner,272,20
R058454,32,Male,3,Intermediate,241,31.8
R020007,55,Female,3,Beginner,287,44.5
R069531,28,Female,2,Beginner,244,20
R042075,55,Female,3,Advanced,211,113.3715339
R024361,59,Male,1,Advanced,177,47.2
R087739,37,Male,2,Intermediate,297,20
R087856,32,Male,3,Advanced,200,47.7
R022922,58,Non-binary,1,Advanced,190,39.4
R038703,45,Female,4,Beginner,272,46.8
R040520,40,Male,2,Intermediate,259,20
R084313,39,Female,3,Intermediate,258,24.5
R087945,57,Male,3,Beginner,296,30.6
R086636,25,Male,2,Beginner,286,20
R098990,55,Female,2,Intermediate,249,50.6
R072597,65,Female,3,Beginner,271,20
R023615,33,Male,1,Intermediate,254,23
R016152,57,Female,4,Intermediate,221,20
R059621,59,Female,4,Intermediate,230,20
R093295,45,Female,1,Beginner,236,20
R094262,26,Male,2,Beginner,290,28.6
R099105,52,Female,4,Advanced,240,32.3
R098940,34,Male,2,Beginner,292,23
R054204,44,Male,5,Intermediate,294,20
R081138,22,Female,3,Intermediate,207,20
R040827,62,Female,4,Beginner,257,33.8
R076097,32,Male,6,Advanced,246,20
R085655,50,Male,5,Intermediate,278,20
R095883,26,Female,1,Advanced,223,20
R007128,51,Male,1,Beginner,290,20
R000213,49,Female,1,Intermediate,235,33.1
R062348,49,Male,2,Advanced,223,36.3
R064297,50,Female,4,Beginner,305,20
R054529,23,Female,0,Intermediate,,20
R051915,34,Female,3,Advanced,201,86.3
R037203,65,Male,3,Beginner,268,20
R088480,60,Male,0,Advanced,,20
R074760,35,Male,1,Intermediate,252,22.8
R072748,36,Male,3,Beginner,271,36.7
R072658,40,Female,3,Beginner,308,20
R022391,36,Female,0,Advanced,,20
R080710,50,Male,2,Intermediate,223,20
R090830,27,Male,5,Beginner,322,37.9
R026744,33,Male,3,Beginner,260,20
R096086,56,Male,1,Beginner,282,29.6
R094929,39,Female,3,Beginner,265,36.9
R074804,32,Male,1,Advanced,236,20
R070755,25,Male,0,Beginner,,46
R059151,35,Female,5,Advanced,196,49.3
R026944,44,Male,0,Intermediate,,20
R069844,49,Male,3,Advanced,212,20
R085021,51,Female,3,Beginner,273,20
R043269,23,Male,2,Beginner,268,20
R092029,32,Female,2,Beginner,292,20
R090650,25,Non-binary,1,Beginner,279,20
R004096,62,Male,3,Beginner,254,20
R012702,37,Male,3,Beginner,267,20
R011626,54,Male,1,Beginner,271,24.9
R059029,18,Female,0,Intermediate,,38.6
R040506,64,Male,2,Advanced,235,35.2
R046546,32,Female,2,Advanced,231,27.6
R030556,47,Female,3,Intermediate,246,20
R001432,26,Female,2,Advanced,217,81.3
R013015,36,Male,4,Beginner,291,20
R082609,40,Female,2,Beginner,272,20
R017394,35,Male,1,Beginner,255,20
R051988,22,Female,0,Advanced,,48.5
R009182,54,Female,2,Intermediate,187,20
R038557,20,Male,2,Beginner,285,20
R026203,33,Female,3,Beginner,268,54.5
R012499,56,Female,4,Advanced,232,62.4
R072257,52,Non-binary,0,Intermediate,,20
R094578,33,Male,3,Beginner,320,20
R066933,57,Female,3,Beginner,326,20
R058488,59,Female,4,Beginner,279,20
R053132,37,Female,3,Intermediate,265,20
R040824,63,Male,4,Intermediate,249,29.9
R012210,60,Male,1,Intermediate,237,27.3
R086821,24,Male,3,Beginner,253,41.3
R009616,40,Female,3,Beginner,242,20
R049077,40,Female,1,Intermediate,296,23.8
R007861,38,Male,0,Beginner,,20
R036569,44,Male,1,Beginner,270,20
R010341,57,Male,4,Beginner,275,102.8984433
R023905,30,Female,3,Intermediate,266,27.4
R083156,61,Male,1,Intermediate,265,20
R035558,52,Female,3,Beginner,278,20
R056835,57,Female,2,Intermediate,212,20
R087287,49,Male,3,Advanced,269,30.8
R079582,26,Male,4,Advanced,275,70
R096977,39,Male,2,Beginner,293,61.7
R004548,55,Female,1,Beginner,308,36.3
R048427,56,Female,5,Advanced,243,107.3710796
R024934,44,Male,2,Intermediate,240,29.8
R030307,34,Female,0,Advanced,,26.7
R068082,26,Male,1,Beginner,267,20
R087327,24,Female,0,Beginner,,20
R018071,39,Male,1,Advanced,218,32.9
R024187,41,Female,2,Beginner,327,21.5
R046779,42,Male,5,Beginner,262,28.1
R098552,51,Male,0,Beginner,,21.2
R030631,41,Female,2,Intermediate,290,20
R023149,46,Female,1,Intermediate,208,20
R090473,46,Male,2,Intermediate,244,27.7
R039566,36,Female,4,Beginner,300,21.2
R065470,26,Male,2,Intermediate,270,35.8
R080869,29,Non-binary,3,Advanced,243,21.2
R022727,55,Female,2,Beginner,280,20
R089441,45,Male,2,Intermediate,268,40.3
R065811,19,Male,4,Beginner,319,21.1
R004061,21,Male,1,Beginner,248,33.9
R034354,36,Female,3,Beginner,236,20
R071676,20,Female,4,Beginner,265,20
R085979,64,Male,3,Advanced,209,21.9
R019883,42,Female,1,Advanced,228,20
R031114,30,Male,2,Advanced,229,45.1
R079815,31,Male,2,Intermediate,234,40.4
R090875,47,Male,2,Intermediate,208,20
R033131,57,Male,2,Beginner,303,20
R099702,36,Male,1,Beginner,283,20
R086013,25,Male,0,Advanced,,20
R075239,37,Non-binary,2,Intermediate,266,20
R081367,36,Male,1,Intermediate,252,20
R080819,46,Non-binary,1,Advanced,203,20.6
R039712,57,Male,0,Beginner,,20
R035862,64,Male,0,Advanced,,40.7
R057163,53,Male,5,Beginner,298,39
R091701,47,Female,3,Intermediate,258,35
R076878,32,Female,5,Beginner,271,27.1
R074903,59,Male,0,Beginner,,20
R064414,34,Female,3,Beginner,284,20
R027305,29,Female,2,Intermediate,223,23.9
R041892,63,Female,3,Intermediate,235,20
R021881,46,Male,1,Advanced,267,20
R050440,34,Male,2,Beginner,274,50.4
R069278,31,Female,2,Intermediate,223,20
R099527,53,Female,2,Beginner,241,20
R045808,63,Male,1,Beginner,296,28.5
R076814,36,Non-binary,3,Beginner,277,24.3
R068845,39,Male,2,Beginner,326,20
R063319,37,Non-binary,2,Advanced,232,20
R079245,47,Female,0,Advanced,,20
R067301,40,Male,1,Beginner,273,20
R012864,60,Female,2,Beginner,327,20
R034648,45,Male,1,Advanced,225,31
R028227,26,Male,2,Intermediate,257,39.3
R004048,24,Male,2,Beginner,280,20
R033598,65,Female,2,Intermediate,227,20
R042282,18,Male,1,Beginner,297,20
R048552,18,Male,0,Beginner,,20
R075745,59,Female,3,Intermediate,268,20
R046881,50,Male,4,Beginner,245,20
R044096,45,Female,3,Beginner,267,29.4
R012411,25,Female,2,Intermediate,250,30.1
R001521,57,Female,1,Beginner,272,33.8
R025747,19,Female,5,Beginner,248,20
R050560,40,Male,1,Intermediate,198,31.5
R041825,53,Male,3,Advanced,254,50.6
R060741,19,Male,4,Beginner,289,20
R035665,45,Male,0,Beginner,,49.6
R079021,43,Male,2,Beginner,266,20
R035127,59,Male,2,Beginner,279,20
R033215,19,Female,1,Beginner,313,20
R068607,30,Female,1,Intermediate,222,47
R091676,24,Male,2,Intermediate,238,20
R053238,33,Male,0,Intermediate,,25.1
R066770,55,Female,1,Beginner,263,20
R033025,52,Female,3,Beginner,268,49.1
R048865,37,Male,6,Beginner,274,20.4
R063293,47,Female,4,Intermediate,255,20
R082120,33,Female,2,Intermediate,254,29.8
R014997,51,Female,1,Beginner,262,113.3187337
R092904,28,Male,1,Advanced,192,20
R000612,28,Female,3,Beginner,273,20
R097085,24,Female,1,Intermediate,248,41.7
R052894,33,Male,2,Beginner,288,20
R041787,39,Male,1,Intermediate,237,28.3
R061123,46,Female,1,Advanced,199,20
R050519,53,Male,2,Beginner,306,20
R015462,42,Male,2,Intermediate,218,20
R036689,33,Male,2,Intermediate,222,65
R044393,64,Male,1,Intermediate,227,20
R015278,46,Female,2,Beginner,282,20
R057744,34,Female,3,Intermediate,243,42.2
R020921,27,Female,3,Advanced,231,37
R053099,52,Male,5,Intermediate,254,36.5
R096995,61,Male,1,Advanced,189,48.4
R031368,54,Female,2,Beginner,273,20
R074636,62,Female,3,Beginner,273,22.5
R051997,26,Male,1,Intermediate,248,22.1
R067676,42,Male,6,Beginner,302,20
R088107,21,Female,4,Beginner,273,27.3
R070429,58,Male,2,Advanced,224,39.9
R012260,46,Female,2,Beginner,287,20
R006944,48,Female,2,Beginner,289,20
R056999,61,Male,3,Beginner,272,22.1
R059094,28,Female,1,Beginner,301,20
R064323,33,Female,2,Intermediate,227,25.3
R071034,38,Male,1,Beginner,255,20
R072196,54,Female,3,Intermediate,214,23.5
R022943,34,Male,1,Intermediate,280,28.2
R008546,54,Male,3,Beginner,267,27.1
R032063,41,Male,3,Advanced,257,20
R081875,53,Female,4,Beginner,285,44
R052858,40,Male,0,Beginner,,104.6340906
R003425,26,Male,3,Advanced,235,60
R024989,51,Female,5,Beginner,294,31.9
R030944,29,Male,2,Beginner,282,20
R015083,33,Male,0,Advanced,,20
R005627,45,Male,1,Advanced,227,20
R024468,40,Female,1,Intermediate,285,45.1
R098937,48,Male,1,Beginner,276,42.7
R022283,26,Female,1,Beginner,272,20
R019746,44,Female,1,Beginner,274,20
R050299,48,Female,2,Beginner,257,26.7
R056615,51,Female,2,Intermediate,244,32.4
R072653,23,Male,3,Beginner,269,47.3
R045536,50,Male,1,Intermediate,268,33.3
R062120,45,Female,1,Advanced,212,31.9
R042901,58,Male,1,Beginner,315,20
R057548,19,Male,3,Beginner,321,20
R047043,36,Male,1,Beginner,243,20
R001456,54,Male,0,Advanced,,20
R062638,28,Female,3,Advanced,203,34.8
R044425,25,Male,2,Beginner,280,20
R087326,25,Male,0,Intermediate,,82.4
R098834,63,Male,0,Beginner,,24.1
R036350,29,Male,2,Beginner,244,27.6
R032494,61,Female,1,Beginner,258,20
R000281,33,Female,2,Beginner,310,20
R005704,52,Male,2,Advanced,218,40.5
R099428,56,Female,1,Intermediate,232,34.3
R005106,41,Female,4,Advanced,232,51.1
R004170,36,Male,4,Beginner,267,20
R011138,58,Female,4,Intermediate,286,20
R054929,38,Female,1,Beginner,243,20
R036766,59,Female,3,Beginner,253,20
R057812,54,Female,4,Advanced,197,20
R061573,20,Female,2,Beginner,303,35.7
R013554,65,Female,2,Intermediate,258,43.8
R060775,51,Male,0,Beginner,,29.5
R085957,25,Female,3,Intermediate,280,20
R024779,24,Male,2,Intermediate,234,20
R074244,44,Non-binary,0,Advanced,,65.4
R056512,63,Male,3,Intermediate,272,54.3
R053335,46,Non-binary,3,Beginner,281,20
R008530,19,Male,3,Intermediate,256,20
R039845,64,Female,3,Intermediate,271,22.9
R056493,43,Female,2,Beginner,295,20
R055717,52,Female,4,Beginner,300,20
R044860,41,Male,2,Advanced,239,20
R053637,53,Male,2,Advanced,241,20
R045169,47,Male,0,Beginner,,20
R040079,36,Male,3,Beginner,221,20
R047104,52,Male,1,Beginner,297,42.8
R004937,54,Female,3,Intermediate,278,20
R095010,33,Male,1,Beginner,275,23.8
R001543,30,Male,1,Beginner,260,24.9
R096228,52,Female,6,Advanced,171,20
R065176,40,Male,1,Advanced,255,20
R014931,41,Male,2,Advanced,249,32.8
R073487,60,Male,2,Advanced,191,46.5
R054548,45,Female,1,Beginner,303,43.1
R047619,53,Male,1,Intermediate,256,46.4
R032331,45,Female,1,Advanced,210,26.5
R013801,23,Male,2,Intermediate,264,20
R082402,45,Male,5,Intermediate,265,27.3
R049593,59,Female,1,Advanced,255,33.1
R034208,27,Female,2,Advanced,157,20
R015475,51,Female,1,Beginner,291,20
R063688,40,Female,3,Intermediate,276,20
R082583,63,Female,4,Advanced,252,20
R037926,23,Female,3,Beginner,250,20
R019616,52,Male,2,Beginner,265,31.1
R036032,35,Male,0,Beginner,,20
R057742,21,Female,3,Beginner,312,111.2627329
R019596,24,Female,3,Intermediate,218,20
R051074,23,Female,2,Beginner,307,21.6
R007202,40,Male,4,Beginner,258,20
R069693,36,Female,1,Beginner,244,102.2670022
R065597,25,Male,1,Advanced,220,104.5542841
R042676,47,Female,5,Intermediate,277,20
R014580,61,Female,3,Beginner,297,20
R097282,25,Female,0,Beginner,,20
R094723,64,Female,3,Beginner,277,21.8
R024847,56,Male,2,Beginner,282,29
R040875,42,Female,2,Intermediate,275,30
R011060,48,Female,2,Beginner,240,20
R078759,49,Male,2,Intermediate,253,20
R049522,27,Male,3,Beginner,324,20
R058822,20,Female,0,Intermediate,,20
R080244,63,Female,3,Beginner,306,20
R086481,49,Male,0,Beginner,,30.6
R054371,34,Female,3,Beginner,295,20
R070587,42,Male,0,Intermediate,,20
R072183,21,Male,1,Intermediate,277,46.8
R049299,23,Female,1,Advanced,220,20
R026192,20,Non-binary,0,Intermediate,,20.7
R024408,38,Female,3,Beginner,277,20
R024293,59,Female,2,Intermediate,284,20
R092223,27,Male,1,Beginner,274,23
R008130,42,Male,4,Intermediate,310,34.6
R003653,51,Female,2,Advanced,205,52.9
R020076,39,Male,3,Beginner,325,20
R027820,43,Male,1,Intermediate,268,31.1
R078341,39,Male,0,Intermediate,,55.1
R013888,35,Male,3,Beginner,266,29.1
R006305,49,Male,0,Beginner,,31.2
R027322,38,Female,4,Beginner,273,28.5
R060345,26,Female,1,Beginner,237,20
R091206,42,Non-binary,1,Beginner,272,20
R032066,37,Male,2,Intermediate,251,46.1
R025984,22,Female,1,Beginner,253,20
R066147,41,Female,2,Intermediate,242,29
R075649,42,Female,3,Advanced,218,48.3
R013804,49,Male,1,Intermediate,304,46
R049133,61,Male,1,Beginner,270,20
R071626,31,Female,2,Beginner,307,20
R010325,26,Female,2,Beginner,316,20
R073724,26,Female,4,Intermediate,238,38.1
R056687,33,Female,2,Intermediate,280,20
R073491,54,Female,3,Advanced,172,32.3
R086995,46,Male,2,Beginner,285,20
R084965,51,Male,3,Beginner,240,20
R018475,56,Male,2,Intermediate,228,20
R080238,49,Female,4,Beginner,300,38.2
R097134,59,Female,5,Beginner,292,20
R012507,47,Female,1,Beginner,252,26.5
R008767,58,Male,2,Beginner,289,20
R017511,47,Male,1,Beginner,257,20
R027082,38,Female,3,Beginner,248,20
R001574,18,Male,1,Beginner,282,20
R026071,55,Female,2,Intermediate,271,20.4
R082981,60,Male,2,Beginner,267,35.6
R015908,64,Male,2,Beginner,260,20
R084557,36,Male,2,Beginner,296,20
R011464,35,Female,1,Beginner,312,20
R075454,65,Female,3,Beginner,268,20
R009825,50,Female,0,Advanced,,20
R038591,21,Female,2,Advanced,233,33.5
R071684,28,Female,4,Intermediate,235,38.1
R037444,64,Female,0,Beginner,,24.2
R094532,51,Female,4,Beginner,310,20
R098297,38,Female,2,Advanced,201,55.7
R003732,64,Female,2,Intermediate,284,105.5420885
R076937,62,Male,1,Intermediate,285,20
R003897,36,Male,1,Beginner,263,20
R052147,48,Non-binary,2,Beginner,305,45.2
R010791,44,Male,2,Intermediate,299,39.1
R074243,18,Male,2,Intermediate,223,34.5
R050700,25,Female,3,Beginner,244,56.9
R082020,21,Male,4,Intermediate,237,20
R082366,42,Female,1,Intermediate,282,57.5
R043640,60,Male,1,Advanced,199,20
R020587,18,Female,1,Intermediate,250,21.1
R004800,34,Male,0,Advanced,,28.8
R080610,59,Male,2,Intermediate,247,20
R098665,31,Male,1,Intermediate,267,27.6
R022298,41,Female,2,Intermediate,236,40.4
R041003,19,Male,3,Intermediate,264,55.3
R034984,25,Male,2,Advanced,273,42.2
R085943,54,Female,1,Beginner,267,20
R015588,53,Male,3,Intermediate,259,36.4
R047480,38,Non-binary,1,Beginner,296,27.4
R006185,48,Male,4,Intermediate,282,20
R042023,37,Male,2,Beginner,297,20
R079773,29,Female,1,Beginner,272,20
R039051,45,Male,4,Advanced,211,24
R068560,46,Male,4,Beginner,269,20
R010449,31,Female,2,Beginner,258,23.5
R000793,61,Male,5,Intermediate,240,34.9
R026497,65,Male,3,Intermediate,258,111.3817143
R083999,55,Male,0,Beginner,,21.1
R087225,24,Female,6,Intermediate,252,47.8
R017109,54,Male,1,Beginner,338,20
R032445,56,Female,4,Advanced,249,38.5
R030902,33,Female,0,Intermediate,,20
R026489,42,Male,1,Beginner,285,20
R048635,23,Female,2,Intermediate,246,20
R089621,21,Female,0,Advanced,,50.7
R094319,65,Female,1,Beginner,281,20
R098608,28,Female,1,Advanced,219,20
R092943,50,Male,1,Advanced,203,65.1
R081500,22,Male,4,Beginner,251,20
R070204,50,Female,1,Beginner,279,34.4
R009569,49,Male,2,Beginner,289,20
R051108,38,Female,1,Intermediate,222,20
R003723,34,Female,2,Beginner,227,20
R068104,18,Male,2,Beginner,270,28.3
R050813,29,Male,4,Beginner,246,20
R060006,54,Female,4,Intermediate,254,115.0853635
R064641,50,Female,1,Beginner,291,44.3
R024128,44,Female,2,Beginner,298,20
R021533,24,Male,0,Beginner,,20
R039286,28,Female,6,Beginner,301,42
R091108,45,Male,7,Beginner,233,20
R023866,62,Male,2,Advanced,212,40.6
R090335,32,Female,1,Beginner,296,20
R086125,28,Female,0,Beginner,,20
R017614,59,Male,1,Beginner,289,25.7
R025063,48,Male,1,Intermediate,253,24.7
R039556,62,Female,0,Advanced,,20
R032321,19,Male,3,Advanced,219,20
R046970,31,Male,0,Intermediate,,52.5
R074812,56,Female,4,Intermediate,244,20
R022292,29,Female,2,Intermediate,278,22
R029350,65,Male,3,Advanced,191,42.2
R007032,50,Female,6,Intermediate,265,52.1
R016097,63,Female,3,Beginner,253,20
R043142,52,Male,1,Beginner,291,20
R025748,43,Male,1,Beginner,309,112.6530172
R018075,52,Female,3,Beginner,317,28.2
R007508,53,Female,0,Intermediate,,20
R090496,39,Female,2,Intermediate,263,32
R029148,65,Male,2,Beginner,293,39.2
R041993,61,Female,3,Beginner,262,41.2
R050106,23,Female,1,Intermediate,217,20
R006601,28,Male,3,Beginner,249,20
R050542,60,Female,1,Beginner,293,23.3
R095277,19,Male,4,Beginner,311,20
R028786,36,Female,1,Intermediate,232,20
R014028,43,Male,2,Advanced,221,36.6
R067155,36,Male,5,Beginner,293,20
R072005,60,Female,2,Intermediate,265,26
R015333,19,Female,1,Advanced,231,60.7
R098802,60,Male,0,Beginner,,29.2
R064663,18,Female,2,Advanced,214,20
R068324,46,Female,3,Beginner,277,43.5
R070912,21,Male,1,Beginner,258,45.6
R037156,22,Female,2,Beginner,258,20
R081320,47,Female,2,Beginner,274,20
R039458,29,Male,2,Intermediate,240,23.7
R089744,57,Male,2,Intermediate,274,115.6222422
R083817,65,Male,1,Intermediate,263,20
R086057,41,Female,1,Intermediate,257,35.1
R000534,43,Male,1,Advanced,223,24.4
R096606,25,Male,1,Beginner,240,20
R093655,41,Female,3,Advanced,186,25.2
R041588,26,Male,1,Intermediate,276,20
R000478,29,Male,2,Intermediate,278,46.3
R019510,42,Male,2,Beginner,283,42.6
R058710,60,Male,1,Beginner,287,36.2
R060711,43,Female,1,Beginner,261,29.3
R000683,52,Male,2,Advanced,221,20
R029944,55,Female,2,Beginner,283,56.7
R092518,20,Female,2,Intermediate,212,37.2
R049969,58,Male,1,Advanced,225,59.2
R036133,20,Non-binary,0,Beginner,,22.5
R044661,22,Female,1,Beginner,246,20
R012867,35,Male,1,Beginner,277,20.5
R058381,36,Female,2,Beginner,271,24.4
R093756,50,Female,3,Beginner,259,37.6
R063330,26,Female,2,Intermediate,263,20
R016275,38,Male,3,Intermediate,250,20
R092010,42,Female,3,Advanced,237,27.3
R076104,35,Female,0,Intermediate,,20
R091725,49,Female,0,Intermediate,,20
R066554,40,Male,2,Advanced,229,109.7165
R081949,21,Female,1,Beginner,295,34.3
R007205,31,Female,0,Beginner,,20
R031424,22,Female,5,Beginner,299,20
R007396,38,Male,2,Beginner,317,20
R015287,20,Female,3,Intermediate,268,109.3006106
R007850,27,Male,2,Advanced,230,20
R073016,34,Female,2,Advanced,206,24.1
R010700,54,Female,0,Intermediate,,27.3
R088865,51,Male,2,Intermediate,256,30.8
R028318,40,Female,3,Beginner,283,30.9
R087128,37,Female,2,Beginner,304,20
R083200,29,Female,2,Intermediate,270,20
R049005,24,Female,4,Beginner,245,24.4
R003682,45,Female,3,Beginner,274,26.3
R069685,62,Female,2,Beginner,266,34
R023395,46,Female,2,Intermediate,209,50.4
R015330,44,Female,4,Advanced,221,20
R097478,27,Male,3,Intermediate,257,48.3
R058516,33,Male,1,Beginner,264,29.3
R024777,47,Female,3,Beginner,260,20
R000451,64,Female,0,Advanced,,21.4
R031360,47,Male,6,Beginner,288,20
R043194,61,Male,1,Intermediate,264,46.2
R019297,27,Male,1,Advanced,266,43.3
R015844,55,Non-binary,0,Intermediate,,20
R095073,30,Female,3,Advanced,241,20
R005183,46,Male,1,Intermediate,229,116.9636874
R041265,52,Female,1,Beginner,258,20
R064299,53,Female,3,Advanced,213,20
R026415,28,Female,4,Beginner,308,20
R000885,60,Male,3,Beginner,321,46.8
R009762,45,Female,1,Beginner,307,20
R063930,19,Female,1,Intermediate,221,46
R059006,37,Male,3,Advanced,193,20
R043151,33,Female,4,Beginner,293,20
R095666,39,Female,2,Intermediate,280,20
R011289,50,Female,1,Intermediate,230,100.3686499
R057330,62,Female,3,Advanced,197,20
R035915,55,Female,3,Intermediate,226,36.2
R046780,23,Male,1,Beginner,297,20
R033859,30,Non-binary,1,Intermediate,280,20
R091453,31,Female,3,Intermediate,211,100.3433004
R030544,57,Male,0,Advanced,,20
R032370,47,Female,3,Intermediate,224,20
R046005,49,Male,1,Beginner,220,21.1
R039324,27,Non-binary,2,Beginner,304,22
R040275,25,Female,1,Beginner,249,20
R019676,21,Female,1,Beginner,283,109.9665422
R087159,62,Female,2,Intermediate,245,46.1
R046657,24,Female,0,Beginner,,20
R019093,57,Male,2,Advanced,213,33.3
R011690,50,Male,5,Beginner,285,20
R057954,22,Male,1,Advanced,250,21.8
R048267,47,Male,0,Beginner,,20
R077519,35,Female,1,Advanced,219,29.8
R017881,43,Male,3,Advanced,222,20
R052908,33,Female,1,Beginner,266,20
R002123,22,Male,3,Intermediate,291,43.8
R075468,29,Female,3,Intermediate,208,40.7
R063726,61,Male,2,Beginner,261,20
R079584,49,Female,0,Intermediate,,20
R051147,55,Male,1,Beginner,304,20
R073373,42,Male,1,Intermediate,240,20
R072915,48,Male,5,Advanced,196,44.7
R008551,50,Female,1,Intermediate,216,24.4
R011062,40,Non-binary,0,Beginner,,35.2
R070559,47,Female,2,Intermediate,250,35.8
R019193,36,Female,3,Beginner,306,36.5
R056338,61,Male,1,Beginner,258,22.3
R036792,34,Male,2,Intermediate,259,37.3
R084576,41,Male,1,Intermediate,287,20
R010584,40,Female,2,Beginner,288,20
R093885,57,Non-binary,3,Beginner,292,38.9
R056035,56,Male,4,Intermediate,223,50.5
R046847,20,Female,3,Beginner,304,20
R035144,64,Male,1,Intermediate,253,49.1
R061115,62,Non-binary,4,Intermediate,293,20
R055897,62,Male,0,Advanced,,51.5
R033791,40,Male,1,Advanced,204,27.7
R072633,59,Female,0,Advanced,,46
R059934,24,Male,0,Beginner,,22.8
R071335,59,Female,3,Intermediate,262,33.8
R053536,40,Female,3,Beginner,230,20
R043311,23,Male,2,Beginner,282,44.2
R032713,39,Female,2,Beginner,305,24.7
R006277,63,Male,3,Beginner,231,20
R005511,35,Male,2,Intermediate,261,56.3
R059439,57,Female,2,Beginner,300,33.2
R013428,21,Male,4,Beginner,280,31.2
R069633,40,Female,1,Beginner,245,27.3
R079497,46,Female,2,Advanced,257,42
R015024,20,Male,3,Intermediate,260,54.3
R066425,56,Female,5,Beginner,311,25
R000797,34,Male,0,Advanced,,26.8
R040743,48,Female,5,Intermediate,268,20
R037413,55,Male,1,Advanced,215,33.8
R026774,42,Male,6,Beginner,287,20
R071905,32,Male,2,Beginner,283,24
R072402,22,Male,1,Intermediate,248,20
R053876,63,Female,0,Beginner,,20
R067209,54,Male,1,Advanced,157,20
R038509,46,Male,1,Beginner,255,31.2
R041878,56,Male,2,Beginner,286,20.6
R034409,21,Female,4,Beginner,290,20
R086427,39,Female,1,Advanced,243,20
R011672,22,Female,1,Intermediate,242,20
R010590,41,Female,1,Intermediate,228,23.7
R093292,29,Male,1,Intermediate,228,22.8
R034371,24,Female,3,Beginner,267,109.9046171
R060541,40,Male,2,Beginner,258,46.2
R010426,41,Male,1,Advanced,237,24.4
R086017,35,Male,3,Intermediate,256,55
R069587,62,Female,1,Intermediate,194,20
R031093,39,Male,1,Advanced,224,55.7
R031321,62,Male,3,Beginner,318,20
R013825,57,Female,1,Intermediate,290,20
R082328,23,Male,1,Intermediate,274,20
R089268,29,Female,1,Intermediate,246,20
R032758,33,Female,3,Intermediate,219,27.8
R064244,45,Female,3,Beginner,290,27.4
R055643,22,Male,2,Beginner,263,20
R060101,46,Male,3,Advanced,191,41.7
R069579,57,Male,3,Advanced,198,20
R028798,48,Male,0,Advanced,,52.2
R078588,42,Female,2,Beginner,237,42
R019859,37,Female,2,Beginner,272,20
R045508,29,Female,4,Beginner,281,20
R043518,43,Non-binary,4,Intermediate,243,45.7
R001032,28,Male,2,Beginner,274,27.9
R082939,40,Male,0,Intermediate,,44.1
R077725,27,Male,5,Intermediate,256,20
R087964,24,Male,1,Beginner,327,20
R079691,46,Female,4,Beginner,288,20
R058409,28,Male,1,Beginner,296,20
R051411,43,Male,0,Beginner,,20
R011549,65,Female,1,Intermediate,277,27.7
R045540,34,Female,1,Beginner,256,20
R012610,30,Male,2,Beginner,334,30.6
R013553,51,Female,3,Beginner,306,20
R099852,58,Male,0,Beginner,,20
R033177,58,Non-binary,5,Advanced,202,28
R024443,52,Male,1,Beginner,273,46.9
R070268,41,Female,1,Intermediate,261,25.6
R049838,64,Female,1,Beginner,248,44.2
R032000,65,Female,2,Beginner,300,20
R005080,41,Male,2,Intermediate,298,34.2
R036162,59,Female,4,Beginner,246,20
R086156,33,Female,0,Intermediate,,40.6
R011090,21,Female,1,Advanced,217,20
R009292,64,Male,1,Intermediate,238,20
R044095,52,Male,0,Intermediate,,20
R089788,32,Female,3,Beginner,295,21.8
R031577,24,Female,3,Intermediate,209,26.7
R010492,18,Female,4,Intermediate,227,20
R065436,21,Female,5,Intermediate,251,40.8
R096321,63,Male,1,Intermediate,214,34.2
R099862,28,Female,3,Beginner,275,46.4
R017606,35,Female,0,Intermediate,,21.8
R040013,18,Male,1,Advanced,242,54.5
R001178,31,Non-binary,0,Intermediate,,34.5
R028768,24,Male,1,Advanced,208,85.4
R032727,50,Female,3,Beginner,247,26.1
R022245,35,Male,2,Intermediate,251,65.8
R032868,56,Male,1,Beginner,307,23
R018060,56,Non-binary,0,Intermediate,,20
R010139,22,Male,3,Intermediate,275,20
R076348,32,Male,2,Intermediate,263,110.0559734
R066660,19,Female,3,Advanced,207,21.3
R040696,55,Female,3,Intermediate,285,20
R063886,21,Male,3,Beginner,243,20
R072157,63,Female,0,Intermediate,,26.4
R054277,40,Female,0,Intermediate,,20
R053032,27,Female,2,Beginner,229,20
R083898,38,Male,3,Beginner,264,25.9
R040940,26,Female,1,Advanced,240,32.8
R013467,40,Non-binary,3,Advanced,224,32.8
R029949,37,Non-binary,2,Intermediate,261,20
R046280,46,Female,3,Beginner,288,20
R068757,52,Female,1,Beginner,264,35.6
R073750,18,Male,1,Intermediate,289,20
R033839,44,Female,4,Beginner,291,22.3
R066664,44,Female,1,Advanced,209,20
R018972,65,Male,2,Beginner,277,39.1
R042749,30,Female,3,Beginner,257,30
R019243,38,Male,1,Advanced,263,113.8674666
R064666,26,Male,1,Beginner,313,20
R035786,20,Female,2,Beginner,273,47.8
R080957,21,Male,4,Beginner,283,20
R037630,50,Female,2,Beginner,298,20
R065630,34,Female,2,Beginner,329,20
R049955,56,Male,1,Beginner,256,20
R004760,23,Male,5,Intermediate,279,33.4
R097362,48,Male,0,Beginner,,26.4
R061724,23,Male,3,Beginner,293,20
R044715,18,Male,3,Beginner,286,20
R098817,41,Female,2,Beginner,285,20.1
R002403,61,Female,3,Intermediate,219,24.9
R010245,43,Female,4,Beginner,287,20
R075776,19,Male,3,Beginner,280,20
R009048,38,Male,4,Intermediate,266,20
R064268,25,Male,2,Beginner,299,42
R028317,40,Female,2,Beginner,291,20
R054481,60,Male,0,Beginner,,20
R039977,22,Male,4,Beginner,283,20
R022898,18,Male,1,Intermediate,221,20
R060189,54,Female,1,Advanced,224,20
R059638,45,Female,1,Beginner,261,29.3
R092254,63,Male,3,Beginner,287,20
R076995,62,Male,1,Intermediate,255,34.9
R066541,28,Female,2,Advanced,225,20
R059982,62,Female,1,Beginner,302,41.3
R046617,30,Male,1,Beginner,301,20
R084814,27,Male,1,Beginner,317,53.8
R068499,55,Female,3,Intermediate,208,20
R000921,27,Female,1,Beginner,303,20
R048695,57,Female,2,Beginner,279,20
R042295,45,Male,2,Beginner,258,26.5
R042323,51,Female,2,Beginner,273,31.8
R085581,43,Male,1,Beginner,299,20
R005345,55,Female,2,Intermediate,263,20
R079002,54,Male,2,Beginner,322,20
R083590,31,Male,4,Advanced,217,20
R023117,29,Male,1,Beginner,298,20
R073467,56,Male,2,Beginner,264,31.1
R097534,56,Female,4,Intermediate,194,57.6
R075662,56,Female,2,Intermediate,257,22.7
R031580,39,Male,3,Beginner,308,20
R063306,29,Female,0,Intermediate,,39.3
R039863,52,Male,2,Intermediate,250,28.9
R090920,37,Female,2,Beginner,289,38.7
R023510,34,Male,3,Beginner,236,40.2
R063506,25,Female,1,Intermediate,252,20
R078843,45,Male,2,Advanced,231,20
R018874,46,Female,2,Beginner,289,20
R028563,37,Male,3,Beginner,229,39.7
R071134,40,Male,4,Advanced,176,27.4
R017815,21,Male,5,Beginner,288,20
R081715,58,Female,1,Beginner,274,20
R069488,35,Female,4,Beginner,285,22.5
R053588,29,Female,4,Intermediate,244,20
R002564,32,Male,1,Beginner,269,38.7
R089118,20,Female,2,Advanced,220,43.4
R017545,59,Male,2,Intermediate,238,23.3
R053157,20,Female,4,Advanced,204,52.9
R030010,62,Male,5,Intermediate,242,20
R084288,40,Male,2,Intermediate,229,25.2
R089565,47,Female,3,Intermediate,254,20
R002224,42,Male,1,Intermediate,210,23.3
R050936,37,Male,2,Advanced,239,20
R066336,18,Female,1,Advanced,184,46.1
R057218,44,Female,6,Advanced,223,20
R082596,35,Female,3,Intermediate,277,41.7
R063952,48,Female,2,Advanced,292,25.7
R011643,40,Female,2,Beginner,246,27.4
R040139,41,Male,2,Advanced,204,20
R039622,57,Female,0,Beginner,,50.3
R092878,21,Male,2,Beginner,225,20
R002586,53,Male,3,Beginner,300,20
R018801,20,Female,1,Intermediate,228,20
R033056,20,Male,2,Intermediate,228,20
R050579,47,Male,1,Beginner,271,101.7810651
R026158,38,Female,2,Advanced,220,20
R093855,49,Male,2,Advanced,215,34.7
R034055,36,Female,1,Intermediate,214,22.1
R078015,48,Male,3,Intermediate,234,20
R012009,28,Female,2,Intermediate,248,20
R066679,21,Male,0,Beginner,,20
R071354,41,Female,1,Intermediate,225,20
R036403,34,Female,1,Intermediate,211,28.7
R063283,55,Male,0,Beginner,,39.1
R070593,61,Female,4,Beginner,292,22.1
R073599,19,Female,4,Intermediate,290,20
R063767,45,Male,1,Intermediate,255,30.4
R049405,63,Female,3,Beginner,252,38.2
R039070,25,Female,2,Beginner,306,20
R027332,65,Male,4,Beginner,291,25
R036981,20,Female,2,Beginner,289,20
R061313,49,Male,7,Intermediate,228,20
R049887,22,Male,1,Beginner,278,20
R079053,37,Female,2,Intermediate,272,30.5
R073149,43,Female,1,Intermediate,239,20
R072417,51,Male,2,Advanced,216,20
R052938,41,Female,2,Beginner,277,20
R049131,59,Female,1,Intermediate,268,109.9793585
R020270,34,Female,1,Beginner,221,26.2
R069604,54,Female,3,Advanced,190,20
R029620,45,Female,5,Beginner,242,42.9
R084407,35,Male,3,Intermediate,307,24.6
R033152,31,Female,1,Beginner,242,37.6
R001282,40,Male,3,Intermediate,231,20
R015145,56,Male,2,Intermediate,210,20
R044244,37,Male,1,Beginner,279,20
R072640,22,Female,0,Intermediate,,21.2
R079865,22,Female,3,Intermediate,281,28.9
R039110,46,Male,1,Intermediate,263,20
R031419,63,Male,1,Beginner,280,20
R095544,27,Female,3,Intermediate,291,37.1
R056569,34,Female,1,Intermediate,219,25.1
R045272,47,Male,2,Intermediate,284,24.7
R094911,21,Male,2,Beginner,283,20
R063480,41,Male,1,Beginner,349,20
R079878,61,Male,4,Beginner,287,20
R061748,59,Non-binary,3,Intermediate,263,20
R035081,37,Male,4,Beginner,340,27.9
R003702,41,Male,1,Beginner,275,20
R081223,26,Male,2,Intermediate,270,34
R004004,27,Female,1,Beginner,285,25.7
R045223,64,Female,5,Beginner,267,20
R077607,26,Non-binary,1,Intermediate,220,20
R051861,57,Female,2,Intermediate,248,20
R037606,25,Male,0,Beginner,,35.4
R029033,47,Male,0,Intermediate,,25.3
R086616,32,Female,1,Advanced,220,33.4
R077013,65,Male,1,Beginner,276,26.7
R026350,62,Female,1,Intermediate,242,117.497144
R077638,45,Male,0,Advanced,,20
R020018,24,Female,2,Beginner,310,20
R010367,41,Female,4,Beginner,311,21.7
R072011,30,Male,5,Beginner,285,21.8
R007102,52,Male,2,Intermediate,232,60.4
R096737,45,Male,7,Beginner,233,21.3
R065707,62,Male,4,Intermediate,247,20
R001281,41,Male,1,Beginner,243,39.6
R058056,41,Male,2,Beginner,302,34.8
R032364,57,Female,3,Intermediate,263,58.8
R083055,47,Female,5,Intermediate,240,24.5
R032679,48,Male,2,Beginner,259,20
R081688,24,Male,1,Beginner,232,20
R024745,52,Male,0,Intermediate,,32.1
R013182,39,Female,1,Intermediate,251,20
R064830,44,Female,3,Beginner,293,20
R018810,31,Non-binary,1,Beginner,234,36.7
R029825,36,Male,2,Beginner,264,20
R081999,42,Female,1,Intermediate,206,20
R024167,57,Male,3,Intermediate,247,20
R005591,21,Female,2,Beginner,250,20.1
R045744,26,Male,3,Beginner,332,20
R054426,58,Female,3,Intermediate,191,20.1
R004355,30,Female,3,Beginner,249,20
R029111,63,Non-binary,3,Intermediate,269,30.4
R032958,23,Male,1,Beginner,335,30.2
R016715,49,Female,0,Intermediate,,20
R031508,41,Female,2,Beginner,296,20
R004807,53,Male,1,Beginner,276,20
R094614,50,Male,5,Intermediate,256,55.9
R038261,56,Male,2,Intermediate,294,24.3
R053547,26,Female,1,Beginner,273,26.1
R053138,39,Male,0,Intermediate,,20
R096332,18,Male,2,Intermediate,294,41.5
R035730,36,Female,3,Intermediate,258,37.6
R079279,37,Female,0,Intermediate,,20
R009198,62,Female,2,Intermediate,250,30.2
R011383,25,Male,3,Beginner,292,20
R037807,26,Male,2,Advanced,189,57.4
R084403,18,Female,2,Beginner,297,20
R036618,32,Female,2,Beginner,301,20
R086835,60,Male,1,Beginner,300,20
R021682,38,Male,2,Intermediate,274,33.5
R096295,49,Male,4,Advanced,244,50.5
R080304,61,Male,1,Advanced,191,20
R086802,30,Male,1,Beginner,262,20
R071862,64,Female,0,Intermediate,,60.7
R037229,49,Female,0,Beginner,,20
R086265,47,Female,3,Advanced,194,25
R077652,60,Female,2,Beginner,296,40.3
R024387,54,Female,2,Beginner,315,22.3
R025270,47,Male,2,Intermediate,233,27.4
R081402,26,Female,1,Intermediate,279,40.2
R044647,38,Non-binary,1,Intermediate,259,20
R090374,39,Female,1,Beginner,278,20
R074632,33,Female,3,Intermediate,204,36.7
R031963,40,Male,0,Beginner,,20
R028757,24,Female,3,Beginner,281,21.1
R094112,65,Female,2,Beginner,307,20
R086010,23,Male,1,Intermediate,278,37.6
R037072,48,Female,3,Advanced,171,60.7
R021365,31,Male,2,Beginner,269,20
R054811,51,Male,3,Advanced,240,56.1
R021692,22,Female,2,Beginner,269,20
R075272,37,Female,3,Advanced,212,36
R089555,52,Male,2,Beginner,271,32.6
R061129,55,Female,2,Advanced,174,20
R001291,51,Female,4,Beginner,294,20
R081127,36,Male,2,Beginner,302,20
R031300,51,Male,0,Beginner,,20
R025366,27,Female,2,Beginner,296,20
R071881,40,Male,2,Intermediate,276,54.3
R083007,61,Female,2,Beginner,259,20
R073272,35,Female,0,Intermediate,,20
R018612,38,Female,1,Advanced,245,21.9
R033774,55,Male,0,Beginner,,20
R047417,35,Male,2,Intermediate,213,20
R063075,40,Male,2,Intermediate,232,20
R095135,24,Male,0,Advanced,,20
R039022,41,Male,3,Beginner,266,20
R079454,25,Male,3,Intermediate,280,20
R016057,21,Female,1,Advanced,269,76.1
R035872,23,Female,1,Beginner,267,20
R029009,30,Male,2,Beginner,274,25.5
R004218,19,Male,0,Intermediate,,20
R006297,54,Male,2,Intermediate,262,20
R007552,45,Female,0,Intermediate,,118.8569288
R016468,28,Male,3,Advanced,246,111.5738156
R043005,44,Male,2,Beginner,232,20
R027621,49,Male,1,Beginner,279,20
R060907,58,Male,6,Beginner,273,20
R066022,63,Male,2,Beginner,285,20
R014049,36,Female,1,Intermediate,295,20
R014158,50,Male,3,Advanced,246,42.7
R096618,38,Male,5,Intermediate,263,108.4665118
R054449,20,Non-binary,4,Advanced,232,45.9
R063751,50,Male,3,Advanced,173,39
R053943,30,Male,3,Advanced,219,20
R056697,36,Female,6,Beginner,290,20
R062421,27,Male,2,Beginner,266,112.4914794
R003603,23,Female,1,Beginner,291,34.5
R063365,29,Male,2,Intermediate,261,20
R067466,39,Male,1,Beginner,254,22.1
R020879,25,Male,2,Advanced,189,20
R066313,20,Male,0,Beginner,,34.6
R030161,36,Female,2,Beginner,216,20
R083504,34,Non-binary,2,Beginner,275,45.2
R088698,55,Female,0,Intermediate,,31.2
R093265,49,Non-binary,2,Beginner,314,39.8
R054502,44,Female,1,Beginner,241,20
R054286,22,Female,4,Beginner,292,20
R052246,58,Male,3,Beginner,251,28
R056105,62,Female,4,Intermediate,205,35.7
R030362,34,Female,1,Intermediate,260,50.6
R053502,60,Male,1,Beginner,306,20
R071136,23,Female,0,Beginner,,24.9
R016594,57,Male,3,Advanced,217,30.7
R015845,52,Male,1,Beginner,322,25
R063663,48,Female,3,Advanced,256,22.9
R030571,35,Female,1,Beginner,254,20
R031531,62,Female,1,Beginner,308,20
R047070,33,Male,2,Beginner,252,20
R032610,54,Male,2,Beginner,270,20
R054546,31,Female,1,Beginner,251,26.6
R001206,55,Male,3,Beginner,268,20
R027633,38,Male,0,Beginner,,36.8
R003287,20,Female,4,Intermediate,281,20
R009009,56,Female,2,Intermediate,212,20
R063454,60,Female,3,Beginner,275,20
R086724,60,Female,3,Intermediate,236,26
R032585,35,Male,1,Beginner,281,20
R001687,60,Male,3,Intermediate,278,20
R075762,55,Female,0,Beginner,,20
R012414,54,Female,1,Intermediate,245,20
R072190,55,Male,0,Beginner,,20
R013824,44,Female,3,Beginner,274,20
R043903,20,Female,2,Advanced,215,34.5
R018937,29,Female,5,Beginner,257,20
R070487,64,Female,2,Intermediate,285,20.7
R032805,21,Female,3,Beginner,302,32.2
R002371,62,Female,2,Intermediate,288,33.1
R015394,31,Female,5,Intermediate,250,25.2
R027536,26,Female,4,Advanced,213,104.5564333
R004917,57,Female,3,Beginner,261,20
R050990,34,Female,0,Advanced,,20
R008136,30,Male,2,Beginner,274,21.1
R035530,61,Female,2,Intermediate,293,46.4
R038413,38,Male,4,Beginner,311,20
R020399,37,Male,0,Beginner,,20
R020969,55,Male,2,Beginner,261,20
R052940,27,Male,3,Beginner,293,110.220993
R088726,42,Non-binary,1,Beginner,242,110.2364944
R090470,58,Male,1,Beginner,284,41.6
R020826,65,Female,1,Beginner,239,20
R021800,24,Male,2,Beginner,269,30.2
R023379,19,Male,1,Beginner,304,20
R084734,21,Female,2,Beginner,294,20
R026724,50,Female,1,Advanced,231,54.2
R024620,26,Male,5,Beginner,283,20
R020820,55,Male,5,Intermediate,284,20
R031316,36,Male,3,Intermediate,264,34.1
R075792,42,Non-binary,1,Beginner,229,20
R027528,30,Male,5,Beginner,287,20
R006749,23,Female,1,Beginner,268,20
R042706,49,Female,4,Intermediate,240,42.7
R065314,65,Female,3,Beginner,314,20
R087724,55,Non-binary,2,Intermediate,232,20
R017827,59,Male,0,Beginner,,46.4
R030129,42,Male,2,Beginner,291,20
R076090,47,Female,4,Beginner,297,28.1
R055504,38,Male,2,Beginner,280,20
R088957,48,Male,3,Beginner,267,21.8
R093301,20,Female,1,Advanced,225,48.2
R053873,47,Female,2,Intermediate,272,20
R027393,25,Female,4,Beginner,288,119.3199583
R022448,55,Male,1,Advanced,255,28.8
R075089,24,Male,1,Beginner,343,48.8
R080788,26,Non-binary,5,Advanced,240,20
R071067,48,Female,1,Advanced,209,24.8
R047128,20,Male,3,Advanced,180,29
R001012,30,Male,3,Beginner,287,38.4
R003258,32,Male,0,Intermediate,,108.9938625
R037618,33,Male,2,Intermediate,233,29.2
R032845,63,Female,3,Beginner,255,25.7
R011308,49,Non-binary,2,Intermediate,249,103.5926633
R038729,64,Male,3,Beginner,275,40.7
R067226,51,Male,2,Advanced,254,46.8
R094846,44,Female,3,Intermediate,278,37.8
R011419,54,Female,2,Beginner,276,20
R015880,44,Female,4,Advanced,236,20
R027422,30,Male,2,Beginner,261,28.9
R053420,56,Female,2,Beginner,328,30.9
R090511,34,Female,1,Beginner,242,22
R011628,63,Male,0,Beginner,,20
R085929,30,Male,2,Beginner,328,20
R004622,44,Female,1,Advanced,261,20
R001939,39,Male,0,Intermediate,,20
R046258,32,Male,2,Beginner,274,20
R006007,28,Female,3,Beginner,239,20
R009353,26,Female,5,Beginner,304,20
R036811,20,Female,4,Intermediate,261,25.5
R028190,27,Male,2,Beginner,265,30.9
R085967,36,Male,1,Advanced,216,43.8
R050339,30,Female,2,Intermediate,225,52.5
R078541,48,Female,0,Intermediate,,20
R034815,19,Female,1,Beginner,336,20
R068445,65,Male,1,Intermediate,216,20
R096027,48,Female,3,Advanced,219,56.4
R074445,43,Female,3,Advanced,236,25
R044569,18,Male,3,Beginner,284,20
R013294,40,Female,3,Beginner,302,20
R025571,65,Female,0,Beginner,,20
R034073,30,Female,1,Beginner,279,23.1
R033773,39,Female,0,Beginner,,20
R006189,22,Male,1,Advanced,229,20
R005223,51,Female,0,Advanced,,61.3
R097483,59,Female,2,Beginner,296,20
R026895,20,Male,0,Advanced,,58.6
R097055,58,Female,1,Intermediate,240,20
R065049,23,Female,1,Beginner,307,43.1
R039945,42,Male,1,Advanced,219,20
R014611,28,Male,3,Intermediate,262,20
R065807,43,Female,3,Beginner,323,20
R079435,55,Female,1,Intermediate,239,20
R002533,21,Female,3,Advanced,236,37.7
R017961,32,Female,1,Beginner,253,20
R071938,40,Female,1,Beginner,277,20
R046791,40,Female,0,Advanced,,20
R041434,65,Female,3,Beginner,295,29.8
R089743,58,Male,3,Beginner,292,20
R007989,32,Male,3,Advanced,180,22.3
R035859,57,Female,2,Beginner,257,20
R036541,63,Male,3,Advanced,239,20
R040146,21,Female,1,Beginner,280,20
R023437,58,Male,4,Beginner,302,25.7
R018335,46,Female,3,Advanced,225,43.3
R072065,19,Female,2,Advanced,219,50.9
R025704,56,Female,2,Beginner,301,20
R080749,22,Male,3,Intermediate,280,20
R026514,64,Male,2,Beginner,304,20
R010440,25,Male,3,Beginner,303,20
R088216,55,Female,1,Advanced,186,33.1
R064662,59,Male,1,Intermediate,307,46
R011380,44,Female,1,Intermediate,209,58.3
R049281,47,Female,1,Intermediate,247,31.3
R001051,46,Female,4,Advanced,202,42.3
R094559,62,Male,0,Intermediate,,20
R016432,53,Female,0,Beginner,,20
R001772,49,Male,0,Beginner,,20
R056528,56,Male,2,Beginner,231,20
R024985,49,Female,2,Advanced,238,26.3
R097019,33,Female,0,Beginner,,20
R003462,63,Female,2,Beginner,275,20
R072010,47,Male,2,Beginner,236,20
R033033,45,Male,4,Intermediate,246,20
R038975,26,Female,0,Intermediate,,20
R041589,35,Male,0,Beginner,,20
R098387,44,Male,3,Beginner,234,20
R045784,49,Female,2,Beginner,229,45.7
R081884,38,Male,1,Intermediate,243,20
R017462,31,Female,1,Beginner,267,20
R062722,47,Male,4,Intermediate,248,20
R077973,61,Male,1,Beginner,316,20
R060182,27,Female,3,Beginner,291,61.6
R010274,19,Female,2,Intermediate,263,20
R081095,52,Male,1,Intermediate,255,38.1
R094393,39,Female,1,Intermediate,240,49.5
R038601,51,Male,2,Advanced,229,26.9
R075785,28,Male,2,Beginner,262,20
R000208,19,Male,0,Intermediate,,20
R022827,51,Male,2,Intermediate,278,25.3
R090502,60,Female,5,Beginner,229,20
R022798,32,Non-binary,0,Beginner,,20
R097371,25,Non-binary,3,Intermediate,280,20
R032202,19,Male,3,Beginner,268,20
R070039,22,Female,1,Intermediate,263,20
R099331,50,Male,2,Intermediate,261,30.9
R068748,22,Female,4,Advanced,218,20
R088532,50,Male,5,Intermediate,248,20
R012459,34,Female,3,Beginner,263,20
R083989,46,Non-binary,1,Advanced,225,61.9
R091197,58,Non-binary,3,Beginner,301,20
R018012,23,Male,4,Beginner,279,20
R054339,20,Female,1,Intermediate,254,28.8
R037389,32,Male,2,Beginner,320,45.1
R007447,20,Male,2,Beginner,295,20
R081772,61,Non-binary,1,Beginner,268,20
R054778,25,Male,1,Advanced,190,27.6
R053500,58,Female,0,Beginner,,20
R033098,65,Female,3,Beginner,262,20
R094119,53,Female,2,Beginner,306,20
R082613,50,Male,2,Beginner,280,20
R051369,49,Female,2,Intermediate,223,20
R095035,60,Non-binary,2,Beginner,231,20
R010983,44,Male,6,Beginner,317,20
R029077,58,Female,0,Beginner,,20
R042251,18,Female,3,Beginner,273,25.1
R023196,58,Female,0,Beginner,,20
R000811,51,Male,1,Beginner,257,20
R096306,22,Non-binary,2,Beginner,258,118.0509049
R005970,39,Male,2,Intermediate,259,38.3
R014953,34,Female,3,Beginner,294,20
R050635,44,Male,4,Advanced,215,65.6
R017679,61,Male,3,Advanced,230,35.6
R097366,20,Female,0,Beginner,,26.2
R046264,58,Female,1,Intermediate,250,49
R085968,31,Male,1,Intermediate,235,42.1
R068983,19,Male,1,Beginner,265,20
R090955,20,Female,0,Intermediate,,20
R059849,34,Female,4,Beginner,300,113.5608329
R068368,24,Female,2,Intermediate,266,38.7
R088031,48,Female,1,Intermediate,221,23.7
R038301,35,Male,0,Intermediate,,42.1
R042357,20,Female,0,Beginner,,118.0719056
R098523,27,Male,4,Intermediate,248,49.9
R080948,43,Female,3,Intermediate,251,20
R044426,22,Male,2,Intermediate,198,47.3
R063660,59,Male,1,Advanced,196,24.5
R010428,19,Female,1,Beginner,262,20
R018746,47,Female,2,Beginner,298,34.4
R049912,26,Female,0,Beginner,,20
R029485,57,Male,1,Intermediate,272,20
R084527,56,Male,3,Intermediate,226,35.5
R021937,32,Female,1,Intermediate,296,20
R054901,39,Female,4,Advanced,234,20
R089473,37,Male,3,Beginner,260,24.4
R035770,35,Male,5,Beginner,270,20
R069347,29,Female,2,Advanced,254,20
R049245,41,Male,0,Beginner,,20
R029876,30,Female,6,Beginner,265,38
R078388,60,Female,1,Beginner,321,20.7
R095331,61,Male,2,Intermediate,251,20
R073669,47,Male,0,Beginner,,20
R012900,26,Male,0,Advanced,,28.9
R080701,28,Female,3,Advanced,248,20.5
R056352,41,Male,2,Intermediate,278,23
R011936,44,Female,0,Beginner,,20
R098566,29,Male,1,Advanced,243,42.3
R093928,31,Male,4,Beginner,308,20
R073460,45,Male,1,Intermediate,231,20
R020232,26,Non-binary,0,Intermediate,,20
R063657,61,Female,1,Intermediate,287,31.6
R005112,22,Male,1,Beginner,364,36
R094928,28,Male,1,Beginner,262,20
R095845,39,Male,3,Beginner,279,21.7
R024803,22,Male,0,Intermediate,,22.6
R024484,21,Male,1,Beginner,261,20
R049694,61,Male,1,Intermediate,237,31.5
R060089,35,Male,2,Beginner,239,20
R022358,36,Male,1,Advanced,210,20.9
R001586,56,Male,3,Beginner,299,23.5
R059273,33,Male,5,Intermediate,254,20
R045649,58,Male,1,Intermediate,247,42.9
R056241,31,Male,2,Intermediate,237,58.1
R066748,29,Female,1,Beginner,281,22.2
R040631,37,Female,4,Beginner,324,33.7
R062157,31,Female,1,Advanced,198,38.9
R025730,54,Male,4,Beginner,249,26.8
R088947,45,Non-binary,2,Advanced,193,20
R071286,30,Male,2,Advanced,171,106.8859472
R093327,35,Female,1,Beginner,268,45.1
R085451,31,Female,1,Advanced,211,20
R061589,59,Female,2,Beginner,263,26.8
R070860,49,Female,0,Beginner,,23
R088716,65,Male,1,Beginner,208,20
R078617,49,Male,5,Beginner,304,20
R060025,20,Male,3,Advanced,229,20
R009409,49,Female,3,Advanced,189,34
R050532,29,Male,1,Intermediate,289,20
R050657,26,Male,4,Beginner,249,30.6
R042913,37,Male,2,Advanced,224,20
R085475,42,Male,3,Beginner,265,20
R098526,38,Male,4,Beginner,281,25.1
R098814,62,Male,1,Beginner,276,20
R016471,60,Female,3,Beginner,268,20
R040502,36,Female,1,Beginner,265,33.5
R044952,22,Male,1,Beginner,253,49.1
R004767,59,Male,5,Beginner,297,20
R055747,59,Female,3,Advanced,219,28.2
R079804,40,Non-binary,0,Beginner,,32.6
R090983,60,Male,2,Beginner,301,20
R059342,34,Male,1,Beginner,271,20
R011942,30,Female,3,Beginner,256,20
R021089,61,Female,2,Intermediate,240,20
R081240,65,Male,2,Intermediate,261,20
R067312,39,Male,1,Intermediate,252,35.6
R039078,42,Male,2,Intermediate,217,32.7
R049600,53,Female,3,Advanced,217,20
R007736,48,Female,3,Beginner,218,20
R094949,58,Male,1,Intermediate,271,49.9
R044974,18,Male,1,Beginner,298,20
R088993,49,Male,2,Beginner,241,20
R040088,64,Female,3,Beginner,268,47.1
R029475,31,Female,4,Advanced,205,20
R063724,30,Male,1,Beginner,297,39.9
R053775,49,Male,0,Advanced,,46.3
R049380,58,Male,4,Intermediate,254,20
R053070,35,Male,0,Beginner,,21.6
R043674,60,Female,0,Beginner,,33.7
R099092,48,Male,3,Beginner,281,32.5
R021034,22,Male,2,Intermediate,236,20
R078697,57,Male,2,Advanced,203,44
R054347,48,Female,3,Beginner,329,20
R098863,22,Female,0,Intermediate,,38.2
R038166,46,Female,2,Intermediate,264,20
R011804,52,Male,1,Intermediate,247,31.9
R033041,55,Male,4,Advanced,206,34.3
R047372,22,Male,3,Advanced,233,22.6
R033873,43,Female,2,Beginner,284,20
R092707,39,Female,2,Beginner,266,33.7
R089435,46,Male,2,Intermediate,229,23.2
R091415,53,Male,2,Beginner,274,20
R024090,29,Male,2,Intermediate,259,20
R091961,60,Female,3,Beginner,294,20
R014800,35,Female,3,Intermediate,245,20
R013131,33,Female,2,Beginner,282,20
R072261,49,Female,7,Intermediate,245,41.4
R068996,31,Female,1,Beginner,264,24.9
R025189,25,Female,3,Intermediate,236,65.2
R068081,30,Female,2,Beginner,318,20
R047983,53,Female,2,Beginner,294,21.1
R050906,37,Male,1,Beginner,279,36.8
R036819,46,Male,4,Intermediate,258,27.9
R082984,45,Male,2,Beginner,255,34
R022294,19,Female,1,Beginner,291,20
R047980,60,Female,0,Intermediate,,20
R079709,21,Male,1,Intermediate,236,39.3
R085226,23,Female,2,Intermediate,206,20
R050912,42,Male,3,Advanced,237,35.4
R004068,51,Female,3,Beginner,257,30
R096067,62,Male,1,Advanced,171,20
R002299,30,Female,4,Intermediate,251,107.1040054
R065973,42,Male,1,Intermediate,274,20
R080261,49,Female,3,Beginner,244,20
R068326,49,Female,0,Beginner,,32.7
R026704,31,Female,1,Beginner,296,20
R033123,50,Male,3,Beginner,302,20
R008880,29,Male,3,Advanced,189,20
R068546,63,Female,0,Beginner,,20
R073102,63,Male,1,Advanced,204,20
R072322,57,Female,1,Beginner,305,20
R037779,44,Male,1,Beginner,280,20
R076634,35,Male,1,Beginner,304,100.9010818
R028018,62,Female,0,Beginner,,20
R064526,61,Female,2,Intermediate,232,26.3
R006507,25,Female,1,Beginner,286,45.5
R042365,34,Male,2,Intermediate,229,20.3
R093747,51,Male,1,Intermediate,304,20
R093181,25,Male,4,Advanced,190,25.3
R009788,21,Female,0,Intermediate,,20
R078698,34,Male,0,Beginner,,20
R066919,57,Male,3,Beginner,276,20
R068064,26,Female,0,Intermediate,,59.1
R075417,27,Male,3,Intermediate,246,30.3
R064890,45,Female,1,Beginner,295,20
R097276,65,Male,2,Beginner,296,23.7
R030313,24,Female,1,Intermediate,244,26
R078020,39,Female,4,Intermediate,268,35.1
R060255,23,Female,2,Beginner,329,20
R041185,27,Male,3,Beginner,284,30.6
R015233,56,Female,3,Beginner,268,30.6
R018717,19,Male,2,Intermediate,269,20
R021336,64,Female,0,Beginner,,35.4
R031231,19,Non-binary,1,Beginner,254,21
R053600,62,Male,1,Advanced,239,50.5
R021085,34,Female,1,Advanced,234,47.5
R018919,19,Male,2,Intermediate,239,20
R075128,48,Non-binary,2,Beginner,294,20
R076932,60,Female,3,Advanced,245,30.4
R010130,65,Male,3,Beginner,300,20
R025848,39,Female,4,Beginner,302,30.7
R065050,56,Male,3,Beginner,291,20
R026799,55,Male,4,Beginner,293,20
R036082,51,Female,3,Advanced,237,20
R057175,21,Male,2,Beginner,298,20
R014903,19,Non-binary,2,Advanced,252,45.8
R073815,50,Male,2,Beginner,290,24
R024181,48,Male,1,Beginner,281,20
R006004,60,Female,0,Beginner,,20
R047131,18,Female,1,Beginner,273,20
R070010,21,Female,2,Advanced,225,20
R065879,21,Female,1,Advanced,212,36.3
R053897,53,Male,1,Beginner,275,42.9
R021938,61,Female,0,Intermediate,,104.8882349
R042664,57,Female,4,Beginner,277,20
R024405,64,Male,4,Intermediate,262,20
R080573,48,Female,1,Intermediate,268,20
R056812,38,Male,2,Intermediate,249,25.4
R084209,18,Male,3,Intermediate,260,20
R031473,22,Male,1,Beginner,274,20
R073708,56,Male,3,Intermediate,227,20
R045865,64,Male,1,Beginner,309,20
R033718,52,Female,3,Intermediate,211,24.4
R007499,51,Male,0,Beginner,,20
R065612,41,Male,5,Beginner,262,55
R076434,48,Male,3,Beginner,271,20
R039749,58,Male,1,Intermediate,269,36
R049475,37,Female,3,Advanced,229,20
R005430,48,Male,2,Advanced,229,35.9
R085688,65,Female,3,Intermediate,282,20
R068902,64,Male,1,Beginner,272,20
R014373,60,Male,3,Beginner,266,34.6
R089129,64,Female,3,Beginner,317,37.3
R040786,51,Female,2,Intermediate,265,61
R075895,38,Female,1,Intermediate,245,20
R078900,37,Male,0,Beginner,,21.5
R063021,39,Male,1,Intermediate,234,58.7
R085142,57,Male,2,Beginner,274,20
R065852,58,Female,1,Intermediate,292,20
R098054,49,Male,1,Intermediate,266,29.5
R014701,36,Female,5,Advanced,221,45.3
R064631,19,Male,2,Intermediate,296,20
R013470,45,Male,1,Intermediate,246,30.3
R076135,21,Female,2,Beginner,258,107.5634209
R056737,64,Female,5,Beginner,242,31.7
R087507,23,Female,3,Beginner,298,20
R036463,44,Female,0,Intermediate,,20
R031390,51,Male,1,Intermediate,250,45.9
R098600,61,Male,3,Intermediate,287,20
R037336,43,Male,0,Intermediate,,34
R092628,22,Female,1,Intermediate,275,20
R056180,30,Male,2,Intermediate,271,34.7
R084647,33,Male,2,Beginner,263,20
R005813,28,Male,0,Intermediate,,20
R005868,52,Female,1,Intermediate,242,26.8
R089597,58,Female,0,Advanced,,23.1
R071412,47,Male,1,Beginner,280,20
R014161,33,Male,2,Beginner,238,20
R084233,57,Male,3,Intermediate,265,46.3
R092317,63,Female,3,Beginner,328,20
R083910,38,Female,3,Beginner,247,20
R086216,42,Male,1,Advanced,223,42.4
R051989,62,Female,1,Beginner,277,20
R013003,32,Male,4,Beginner,283,34.1
R085707,46,Female,1,Beginner,281,20
R019953,36,Male,1,Intermediate,208,20
R071649,44,Female,1,Beginner,252,20
R044768,60,Male,0,Beginner,,20
R057412,31,Female,1,Advanced,230,21.9
R041898,63,Female,0,Intermediate,,20
R062896,54,Female,4,Intermediate,243,41.8
R064137,62,Female,1,Intermediate,248,20
R026843,51,Female,2,Intermediate,311,20
R074669,40,Male,2,Intermediate,227,20
R016412,28,Female,3,Intermediate,295,20
R045280,60,Male,5,Intermediate,235,20
R008475,22,Male,1,Advanced,220,48.8
R045418,32,Female,2,Beginner,293,20
R086594,46,Male,2,Advanced,194,44.8
R030595,41,Female,3,Beginner,308,20
R022991,64,Male,2,Beginner,262,20
R039678,54,Male,1,Beginner,249,20
R016694,37,Male,0,Advanced,,47.7
R044527,32,Female,1,Beginner,273,26.5
R047743,23,Female,1,Beginner,249,49.7
R082722,28,Male,2,Beginner,311,38.9
R098998,54,Female,2,Beginner,299,20
R011412,44,Female,4,Intermediate,262,21.7
R018831,22,Male,3,Beginner,229,45.2
R007896,63,Male,3,Advanced,262,58.3
R092927,44,Female,1,Intermediate,266,69.8
R074078,36,Female,3,Advanced,205,20
R016448,25,Male,2,Beginner,330,20
R065370,53,Female,1,Intermediate,284,20
R036115,24,Male,1,Intermediate,260,20
R017067,44,Female,0,Advanced,,32.9
R091529,50,Male,5,Beginner,260,20
R032480,48,Male,3,Advanced,185,24.9
R015076,44,Female,0,Intermediate,,20
R041533,62,Female,1,Beginner,289,20
R036370,59,Female,2,Beginner,261,20
R055545,23,Male,4,Beginner,254,33
R036950,23,Female,3,Beginner,310,20
R041121,37,Male,3,Beginner,280,29
R023557,42,Male,2,Intermediate,266,28.8
R052032,46,Male,0,Intermediate,,20
R035015,62,Male,2,Intermediate,204,57.4
R089978,36,Female,0,Beginner,,29.8
R014922,37,Female,2,Beginner,251,20
R064330,31,Male,2,Advanced,248,20
R092844,58,Male,1,Advanced,234,20
R052875,39,Female,5,Intermediate,235,30.2
R036083,60,Female,2,Beginner,263,20
R099655,53,Male,4,Beginner,272,30.7
R012488,47,Female,2,Advanced,191,30.4
R090518,55,Female,4,Beginner,296,21.7
R008525,35,Female,1,Beginner,319,20
R088966,64,Female,1,Intermediate,235,25
R007717,59,Female,2,Advanced,205,32.9
R014400,36,Female,1,Intermediate,280,20
R062303,44,Male,4,Beginner,294,20
R082808,59,Female,5,Beginner,303,48.5
R046360,18,Male,2,Intermediate,226,31.4
R060284,62,Female,5,Beginner,263,103.0599401
R079566,63,Male,3,Beginner,327,20
R060548,20,Female,1,Beginner,281,20
R002926,33,Female,2,Advanced,214,22
R067672,46,Male,5,Intermediate,255,45
R097967,46,Male,3,Intermediate,328,31.5
R051200,18,Male,1,Beginner,253,34.1
R094235,26,Female,3,Beginner,275,20
R088741,37,Female,3,Intermediate,274,20
R012059,58,Female,1,Intermediate,226,20
R076325,55,Female,1,Advanced,176,20
R076593,36,Male,1,Beginner,275,20
R080321,40,Male,3,Intermediate,268,67.9
R029025,33,Male,2,Beginner,310,20
R076296,54,Male,4,Intermediate,232,42.4
R047135,33,Female,5,Beginner,270,20.5
R036182,36,Male,2,Intermediate,279,37.9
R025881,50,Female,3,Advanced,227,20
R005405,33,Female,3,Beginner,268,20
R075379,53,Male,0,Intermediate,,20
R055223,23,Non-binary,3,Intermediate,257,20
R010547,63,Male,2,Advanced,259,43
R059381,43,Male,0,Intermediate,,50
R013420,48,Female,3,Advanced,235,53.6
R012656,54,Male,2,Intermediate,239,44.8
R026753,20,Male,2,Intermediate,225,23
R074183,19,Female,3,Intermediate,271,36.9
R065042,20,Male,2,Beginner,295,32.1
R012958,30,Female,3,Beginner,298,25.5
R004165,29,Male,3,Intermediate,225,20
R077509,36,Male,1,Advanced,207,20
R085994,24,Female,2,Beginner,210,20
R035438,52,Female,4,Intermediate,284,37.7
R064000,61,Male,3,Intermediate,286,20
R064026,63,Male,2,Intermediate,245,20
R003423,60,Female,1,Intermediate,283,20
R091257,45,Female,1,Beginner,225,43.9
R060699,64,Female,1,Intermediate,264,20
R003247,38,Male,3,Intermediate,201,31.6
R087586,31,Female,4,Intermediate,247,20
R083827,58,Male,0,Intermediate,,30
R067065,21,Female,2,Beginner,276,26.9
R000613,35,Female,1,Beginner,236,37.2
R071311,32,Male,2,Intermediate,214,20
R022402,60,Male,0,Beginner,,20
R094113,65,Male,2,Beginner,268,20
R095577,38,Male,2,Intermediate,271,45.8
R054395,24,Female,5,Beginner,263,20
R003192,26,Female,2,Beginner,274,20
R074792,22,Male,1,Beginner,293,30.5
R051129,26,Female,1,Beginner,298,26.8
R045902,34,Female,3,Beginner,295,21
R042635,41,Male,5,Beginner,313,20
R021254,31,Male,2,Intermediate,244,20
R018040,51,Female,0,Intermediate,,20
R060823,34,Female,4,Advanced,224,31.2
R026086,61,Female,1,Beginner,294,20
R030642,64,Female,3,Beginner,273,20
R016118,54,Male,2,Advanced,181,21
R071422,27,Female,3,Intermediate,264,37.7
R049114,57,Male,3,Intermediate,260,20
R086191,42,Male,3,Beginner,281,20
R075303,52,Male,2,Advanced,206,20
R066304,27,Male,3,Beginner,246,20
R007242,59,Male,1,Advanced,209,23.8
R026604,34,Non-binary,1,Advanced,190,20
R020496,22,Male,1,Beginner,303,37.4
R012576,25,Female,2,Intermediate,243,22.4
R027207,33,Male,3,Intermediate,234,36.3
R029463,52,Female,6,Intermediate,248,20
R070395,24,Female,0,Intermediate,,32.3
R086816,20,Female,1,Beginner,259,30.3
R076088,49,Female,1,Advanced,218,20
R010943,42,Male,2,Beginner,335,20
R058211,52,Female,1,Beginner,273,20
R075847,61,Female,1,Advanced,248,40.3
R025607,20,Female,2,Intermediate,239,44.8
R093284,22,Male,4,Beginner,267,20
R042184,25,Male,3,Intermediate,225,60.4
R045959,54,Male,1,Beginner,263,20
R044601,60,Male,3,Intermediate,230,30.4
R088507,40,Male,1,Beginner,295,31.2
R087859,57,Male,0,Intermediate,,20
R082248,21,Male,1,Beginner,255,22.8
R028642,30,Female,2,Intermediate,219,23.2
R061167,24,Male,0,Beginner,,20
R087333,60,Male,3,Beginner,297,20
R083042,53,Female,3,Beginner,323,20
R053302,21,Female,2,Beginner,307,20
R021478,36,Female,1,Intermediate,226,20
R020534,53,Female,5,Intermediate,244,20
R037796,44,Non-binary,3,Beginner,313,26.2
R045876,65,Male,2,Intermediate,237,47.9
R034953,47,Male,1,Intermediate,305,27.4
R021883,30,Male,1,Advanced,229,20.6
R081514,36,Female,1,Beginner,266,20
R024720,31,Female,2,Beginner,290,20
R042786,43,Female,2,Beginner,280,34.9
R015253,36,Female,4,Advanced,234,51.6
R096163,32,Male,0,Beginner,,20.6
R087430,50,Female,0,Beginner,,20
R008903,45,Female,3,Advanced,210,20
R080949,32,Female,3,Advanced,270,42
R048765,54,Female,4,Beginner,254,20
R029127,46,Female,3,Intermediate,254,20
R057040,47,Male,3,Intermediate,232,20
R033795,54,Male,1,Intermediate,263,30.6
R058689,31,Male,2,Beginner,285,24.3
R016951,31,Male,0,Intermediate,,20
R000700,33,Male,2,Intermediate,272,20
R041900,29,Male,2,Intermediate,263,20
R050943,30,Male,2,Beginner,297,20
R038095,23,Male,2,Beginner,304,22.1
R021158,34,Male,5,Intermediate,269,119.3302598
R053935,39,Male,2,Beginner,308,33.4
R060524,33,Female,0,Advanced,,37.8
R051073,65,Non-binary,0,Intermediate,,51.8
R074897,39,Female,2,Beginner,301,45.1
R035638,19,Male,2,Beginner,296,20
R082882,28,Female,1,Intermediate,224,62.3
R057137,21,Female,2,Intermediate,243,20.2
R027635,45,Female,2,Advanced,200,43.3
R020723,38,Male,1,Intermediate,237,33.9
R093862,62,Female,5,Intermediate,253,29.6
R027293,54,Male,0,Advanced,,20
R043613,28,Female,4,Intermediate,266,31.9
R063421,44,Female,0,Beginner,,20
R019052,51,Female,4,Beginner,276,20
R095333,27,Female,3,Advanced,207,33.5
R066211,19,Female,3,Advanced,248,58.4
R027438,24,Male,3,Beginner,275,20
R082794,49,Female,0,Beginner,,20
R061526,33,Male,3,Intermediate,209,20
R076365,53,Male,0,Beginner,,29.8
R048980,58,Female,0,Beginner,,31.9
R098635,41,Male,3,Intermediate,248,25.6
R023669,20,Non-binary,2,Beginner,303,20
R060672,43,Female,1,Intermediate,254,20
R052260,64,Male,1,Beginner,232,20
R069126,38,Female,3,Intermediate,266,20
R068492,38,Male,0,Beginner,,25.6
R079563,62,Male,1,Intermediate,276,20
R015405,34,Female,3,Beginner,246,20
R018565,57,Female,1,Beginner,293,48.7
R074087,20,Female,5,Beginner,282,20
R037620,52,Female,1,Intermediate,259,100.0540422
R018227,63,Female,2,Beginner,295,20
R086780,46,Female,2,Beginner,270,20
R013114,31,Male,0,Advanced,,76.1
R083341,48,Female,2,Beginner,271,41.1
R055263,40,Female,1,Advanced,238,56.6
R065280,47,Male,3,Beginner,315,25.7
R045738,54,Female,4,Intermediate,284,38.5
R020765,39,Male,0,Intermediate,,20
R038973,62,Female,2,Beginner,309,20
R095945,54,Male,0,Advanced,,45
R081654,53,Female,2,Beginner,288,116.6976367
R022250,47,Female,3,Intermediate,235,20
R040484,48,Male,0,Intermediate,,25.1
R067433,46,Male,0,Intermediate,,20
R067346,37,Female,4,Beginner,276,20
R045514,44,Male,0,Advanced,,20
R011191,62,Male,3,Advanced,228,33.7
R097188,27,Male,2,Intermediate,261,20.2
R041758,22,Male,2,Intermediate,237,20
R018737,31,Male,1,Beginner,286,20
R006506,25,Non-binary,3,Beginner,257,20
R028456,64,Male,1,Beginner,295,109.7606403
R081182,35,Male,0,Beginner,,20
R066050,60,Male,3,Intermediate,217,34
R061054,18,Female,3,Intermediate,239,37.5
R012253,51,Female,3,Beginner,284,20
R047333,56,Female,0,Beginner,,20
R096747,34,Male,1,Advanced,216,33.6
R063861,40,Female,2,Intermediate,203,20
R075708,55,Male,1,Beginner,258,26.5
R028212,53,Female,3,Beginner,274,20
R034674,28,Female,0,Beginner,,20
R033279,47,Male,1,Intermediate,257,45
R079262,43,Female,1,Beginner,251,20
R094074,55,Male,1,Beginner,244,20
R062737,27,Male,2,Beginner,331,28.5
R090721,22,Female,0,Beginner,,35
R088582,35,Female,2,Beginner,286,20
R052601,50,Male,0,Beginner,,20
R059597,52,Female,2,Advanced,195,52.4
R052893,57,Female,2,Intermediate,240,50.1
R049972,63,Female,4,Intermediate,266,20
R069272,30,Male,2,Beginner,277,20
R077430,49,Female,1,Beginner,313,20
R080454,32,Male,0,Intermediate,,20
R050611,47,Male,2,Beginner,275,20
R045037,52,Male,3,Intermediate,239,20
R003637,49,Male,1,Beginner,278,20
R006968,30,Female,1,Beginner,271,20
R022858,37,Female,2,Beginner,273,20
R063774,59,Female,5,Advanced,222,20
R073910,56,Male,0,Intermediate,,32.4
R056140,46,Female,4,Advanced,231,20.1
R016820,64,Female,2,Advanced,196,25.3
R095025,65,Male,0,Advanced,,20
R073732,57,Female,1,Advanced,238,57
R039287,58,Female,2,Intermediate,207,31.6
R010905,59,Female,1,Intermediate,254,20
R063615,50,Female,3,Beginner,312,20
R060994,36,Male,4,Beginner,276,20
R093342,62,Female,1,Beginner,264,20
R017190,48,Female,5,Beginner,265,20
R014219,60,Male,0,Beginner,,20
R056631,28,Male,1,Intermediate,266,20
R093896,44,Female,1,Beginner,301,33.1
R098575,47,Female,7,Beginner,284,36.4
R025520,22,Female,2,Advanced,231,20
R030275,31,Female,3,Intermediate,239,20
R045075,47,Male,1,Beginner,192,47.5
R099894,54,Female,5,Intermediate,236,20
R025401,18,Female,0,Beginner,,20
R064555,43,Female,3,Beginner,257,49.6
R034239,26,Male,0,Intermediate,,20
R080501,23,Male,1,Beginner,272,20
R000099,41,Female,2,Beginner,288,29.8
R045389,25,Female,1,Intermediate,265,104.9856154
R098212,22,Male,1,Beginner,303,20
R004710,21,Male,2,Advanced,239,24.3
R090299,40,Male,0,Intermediate,,20
R027857,63,Female,2,Beginner,278,20
R028143,65,Female,2,Beginner,297,32.5
R088900,52,Female,2,Beginner,293,51.2
R043977,20,Female,1,Beginner,269,26.2
R010651,33,Male,3,Intermediate,246,33.5
R075603,21,Female,1,Advanced,201,20
R035226,29,Male,4,Intermediate,234,20
R031845,57,Female,1,Intermediate,236,28.8
R041400,55,Female,0,Intermediate,,45.2
R023897,30,Female,3,Intermediate,272,49.6
R024478,18,Female,2,Beginner,303,33.7
R060598,44,Female,3,Advanced,181,73.7
R037380,43,Female,0,Intermediate,,46.3
R061121,28,Male,2,Beginner,266,20
R011222,40,Female,1,Advanced,247,20
R062991,33,Male,2,Advanced,229,55.5
R020525,55,Female,4,Beginner,285,20
R038373,65,Male,1,Advanced,189,20
R058478,28,Male,2,Beginner,279,20
R010296,19,Non-binary,2,Intermediate,253,20
R066755,58,Male,1,Beginner,269,22.2
R083841,47,Female,1,Beginner,301,20
R035490,53,Non-binary,2,Intermediate,259,31.5
R040713,23,Female,5,Intermediate,271,37.1
R052163,22,Male,2,Beginner,335,28.3
R019127,21,Male,3,Advanced,235,20
R030656,54,Male,1,Intermediate,252,33.8
R096195,41,Male,4,Intermediate,230,20
R039778,52,Male,3,Beginner,298,20
R005038,42,Female,2,Beginner,302,20
R098650,36,Female,0,Intermediate,,20.7
R007148,60,Female,4,Intermediate,256,20.3
R010720,41,Female,4,Beginner,298,31.4
R098605,51,Female,2,Advanced,244,20
R040909,36,Male,2,Intermediate,275,27.8
R053212,32,Female,3,Beginner,250,20
R020172,47,Male,1,Beginner,308,20
R075245,57,Female,4,Intermediate,274,34.8
R001341,41,Male,2,Advanced,241,20
R098326,58,Female,0,Advanced,,20
R044645,23,Female,1,Beginner,305,20
R094905,19,Male,1,Beginner,276,20
R003962,39,Male,3,Beginner,270,23.2
R083073,37,Female,4,Intermediate,227,20
R074428,32,Female,0,Intermediate,,33.3
R002871,37,Male,3,Advanced,186,20
R093666,25,Male,4,Intermediate,259,23.9
R075370,21,Male,3,Beginner,300,20
R007189,32,Female,5,Advanced,233,45.4
R093090,23,Male,0,Intermediate,,34.5
R025933,39,Male,1,Beginner,250,20
R080181,25,Male,4,Advanced,170,46.5
R060631,36,Female,4,Intermediate,233,31.9
R044679,43,Female,2,Intermediate,262,20
R063609,44,Female,2,Intermediate,290,20
R024920,36,Female,0,Advanced,,57
R037682,42,Male,6,Beginner,273,20
R048286,43,Male,0,Beginner,,30.1
R019033,22,Female,1,Intermediate,279,20
R084392,51,Male,2,Beginner,303,20
R088076,28,Female,2,Beginner,252,20
R029780,46,Female,4,Intermediate,233,35
R052339,33,Female,3,Beginner,299,30.5
R079698,23,Female,1,Intermediate,269,62.8
R072029,32,Male,1,Intermediate,263,52.2
R030905,19,Female,3,Advanced,239,20
R056422,21,Female,3,Intermediate,262,20
R000557,65,Female,1,Beginner,288,20
R007686,33,Female,2,Beginner,282,20
R049047,39,Female,2,Advanced,211,20
R083468,25,Female,2,Advanced,213,20
R045376,63,Female,0,Advanced,,27.2
R015130,40,Male,3,Intermediate,288,60.4
R089724,19,Female,0,Intermediate,,20
R084373,41,Male,0,Intermediate,,20
R063160,20,Female,2,Advanced,226,60.1
R082116,56,Female,2,Beginner,282,20.3
R067293,32,Female,4,Beginner,271,47.8
R003308,31,Female,3,Beginner,278,20
R069334,30,Female,3,Intermediate,247,61.8
R033093,34,Male,4,Beginner,312,51.2
R003027,38,Male,2,Beginner,266,20.9
R031069,55,Female,1,Advanced,161,20
R003665,38,Female,2,Beginner,289,20
R078686,43,Male,1,Intermediate,227,20
R091044,58,Female,2,Beginner,317,20
R065951,63,Male,2,Advanced,255,20
R086550,50,Female,1,Intermediate,256,20
R005810,37,Female,1,Beginner,320,20.7
R048020,20,Male,2,Advanced,219,20
R086439,20,Male,3,Intermediate,254,39
R001825,25,Male,1,Intermediate,254,32.2
R036333,44,Male,2,Beginner,275,26.4
R075938,53,Male,0,Beginner,,20
R018491,58,Female,3,Intermediate,265,26.1
R032281,19,Female,0,Intermediate,,20
R045029,19,Female,2,Beginner,245,20
R050905,49,Female,3,Beginner,301,26.6
R016801,40,Male,1,Beginner,285,41
R091597,21,Male,2,Intermediate,273,20.9
R044282,18,Female,3,Beginner,257,20
R059978,62,Female,5,Advanced,165,105.6720308
R070454,52,Male,3,Beginner,298,21.2
R048491,36,Male,4,Advanced,208,58.6
R007190,61,Male,1,Intermediate,241,20
R088533,52,Male,2,Beginner,250,35.3
R063366,37,Female,2,Beginner,244,34.5
R098687,54,Male,2,Beginner,305,41.8
R063835,61,Female,0,Beginner,,109.3350548
R098076,19,Male,1,Advanced,180,20
R002897,48,Female,0,Intermediate,,22.6
R093729,55,Female,3,Advanced,204,20
R070319,41,Male,4,Beginner,301,20
R046504,65,Female,2,Intermediate,258,20
R064780,52,Male,1,Beginner,279,20
R087723,31,Male,2,Beginner,279,43.4
R066983,19,Male,3,Beginner,276,22.6
R009356,46,Female,4,Beginner,310,20
R034459,18,Female,2,Advanced,215,20
R087768,60,Male,3,Intermediate,219,32.4
R033770,63,Female,3,Beginner,270,28.9
R071545,62,Non-binary,2,Beginner,246,20
R051923,36,Female,0,Beginner,,20
R061719,24,Male,1,Advanced,215,20
R004464,37,Male,2,Intermediate,254,20
R052161,21,Female,1,Advanced,235,20
R007152,61,Female,1,Beginner,230,20
R094545,24,Female,0,Intermediate,,42.9
R010672,20,Female,3,Beginner,250,20
R024123,64,Male,0,Intermediate,,27
R094474,18,Female,1,Beginner,299,20
R007295,62,Female,3,Intermediate,260,20
R075627,28,Female,2,Intermediate,243,23.1
R006735,18,Male,5,Intermediate,233,20
R091662,45,Female,2,Intermediate,275,29.4
R061471,24,Male,5,Advanced,226,41
R082654,32,Male,1,Beginner,289,20
R022782,29,Female,2,Beginner,278,45.4
R098204,25,Female,2,Advanced,207,42.6
R081561,21,Female,3,Intermediate,263,36.8
R065388,22,Male,1,Beginner,230,23.8
R031277,48,Female,1,Beginner,288,29.7
R002643,58,Male,1,Advanced,200,113.8059926
R037499,28,Male,2,Advanced,179,51
R019804,56,Male,4,Intermediate,241,31.6
R013582,40,Female,1,Beginner,263,22
R096068,57,Male,6,Beginner,285,20
R077671,64,Male,3,Advanced,260,20
R043576,27,Male,1,Advanced,188,20
R040954,39,Female,2,Intermediate,265,45.1
R077650,25,Male,3,Beginner,280,20
R037710,47,Female,4,Intermediate,226,20
R044189,38,Female,3,Advanced,207,109.7669355
R074045,23,Male,3,Beginner,317,20
R029984,53,Female,5,Beginner,316,20
R031122,25,Female,0,Beginner,,20
R085207,30,Male,6,Intermediate,202,20
R052529,40,Non-binary,0,Beginner,,34.7
R074828,63,Female,3,Intermediate,238,36
R026551,32,Male,0,Intermediate,,35.5
R041557,61,Male,1,Beginner,329,20
R097828,29,Non-binary,2,Intermediate,248,28.3
R065203,63,Male,3,Beginner,305,20
R005706,52,Male,1,Beginner,303,20
R097995,51,Female,3,Intermediate,227,23.5
R029610,48,Female,4,Intermediate,206,41.2
R050290,27,Male,1,Intermediate,240,20.8
R069698,40,Female,1,Advanced,211,24.6
R042818,18,Male,2,Advanced,241,20
R017791,21,Female,1,Beginner,311,47.7
R094463,54,Male,3,Advanced,249,40.6
R023228,29,Male,3,Intermediate,281,41
R023126,55,Female,3,Beginner,291,20
R062705,32,Male,2,Intermediate,264,20
R010437,40,Female,2,Advanced,211,22.5
R012136,65,Male,1,Beginner,258,20
R022235,45,Male,1,Beginner,287,40.9
R042373,21,Female,1,Intermediate,262,20
R058663,59,Male,1,Beginner,296,26.9
R009950,50,Male,2,Advanced,245,20
R074608,31,Female,3,Beginner,258,28.8
R072689,29,Female,3,Beginner,296,28.1
R084016,40,Non-binary,3,Beginner,310,20
R017042,42,Male,1,Beginner,280,20
R078017,39,Female,1,Beginner,318,21.4
R043618,28,Male,4,Intermediate,221,24.2
R045125,61,Male,3,Beginner,299,32.3
R065705,38,Male,2,Beginner,293,20
R033440,45,Male,1,Beginner,262,29.6
R003635,59,Male,1,Beginner,297,20
R000513,50,Female,0,Intermediate,,25.1
R043211,18,Male,0,Beginner,,20
R072680,26,Male,1,Beginner,271,20
R040395,36,Female,4,Beginner,279,20
R035389,31,Male,2,Advanced,209,20
R001403,60,Female,3,Beginner,310,20
R078726,54,Male,4,Beginner,256,20
R071366,44,Male,0,Advanced,,31.8
R074572,31,Female,2,Intermediate,262,24
R069549,60,Female,1,Beginner,281,41.6
R008185,62,Male,2,Beginner,265,20.2
R054518,52,Female,2,Beginner,313,20
R071741,53,Male,2,Beginner,250,40.2
R028284,49,Male,2,Advanced,243,49.8
R016362,57,Male,0,Beginner,,24
R081808,62,Female,3,Beginner,256,28.6
R046161,49,Male,2,Beginner,265,20
R010380,37,Male,3,Beginner,260,54
R025261,50,Male,3,Advanced,195,36.4
R076536,28,Male,0,Beginner,,38.2
R082624,39,Male,2,Beginner,274,28.6
R050887,44,Female,1,Intermediate,244,20
R053398,54,Male,0,Advanced,,48.6
R084257,29,Female,3,Intermediate,222,31.8
R072069,63,Male,1,Beginner,275,20
R049786,29,Male,3,Advanced,193,20.1
R085126,30,Female,1,Beginner,263,47.6
R088393,24,Female,1,Intermediate,257,57.2
R033300,20,Male,2,Advanced,227,62.5
R026099,63,Male,2,Intermediate,253,20
R079377,48,Female,1,Advanced,224,20
R086502,19,Male,0,Advanced,,21.4
R021701,24,Male,1,Beginner,328,41.2
R051519,45,Female,1,Beginner,307,25.4
R007092,41,Female,2,Intermediate,288,20
R034572,35,Male,4,Beginner,277,26.7
R074501,54,Female,2,Beginner,259,20
R042239,61,Male,4,Beginner,311,37.6
R036574,24,Male,2,Advanced,248,21.8
R029517,31,Female,3,Advanced,251,20
R066561,46,Female,2,Beginner,269,20
R047893,63,Female,2,Beginner,313,41
R082894,53,Male,3,Intermediate,269,30.9
R053204,32,Female,5,Intermediate,252,20
R076298,63,Male,1,Intermediate,273,20
R010444,32,Male,3,Beginner,284,20
R014762,30,Non-binary,2,Beginner,341,20
R093046,55,Male,3,Beginner,289,20
R004560,37,Male,2,Beginner,283,26.5
R006390,65,Male,1,Beginner,304,23.3
R070713,39,Female,2,Intermediate,245,35.6
R017365,47,Male,2,Intermediate,213,20
R069657,64,Male,2,Beginner,337,22.9
R055560,57,Female,0,Beginner,,20
R039198,58,Male,1,Beginner,277,34.4
R057809,46,Male,2,Beginner,244,34.9
R015790,53,Male,3,Advanced,219,42.9
R018755,27,Male,1,Beginner,285,20
R003330,28,Female,1,Intermediate,276,109.1097279
R080267,25,Non-binary,0,Beginner,,44.8
R012932,32,Female,3,Advanced,256,20
R027256,55,Female,3,Intermediate,263,20
R012731,45,Male,2,Intermediate,276,34.4
R037453,60,Male,4,Intermediate,254,54.3
R014078,23,Male,2,Beginner,281,20
R020955,57,Female,3,Beginner,226,29.1
R093443,52,Male,1,Beginner,260,20
R066005,20,Female,3,Intermediate,243,29.4
R006986,34,Female,0,Beginner,,20
R061485,45,Male,1,Advanced,210,20
R074779,49,Male,1,Beginner,271,20
R016775,39,Female,3,Beginner,263,20
R027901,43,Male,4,Advanced,212,28.6
R060795,51,Male,0,Beginner,,20
R063898,18,Female,2,Beginner,250,20
R065083,29,Male,0,Intermediate,,20
R064231,55,Female,3,Beginner,284,58.4
R086491,58,Female,2,Beginner,259,20
R047997,62,Male,0,Advanced,,29.2
R038486,24,Female,2,Advanced,224,20
R083203,62,Male,0,Advanced,,20
R044570,63,Female,6,Beginner,283,22.9
R038084,59,Male,0,Beginner,,23.4
R050242,58,Female,2,Intermediate,273,34
R058075,37,Male,4,Intermediate,232,20
R040116,36,Female,1,Beginner,276,20
R085163,31,Female,1,Intermediate,228,37.4
R078358,57,Female,0,Beginner,,20
R087869,53,Female,4,Beginner,241,20
R041559,31,Male,4,Beginner,311,35.6
R020432,53,Male,2,Advanced,203,54.5
R094859,41,Male,3,Beginner,254,20
R030576,61,Female,6,Advanced,214,26.5
R008224,47,Male,1,Beginner,272,20
R028422,62,Female,2,Advanced,163,20
R054910,33,Female,3,Intermediate,285,114.0983928
R078608,45,Female,2,Beginner,280,20
R022167,62,Male,1,Beginner,263,44.5
R004696,60,Male,4,Advanced,225,20
R059159,47,Female,2,Intermediate,208,34.9
R055088,22,Female,3,Intermediate,180,39.5
R070850,39,Female,3,Intermediate,249,20
R054165,48,Female,0,Beginner,,20
R071453,42,Female,1,Intermediate,242,20
R073410,21,Female,2,Beginner,297,50.2
R042331,61,Female,1,Beginner,235,20
R045375,27,Male,1,Beginner,236,20
R085205,56,Female,3,Beginner,304,25.6
R089871,40,Female,4,Intermediate,201,20
R026169,57,Female,3,Advanced,284,20
R074959,21,Male,1,Beginner,280,20
R032519,33,Female,0,Beginner,,21.9
R003371,24,Female,3,Beginner,243,20
R044284,22,Male,6,Intermediate,244,40.7
R084188,43,Female,0,Intermediate,,22.9
R087312,20,Male,0,Intermediate,,107.5825129
R041128,23,Male,5,Advanced,230,29.2
R071394,55,Non-binary,2,Beginner,309,34.3
R002017,61,Female,0,Advanced,,31.2
R087034,65,Male,4,Beginner,272,20
R056206,30,Male,1,Advanced,182,43.4
R012603,31,Non-binary,0,Intermediate,,20
R037020,26,Female,3,Intermediate,259,20
R093582,32,Male,4,Intermediate,253,30.9
R038225,18,Female,0,Beginner,,20
R041671,29,Male,3,Beginner,246,31.1
R012824,62,Female,1,Beginner,292,25.7
R018340,57,Male,5,Beginner,264,20
R038337,23,Male,3,Advanced,236,20
R018607,40,Male,0,Beginner,,21.3
R044670,49,Male,0,Advanced,,31.3
R014325,38,Female,1,Beginner,289,40.2
R000971,20,Male,2,Beginner,255,20
R030555,55,Male,3,Beginner,257,23.1
R017543,48,Male,1,Beginner,279,20
R071020,23,Male,2,Intermediate,234,20
R023653,44,Male,4,Beginner,245,20
R021015,46,Female,2,Advanced,237,20
R011969,34,Female,1,Beginner,261,20
R078534,23,Male,0,Beginner,,20
R043859,27,Male,1,Intermediate,273,29.6
R020638,38,Male,2,Intermediate,223,28.1
R011395,46,Female,2,Beginner,262,20
R007368,31,Male,2,Beginner,274,20
R080862,20,Female,2,Advanced,205,25.7
R073901,48,Male,1,Beginner,279,20
R078755,18,Male,0,Beginner,,23.3
R016930,33,Male,0,Beginner,,20
R093772,33,Male,0,Advanced,,20
R042116,33,Male,1,Beginner,236,20
R065546,37,Female,2,Beginner,291,20
R010657,25,Female,2,Intermediate,259,20
R012395,40,Female,1,Beginner,270,20
R007884,60,Female,1,Advanced,206,65.8
R077353,37,Male,0,Beginner,,20
R061432,57,Male,4,Beginner,307,21.9
R057039,60,Female,1,Intermediate,246,36.7
R005602,27,Female,0,Advanced,,100.7302275
R045115,45,Male,1,Advanced,237,55.6
R056264,52,Male,1,Beginner,259,29.1
R086858,23,Male,2,Beginner,284,20
R004549,39,Male,4,Intermediate,210,34.5
R008041,29,Male,2,Advanced,287,27.3
R027161,38,Female,1,Intermediate,289,20
R075480,64,Male,1,Beginner,281,20.6
R077608,30,Female,1,Intermediate,220,20
R028131,39,Non-binary,3,Beginner,283,24.2
R028185,19,Male,1,Beginner,290,20
R092032,53,Male,1,Intermediate,290,20
R018525,38,Female,3,Beginner,284,20
R083383,19,Female,0,Beginner,,25.6
R064114,38,Male,3,Beginner,269,20
R046614,40,Male,0,Beginner,,20
R036442,32,Female,3,Beginner,278,29.9
R013300,37,Male,2,Beginner,274,27.5
R014112,65,Female,1,Intermediate,254,40.3
R030959,45,Male,1,Advanced,207,45.7
R002967,53,Female,3,Advanced,172,20
R079067,51,Female,4,Intermediate,251,20
R074285,54,Non-binary,2,Beginner,291,20.5
R001981,41,Non-binary,2,Intermediate,227,20
R057114,61,Female,4,Beginner,323,33.5
R008543,26,Female,2,Intermediate,211,64
R005433,50,Non-binary,1,Intermediate,253,23.5
R060889,37,Male,2,Advanced,198,28.7
R020350,57,Male,3,Intermediate,250,20
R055733,39,Male,0,Advanced,,36.5
R010494,26,Female,4,Beginner,285,23.1
R051556,36,Male,3,Beginner,294,20
R019324,46,Female,3,Beginner,252,20
R040177,19,Male,1,Intermediate,305,30.7
R088445,57,Male,2,Beginner,298,20
R038700,45,Male,2,Intermediate,275,20
R098033,33,Male,1,Beginner,260,20
R043853,44,Non-binary,0,Beginner,,20
R014428,38,Female,0,Intermediate,,20
R082100,37,Female,0,Beginner,,20
R081283,19,Female,4,Beginner,275,20
R037324,64,Female,0,Beginner,,22.8
R007450,54,Male,0,Beginner,,31.9
R080552,51,Male,4,Beginner,271,25.8
R037614,37,Male,1,Beginner,277,45.4
R082535,44,Male,2,Beginner,301,20
R091021,18,Female,2,Intermediate,197,59.5
R008506,18,Female,4,Beginner,285,20
R047659,40,Female,1,Intermediate,222,20
R087508,35,Male,5,Beginner,265,20
R007210,20,Male,2,Beginner,270,23.1
R085893,55,Male,1,Beginner,337,22.1
R046312,48,Male,1,Intermediate,248,20
R011378,34,Female,0,Beginner,,20
R076111,61,Male,3,Advanced,206,31.8
R006893,55,Female,3,Beginner,240,106.4296068
R091613,53,Male,3,Intermediate,210,24.5
R019815,64,Male,2,Advanced,204,20
R011425,19,Male,2,Intermediate,201,41.4
R045935,59,Male,3,Advanced,225,25.5
R088569,37,Female,1,Beginner,322,20
R034472,33,Female,2,Beginner,310,20
R037527,29,Female,2,Beginner,300,29.8
R076316,65,Female,0,Beginner,,20
R087810,20,Male,4,Beginner,253,27
R076466,51,Male,3,Intermediate,259,22.8
R075185,33,Male,2,Beginner,287,21.7
R003794,30,Male,2,Beginner,295,20
R092540,19,Female,1,Intermediate,275,20
R017681,25,Male,0,Advanced,,36.8
R034873,59,Male,5,Intermediate,243,20
R092470,60,Male,1,Intermediate,285,30.9
R042236,30,Female,1,Advanced,202,74
R058948,19,Female,2,Intermediate,277,20
R099944,31,Female,3,Beginner,295,33.7
R044024,65,Male,2,Beginner,260,20
R033961,47,Female,0,Advanced,,20
R032927,36,Male,3,Advanced,251,20
R022505,22,Female,1,Advanced,214,23
R026815,33,Female,1,Beginner,295,20
R083162,50,Female,1,Intermediate,238,26.3
R067737,25,Female,1,Advanced,185,44.9
R061636,58,Male,1,Intermediate,234,30.9
R019593,18,Female,2,Advanced,208,22.7
R000779,21,Female,1,Beginner,294,20
R056470,52,Female,1,Beginner,322,20
R009601,63,Male,3,Beginner,291,20
R083001,36,Female,2,Intermediate,289,20
R028000,27,Female,5,Advanced,245,20
R030038,40,Non-binary,1,Beginner,327,30.2
R088313,30,Male,2,Beginner,250,20
R031406,63,Female,0,Beginner,,27.2
R032851,21,Male,2,Intermediate,252,26.1
R050316,59,Non-binary,3,Beginner,281,22.4
R012106,18,Female,2,Beginner,256,21.5
R028307,26,Non-binary,2,Intermediate,286,20
R054981,61,Female,1,Beginner,331,25.6
R024431,60,Female,2,Beginner,281,20
R008977,22,Female,2,Advanced,253,20
R094368,40,Female,1,Beginner,274,30.5
R048506,64,Female,6,Beginner,298,20
R030401,35,Female,0,Beginner,,20
R011633,19,Female,3,Intermediate,244,20
R093436,35,Male,0,Beginner,,20
R072508,63,Female,2,Beginner,277,50.1
R077526,53,Female,1,Intermediate,254,29.6
R041995,46,Female,4,Advanced,197,59.1
R039451,27,Male,0,Beginner,,20
R051607,29,Female,1,Beginner,248,20
R059941,55,Female,2,Beginner,332,47
R045977,36,Male,1,Beginner,244,20
R077521,49,Female,1,Intermediate,290,20
R073624,43,Female,1,Intermediate,239,114.9757074
R079797,41,Female,1,Intermediate,236,37.3
R039815,28,Female,0,Beginner,,106.8115837
R003266,63,Female,1,Beginner,298,39.4
R060645,55,Female,4,Beginner,289,20
R071638,22,Male,2,Intermediate,242,24.4
R009768,37,Female,2,Advanced,205,27.2
R072794,28,Female,2,Beginner,292,20
R023664,25,Female,4,Intermediate,257,20.3
R050359,58,Female,3,Intermediate,250,20.9
R024364,35,Male,4,Beginner,296,26.3
R090187,37,Male,1,Advanced,211,41.7
R014109,23,Male,1,Advanced,245,47.7
R039390,21,Male,3,Intermediate,243,23.7
R087920,40,Female,1,Intermediate,226,52.8
R082413,56,Female,1,Advanced,225,72.6
R085905,27,Female,3,Advanced,235,53.8
R041791,63,Female,4,Beginner,311,20
R008615,45,Female,4,Advanced,243,64.1
R014906,45,Female,2,Beginner,267,20.6
R088616,56,Female,1,Advanced,236,48.9
R004931,32,Male,1,Beginner,200,105.5760598
R071229,42,Female,2,Beginner,251,20
R078899,41,Male,2,Advanced,183,20
R097853,25,Male,1,Beginner,284,20
R046725,56,Male,1,Beginner,311,24.9
R038476,23,Male,0,Intermediate,,35.3
R088684,21,Male,0,Intermediate,,27.8
R030052,56,Non-binary,1,Beginner,268,20
R068579,55,Male,3,Advanced,251,20
R037951,49,Female,1,Intermediate,271,38.3
R082384,25,Female,3,Intermediate,244,20
R055153,36,Male,0,Intermediate,,20
R025085,35,Male,1,Beginner,288,20
R031090,56,Male,1,Intermediate,248,30.5
R040929,20,Female,1,Beginner,246,36.4
R038928,30,Female,1,Intermediate,253,44.6
R009427,30,Non-binary,3,Intermediate,241,20
R028525,44,Female,0,Advanced,,20
R082976,59,Female,5,Intermediate,234,49.7
R005965,22,Male,0,Intermediate,,45.8
R004581,53,Female,1,Beginner,287,20
R032369,24,Female,3,Beginner,301,20
R091963,63,Female,2,Beginner,283,25.9
R017780,61,Male,2,Intermediate,265,20
R028472,21,Female,1,Beginner,222,20
R098207,51,Non-binary,3,Intermediate,231,20
R070085,34,Male,4,Beginner,294,22.8
R052729,34,Male,1,Advanced,253,20
R018272,25,Female,2,Beginner,294,20
R044826,44,Female,1,Beginner,292,26.4
R021862,23,Female,1,Advanced,269,59.4
R001580,21,Female,1,Intermediate,210,20
R012791,20,Male,3,Beginner,284,23.4
R079072,20,Female,2,Intermediate,229,20
R009750,23,Male,2,Intermediate,264,20
R071814,42,Female,3,Beginner,260,23.8
R095242,19,Male,2,Beginner,330,20
R043552,56,Female,3,Intermediate,275,20
R026647,38,Female,3,Beginner,254,20
R068786,45,Female,2,Advanced,233,20
R049108,63,Female,1,Intermediate,225,40.5
R004603,21,Male,1,Intermediate,340,35.3
R026840,62,Female,2,Beginner,279,45.4
R042247,19,Male,2,Beginner,289,25.7
R057621,41,Male,2,Beginner,274,33
R043201,44,Male,3,Beginner,286,23.5
R064208,26,Male,1,Intermediate,246,22.8
R083246,51,Female,2,Intermediate,261,38.7
R081606,62,Male,3,Beginner,251,20
R066043,59,Female,3,Intermediate,255,23.2
R020403,43,Male,2,Beginner,243,32.9
R054032,65,Male,3,Intermediate,266,20
R012367,27,Female,1,Beginner,262,23.4
R073745,28,Female,3,Advanced,204,48.4
R030424,38,Female,2,Intermediate,277,22.7
R055510,62,Female,4,Intermediate,250,33.5
R023464,62,Male,2,Advanced,246,115.1781377
R065762,39,Female,1,Intermediate,283,20
R067706,50,Female,0,Beginner,,20
R027808,47,Female,3,Beginner,314,20
R033490,65,Female,4,Intermediate,271,20
R014497,64,Female,1,Advanced,228,20
R031800,45,Male,2,Beginner,304,20
R088055,56,Female,3,Beginner,277,20
R039687,31,Female,1,Beginner,245,20
R077874,63,Male,2,Intermediate,286,36.2
R077585,22,Male,3,Intermediate,253,24.2
R097498,44,Female,0,Intermediate,,32.1
R058406,55,Female,5,Intermediate,273,20
R034784,29,Male,2,Beginner,260,35
R074049,28,Female,0,Intermediate,,33.8
R005524,64,Male,1,Beginner,297,40.4
R060514,42,Male,2,Advanced,179,26.3
R009319,36,Female,1,Intermediate,267,20
R027967,29,Female,2,Beginner,275,20
R039829,27,Female,1,Beginner,305,24.7
R044855,64,Female,1,Intermediate,267,50.9
R098668,18,Female,4,Intermediate,239,42.7
R013714,20,Female,2,Beginner,257,20
R032148,55,Male,1,Beginner,267,32
R097166,19,Male,3,Beginner,285,33.7
R060425,23,Female,1,Intermediate,283,41.4
R081216,22,Female,0,Advanced,,28.9
R022786,43,Female,2,Advanced,214,23.5
R090738,35,Male,4,Intermediate,281,20
R085316,59,Male,1,Beginner,268,20
R096150,23,Female,2,Beginner,259,20
R066486,60,Male,5,Advanced,208,34
R010430,37,Male,3,Beginner,332,20
R098751,51,Male,2,Advanced,220,20
R088989,60,Male,0,Intermediate,,23.1
R008023,53,Female,0,Intermediate,,20
R068220,55,Female,0,Beginner,,23.8
R071891,55,Male,2,Intermediate,230,28.9
R037719,64,Male,2,Intermediate,270,23.1
R004186,25,Female,4,Beginner,291,20
R020573,30,Female,1,Intermediate,251,26.9
R096419,25,Male,1,Intermediate,246,20
R020202,44,Female,2,Advanced,227,68.1
R066669,27,Female,0,Advanced,,20
R012215,60,Female,3,Beginner,273,20
R018912,41,Female,0,Beginner,,20
R036983,34,Female,3,Beginner,262,25.5
R076687,47,Male,2,Beginner,279,20
R056801,51,Male,2,Beginner,268,20
R040042,55,Female,3,Intermediate,294,20
R081347,63,Male,0,Beginner,,20
R046629,38,Male,1,Advanced,217,20
R030221,22,Male,1,Beginner,270,20
R032795,55,Male,0,Intermediate,,21.1
R022118,45,Non-binary,0,Beginner,,20
R035495,61,Male,4,Advanced,215,48
R072270,43,Female,2,Beginner,269,20
R010685,50,Male,4,Beginner,339,20
R039619,20,Male,3,Beginner,281,20
R090399,30,Female,3,Beginner,301,20
R064012,40,Female,1,Beginner,246,20
R052659,28,Male,2,Beginner,321,22.8
R074835,30,Female,1,Beginner,310,29.9
R016739,36,Male,1,Beginner,290,20
R062738,52,Female,1,Intermediate,258,20.6
R072871,46,Female,2,Beginner,320,20
R041805,63,Female,1,Advanced,221,30.4
R097910,21,Female,2,Intermediate,262,20.4
R047973,60,Male,1,Beginner,288,41.6
R017103,46,Male,3,Intermediate,218,38
R013447,37,Male,1,Advanced,203,65.1
R082404,40,Female,2,Beginner,324,20
R076458,48,Male,3,Intermediate,272,32.9
R098164,61,Female,0,Intermediate,,20
R019004,59,Male,2,Intermediate,267,20.9
R028481,49,Female,1,Beginner,265,20
R010472,47,Female,0,Advanced,,34.4
R093760,33,Female,4,Intermediate,234,20
R071806,35,Female,3,Intermediate,255,28.3
R089159,48,Male,1,Beginner,266,20
R088812,37,Male,0,Beginner,,20
R041534,60,Non-binary,1,Intermediate,268,20
R021150,62,Male,2,Beginner,299,37.6
R023365,31,Male,5,Beginner,273,23.3
R050804,20,Female,1,Beginner,321,20
R039204,47,Female,0,Advanced,,20
R059787,24,Female,4,Intermediate,257,20
R094885,48,Female,3,Beginner,277,20
R031342,31,Male,6,Beginner,250,20
R008974,49,Male,2,Advanced,232,48.7
R061605,61,Female,2,Intermediate,227,20
R029143,45,Female,1,Advanced,195,20
R095521,27,Female,2,Advanced,232,22.4
R094566,49,Female,1,Beginner,318,23.5
R056053,21,Male,4,Beginner,295,20.6
R091183,61,Male,2,Intermediate,239,20
R096518,51,Male,0,Beginner,,20.2
R067164,39,Female,3,Advanced,166,88.1
R017335,41,Female,2,Beginner,274,32.9
R082727,21,Non-binary,5,Beginner,316,20
R055887,45,Male,2,Advanced,178,105.2090587
R062401,44,Male,2,Beginner,259,20
R037847,46,Non-binary,2,Advanced,235,20
R008598,33,Female,0,Advanced,,65.4
R012550,52,Male,3,Beginner,279,20
R049499,51,Male,2,Beginner,299,20.4
R063383,53,Male,1,Beginner,288,20
R067105,26,Female,4,Beginner,237,20
R093372,43,Male,4,Advanced,244,20
R025938,23,Female,1,Beginner,246,20
R005031,49,Male,2,Beginner,255,36.3
R034667,28,Male,2,Advanced,236,31.9
R057230,26,Male,3,Advanced,240,59.4
R094966,64,Male,1,Beginner,284,20
R031078,25,Male,0,Intermediate,,101.026498
R043329,30,Male,0,Intermediate,,20
R077842,45,Male,1,Beginner,271,20
R005017,23,Male,2,Beginner,221,28.1
R058961,18,Female,0,Beginner,,20.5
R007533,55,Female,1,Intermediate,240,20
R066858,32,Male,3,Beginner,292,20
R021917,43,Male,1,Intermediate,247,51.7
R024663,20,Male,2,Beginner,286,20
R015681,36,Female,1,Intermediate,244,24.7
R079316,25,Female,1,Intermediate,254,22
R048076,26,Female,1,Advanced,217,20
R001767,28,Male,1,Intermediate,271,20
R019307,42,Female,2,Advanced,212,49.3
R079052,39,Non-binary,0,Beginner,,20
R017831,29,Male,1,Intermediate,274,26.9
R010683,62,Non-binary,3,Beginner,275,20
R060048,45,Male,4,Advanced,171,20
R051536,20,Female,3,Beginner,259,20
R071967,44,Male,4,Beginner,292,28.9
R018779,30,Male,2,Intermediate,267,50.9
R078664,28,Female,2,Intermediate,241,30.4
R034287,52,Female,4,Intermediate,256,20
R093615,34,Male,3,Beginner,280,20
R099402,58,Male,2,Advanced,240,117.0745895
R019851,28,Male,2,Beginner,302,29.6
R031285,52,Female,1,Beginner,268,20
R004821,60,Female,1,Beginner,311,20
R096662,39,Female,2,Beginner,284,21.7
R023609,58,Male,1,Advanced,172,20
R031089,59,Male,1,Beginner,258,20
R006528,58,Male,1,Beginner,283,20
R059772,37,Male,4,Beginner,278,47.7
R029170,24,Male,2,Intermediate,201,30.4
R005967,40,Female,0,Intermediate,,24.4
R013186,57,Male,1,Advanced,192,50.8
R031700,30,Male,1,Advanced,207,28.7
R036340,21,Female,0,Intermediate,,41.5
R041141,62,Male,0,Intermediate,,20
R033950,34,Male,3,Beginner,255,20
R036326,39,Female,0,Beginner,,28.5
R066737,27,Male,0,Beginner,,20
R083803,29,Male,2,Beginner,272,33.3
R069700,46,Female,3,Beginner,265,24.7
R041270,18,Female,3,Advanced,187,25.9
R090522,57,Male,3,Beginner,253,20
R039861,64,Female,6,Intermediate,230,20
R068904,37,Male,0,Beginner,,20
R049765,60,Female,3,Beginner,285,20
R060810,22,Female,2,Beginner,266,41.3
R074233,52,Female,0,Advanced,,20
R040087,25,Male,2,Advanced,217,20
R063354,56,Female,1,Intermediate,274,20.8
R023535,39,Male,2,Beginner,301,20
R002023,55,Female,1,Beginner,254,20
R039018,39,Female,1,Beginner,281,20
R091551,45,Male,2,Advanced,214,60.5
R090305,21,Male,2,Advanced,189,20
R093309,34,Male,1,Intermediate,228,20
R044495,49,Female,7,Advanced,195,29.5
R063867,29,Male,3,Beginner,265,20
R062426,35,Male,1,Beginner,192,105.0102456
R020915,39,Female,4,Advanced,201,45.7
R020447,61,Female,4,Advanced,270,47.8
R005884,44,Female,3,Intermediate,283,20
R046082,30,Female,1,Advanced,246,26.5
R095177,50,Non-binary,2,Beginner,300,20
R079112,42,Female,3,Beginner,313,20
R089964,27,Female,1,Beginner,245,20
R075048,48,Male,3,Intermediate,275,23.1
R073482,19,Male,3,Advanced,181,21.6
R039188,61,Male,2,Beginner,323,41.2
R048327,33,Female,4,Advanced,227,20
R073850,21,Female,3,Beginner,295,33.5
R073942,23,Male,1,Intermediate,240,33.2
R046635,31,Female,3,Advanced,266,20
R085936,48,Female,4,Intermediate,279,27.8
R059608,57,Male,1,Advanced,214,57.6
R082629,29,Female,2,Advanced,198,20
R075558,62,Male,2,Intermediate,269,48.4
R078940,54,Male,4,Advanced,228,23.5
R060451,36,Female,0,Advanced,,21.3
R037737,51,Male,2,Intermediate,240,20
R094445,36,Male,0,Beginner,,35.7
R001611,26,Male,0,Beginner,,24.2
R031059,19,Male,0,Advanced,,20
R066874,45,Non-binary,6,Beginner,242,20
R091174,40,Male,5,Beginner,276,33.6
R034508,34,Female,2,Intermediate,246,20
R003195,51,Non-binary,3,Intermediate,254,42.3
R012281,59,Male,3,Advanced,212,20
R029364,18,Female,1,Beginner,307,20
R031652,52,Female,2,Intermediate,244,21.7
R022659,52,Male,2,Intermediate,246,20
R059808,32,Non-binary,3,Beginner,285,29.7
R063246,21,Male,1,Beginner,306,33.2
R025486,29,Male,1,Advanced,245,44.4
R088735,56,Female,3,Beginner,244,20
R059065,32,Male,2,Beginner,277,20
R093453,50,Female,1,Intermediate,281,37.5
R091594,42,Female,3,Intermediate,282,20
R032057,65,Female,2,Beginner,248,24.8
R080839,29,Female,0,Intermediate,,20
R009307,36,Non-binary,0,Intermediate,,20
R059523,64,Male,2,Advanced,220,44.2
R008428,19,Male,6,Intermediate,207,27
R024542,58,Male,4,Intermediate,225,48.3
R017313,24,Male,2,Advanced,201,34
R092575,23,Female,5,Advanced,212,20
R096867,47,Male,3,Intermediate,229,27
R074974,43,Female,6,Advanced,218,117.6900645
R043108,19,Female,2,Beginner,275,20
R082416,59,Male,2,Beginner,262,20
R032858,44,Male,0,Intermediate,,22.8
R033695,25,Female,1,Advanced,195,61.2
R085919,36,Female,1,Beginner,257,47.6
R050138,18,Male,3,Beginner,302,20
R052769,51,Male,0,Intermediate,,47.7
R005322,35,Male,3,Intermediate,301,29.8
R012309,40,Male,1,Beginner,301,24.1
R047437,56,Male,3,Advanced,238,57.9
R068153,47,Male,2,Intermediate,247,62.3
R053628,44,Female,1,Beginner,226,20
R052216,32,Female,3,Beginner,287,31.2
R070665,65,Male,1,Beginner,259,20
R070433,25,Female,3,Beginner,332,30.9
R075851,28,Female,0,Beginner,,20
R001336,51,Male,0,Beginner,,20
R059734,24,Non-binary,3,Intermediate,204,71.5
R068270,18,Male,4,Beginner,319,22.5
R062929,65,Male,4,Beginner,320,20
R066611,29,Female,1,Intermediate,253,50.7
R065696,45,Male,6,Advanced,246,22.8
R079493,39,Male,1,Beginner,285,20
R010107,33,Male,1,Beginner,250,33.2
R082073,34,Female,1,Advanced,191,58.7
R019718,26,Male,4,Beginner,275,20
R052239,42,Female,3,Beginner,336,30
R023286,18,Female,2,Advanced,234,20
R046900,43,Female,4,Beginner,273,20
R067268,55,Female,1,Advanced,237,35.5
R067649,29,Female,3,Beginner,300,20
R097786,55,Male,0,Intermediate,,38.5
R043786,52,Female,5,Intermediate,199,20
R065409,21,Male,2,Intermediate,271,23.4
R033167,48,Female,3,Beginner,295,20
R082155,55,Male,1,Intermediate,254,20
R092566,35,Male,2,Intermediate,258,40.5
R017014,43,Male,3,Intermediate,237,20.9
R026769,53,Male,2,Advanced,195,38.8
R014910,19,Male,2,Beginner,264,108.5440089
R010313,25,Female,2,Beginner,270,29.1
R070064,35,Male,1,Intermediate,271,28.3
R046844,46,Male,2,Advanced,226,20
R019612,53,Male,0,Advanced,,26.1
R007418,53,Male,1,Beginner,286,24.2
R004666,36,Male,5,Intermediate,256,47.6
R077993,57,Female,1,Beginner,271,25.7
R039871,58,Non-binary,2,Beginner,252,20
R079169,58,Male,0,Beginner,,35.8
R071098,35,Female,1,Beginner,294,20
R021679,63,Female,4,Intermediate,278,20
R098159,54,Male,0,Beginner,,20
R069775,64,Male,2,Beginner,300,20
R075143,48,Female,4,Beginner,243,20
R018905,61,Male,0,Intermediate,,20
R048766,38,Female,3,Beginner,286,114.4177362
R053352,25,Female,3,Beginner,285,27.8
R014102,39,Female,0,Beginner,,20
R011358,64,Female,1,Intermediate,286,34
R009641,23,Male,2,Intermediate,241,29
R077877,49,Female,2,Intermediate,218,20
R017963,30,Female,2,Beginner,291,28.3
R061808,38,Female,1,Beginner,249,20
R086712,30,Male,2,Beginner,263,20
R005333,23,Female,1,Advanced,226,20
R079336,52,Male,1,Beginner,257,20
R066708,23,Female,0,Beginner,,20
R027198,21,Male,3,Beginner,240,20
R005255,54,Female,2,Beginner,284,20.9
R005061,20,Male,1,Intermediate,228,116.2804832
R029231,64,Male,2,Intermediate,272,35.3
R047089,55,Female,1,Intermediate,237,25.2
R017404,33,Male,0,Beginner,,53.5
R049909,27,Female,4,Intermediate,245,28.3
R016957,65,Female,0,Beginner,,20
R075179,40,Female,1,Beginner,303,23.3
R025158,48,Male,0,Beginner,,32
R096130,48,Male,0,Beginner,,20
R078533,56,Male,1,Beginner,281,28.9
R079108,55,Female,1,Beginner,291,20
R076030,31,Male,0,Intermediate,,31.6
R048338,58,Male,3,Intermediate,276,105.7578857
R074864,35,Male,1,Beginner,283,47.4
R032954,53,Female,4,Beginner,287,20
R080576,64,Female,3,Intermediate,224,20
R014745,19,Male,1,Intermediate,296,20.6
R055652,44,Female,2,Advanced,233,37.6
R087103,20,Female,1,Beginner,235,37.6
R011101,52,Female,4,Intermediate,246,20
R080556,45,Female,2,Beginner,296,20
R021955,48,Female,2,Beginner,270,111.1011704
R079102,23,Female,2,Intermediate,240,39.9
R006568,49,Non-binary,3,Intermediate,214,20
R033621,45,Female,5,Beginner,252,20
R074992,43,Male,2,Beginner,288,31.4
R049957,28,Female,4,Beginner,262,20.9
R032936,36,Male,2,Intermediate,284,20
R042451,19,Male,2,Intermediate,260,42.9
R037962,22,Female,1,Intermediate,319,38
R021465,27,Female,1,Intermediate,231,20
R063537,45,Female,3,Intermediate,253,20
R097043,37,Male,3,Beginner,252,23.6
R010641,45,Non-binary,3,Intermediate,231,30
R074353,39,Female,2,Beginner,288,24.8
R046289,34,Female,0,Beginner,,20
R023854,62,Female,3,Intermediate,249,20
R059374,48,Male,1,Beginner,283,20
R012708,54,Non-binary,1,Beginner,283,20
R013522,34,Male,1,Advanced,236,20
R070147,63,Male,2,Beginner,253,33.3
R071068,55,Female,4,Beginner,269,20.6
R037822,63,Female,7,Beginner,317,20
R001722,57,Female,2,Beginner,255,20
R078732,41,Female,3,Intermediate,273,20
R003089,45,Male,4,Intermediate,244,29.2
R015556,25,Male,3,Intermediate,273,20
R075012,48,Female,3,Intermediate,191,20
R056260,63,Female,4,Beginner,291,20
R039858,20,Male,3,Intermediate,275,20
R023142,61,Female,2,Intermediate,265,20
R044059,49,Female,3,Beginner,289,46
R055190,46,Female,2,Advanced,236,20
R017182,30,Female,4,Beginner,252,111.3728185
R018553,65,Female,1,Intermediate,299,21.5
R034193,41,Male,4,Beginner,263,20
R065958,53,Female,5,Intermediate,210,20
R004525,34,Female,2,Beginner,286,37
R065618,56,Male,2,Beginner,275,20
R007380,43,Male,0,Beginner,,20
R028202,20,Male,1,Beginner,263,20
R016684,49,Female,1,Beginner,257,20
R006015,34,Non-binary,1,Advanced,246,20
R059574,26,Female,2,Advanced,215,42.5
R098360,22,Female,2,Beginner,294,27.8
R043890,45,Female,4,Beginner,314,37.3
R072463,51,Female,3,Intermediate,261,63.3
R021078,21,Female,2,Intermediate,257,20
R051731,45,Female,1,Advanced,214,41.8
R015519,50,Male,6,Beginner,261,28.9
R097417,52,Female,5,Beginner,257,20
R053991,39,Female,2,Beginner,287,31.7
R024631,39,Female,3,Beginner,290,47.3
R062681,26,Non-binary,2,Beginner,288,31.3
R098154,55,Female,0,Advanced,,53
R062745,33,Female,2,Intermediate,234,20
R025846,42,Female,3,Intermediate,267,20
R027616,50,Female,1,Intermediate,259,34.9
R072919,35,Female,4,Advanced,203,34.7
R023711,55,Male,2,Intermediate,212,20
R061507,62,Male,2,Advanced,222,30.6
R090817,21,Male,0,Intermediate,,20.7
R076913,61,Male,1,Intermediate,269,20
R080740,18,Female,3,Beginner,275,33.8
R055184,24,Male,2,Intermediate,258,28.1
R000933,21,Male,2,Intermediate,280,20
R095672,27,Female,3,Intermediate,233,20
R076755,55,Male,0,Beginner,,20
R016687,61,Male,0,Beginner,,20
R047164,43,Female,0,Beginner,,23.1
R083800,35,Male,1,Intermediate,275,20
R034952,31,Female,0,Beginner,,20
R018374,43,Non-binary,2,Intermediate,236,24.5
R099781,47,Female,5,Beginner,268,40.6
R001556,64,Female,3,Intermediate,246,40
R008361,38,Female,2,Advanced,234,62.4
R013521,32,Male,1,Beginner,317,20
R043197,42,Female,3,Beginner,292,20
R051141,28,Female,1,Intermediate,268,46.5
R075718,43,Female,1,Intermediate,218,20.2
R027935,34,Male,0,Beginner,,20
R017384,50,Female,0,Beginner,,36.3
R000294,65,Male,2,Beginner,258,38.1
R072154,42,Male,1,Intermediate,254,109.2731712
R049297,56,Female,2,Intermediate,243,43.8
R085597,24,Female,3,Beginner,291,21
R079618,31,Male,3,Beginner,231,20
R087114,24,Male,3,Advanced,199,20
R056595,23,Female,0,Advanced,,20
R092442,27,Female,7,Intermediate,260,20
R036731,43,Male,2,Advanced,274,20
R095370,63,Female,1,Beginner,258,20
R042732,65,Female,3,Beginner,300,24
R055625,44,Male,2,Beginner,291,36
R052887,33,Male,1,Advanced,219,20
R022895,28,Male,1,Intermediate,203,104.4974724
R040211,65,Male,3,Beginner,279,20
R007130,18,Male,3,Intermediate,235,20
R097314,27,Female,2,Intermediate,234,20
R025072,37,Male,5,Intermediate,267,39.3
R005959,32,Female,0,Intermediate,,36
R029473,44,Male,3,Beginner,252,20
R093883,47,Female,1,Beginner,312,20
R027075,21,Male,0,Intermediate,,25.6
R054045,61,Male,3,Beginner,239,23.3
R030822,47,Male,4,Beginner,307,25
R072153,26,Male,2,Intermediate,290,20
R026567,65,Female,1,Beginner,250,20
R010978,58,Male,2,Intermediate,262,20
R008186,24,Female,3,Intermediate,291,20
R092110,45,Female,1,Advanced,232,48.3
R065450,48,Female,0,Beginner,,23.1
R053161,34,Male,5,Beginner,268,20
R043741,59,Female,4,Beginner,285,20
R074312,40,Female,3,Intermediate,263,20
R071150,25,Female,1,Beginner,318,31.3
R035541,32,Female,2,Advanced,221,20
R064256,48,Female,2,Advanced,231,42.7
R049031,65,Male,3,Intermediate,291,23.2
R025148,20,Male,5,Beginner,247,20
R054956,39,Female,1,Intermediate,275,63.1
R069251,28,Female,2,Intermediate,204,118.5706336
R092205,56,Male,3,Advanced,220,20
R080299,30,Non-binary,6,Beginner,234,31.7
R038850,22,Male,1,Intermediate,275,47.2
R066774,45,Non-binary,3,Beginner,295,20
R059141,27,Male,1,Intermediate,306,20.5
R098860,58,Male,1,Beginner,276,20
R011260,26,Male,2,Beginner,264,34.2
R043091,32,Non-binary,0,Beginner,,20
R073398,56,Male,1,Intermediate,257,20
R059596,35,Female,4,Beginner,303,20
R011469,50,Male,3,Beginner,241,20
R052847,52,Female,1,Beginner,264,20
R082950,38,Female,3,Beginner,296,26.4
R036392,19,Female,0,Advanced,,20
R027941,47,Non-binary,2,Beginner,246,23.9
R034967,61,Female,5,Advanced,185,29
R075062,63,Female,5,Beginner,309,20
R019872,51,Male,2,Beginner,273,20
R088469,20,Male,2,Beginner,307,20
R023137,33,Male,3,Beginner,270,20
R006700,58,Male,1,Intermediate,277,20
R044711,36,Male,2,Intermediate,240,20
R007704,45,Female,3,Advanced,225,31.9
R054663,33,Male,1,Beginner,281,20
R009092,41,Female,3,Beginner,283,42
R058358,52,Male,1,Advanced,220,20
R053159,65,Female,2,Advanced,219,46.7
R058979,29,Male,0,Beginner,,20
R089579,51,Female,0,Beginner,,20
R038623,30,Female,2,Intermediate,246,35.1
R097613,52,Female,0,Advanced,,32.9
R027126,54,Female,3,Beginner,281,20
R099649,46,Female,3,Intermediate,250,111.8884644
R056106,63,Female,4,Beginner,274,20
R012971,51,Female,4,Beginner,236,21.2
R033855,56,Female,0,Beginner,,20
R017039,18,Male,2,Advanced,246,36.4
R082176,59,Male,0,Beginner,,20
R061004,18,Female,0,Intermediate,,20
R045883,41,Female,0,Intermediate,,48.8
R081175,54,Male,2,Beginner,285,22.2
R086419,22,Female,3,Beginner,291,21
R012385,22,Male,0,Beginner,,20
R020186,23,Male,1,Advanced,209,20
R083240,54,Male,4,Beginner,291,30.5
R058348,49,Female,1,Beginner,313,26.6
R010555,61,Female,2,Beginner,314,46.4
R091238,38,Male,0,Beginner,,24.5
R054246,33,Female,1,Beginner,272,29.6
R067587,42,Female,1,Advanced,228,25.7
R023272,53,Male,0,Intermediate,,20
R080857,44,Female,1,Advanced,243,42.5
R042008,27,Male,3,Beginner,293,57.9
R046358,48,Male,3,Intermediate,249,58.7
R023071,27,Female,2,Intermediate,249,20
R063385,22,Male,2,Beginner,269,20
R017276,33,Male,3,Beginner,274,20
R086577,39,Female,2,Advanced,228,44.5
R091323,31,Female,3,Intermediate,216,49.6
R042294,26,Male,2,Advanced,237,58.4
R058729,62,Male,1,Intermediate,203,33.5
R062098,35,Female,5,Beginner,229,26.6
R060422,21,Female,0,Beginner,,37.9
R060767,24,Female,3,Beginner,321,20
R068694,23,Male,1,Beginner,291,23.7
R036777,51,Female,3,Beginner,297,22.6
R090954,62,Male,4,Advanced,251,20
R076028,44,Male,3,Beginner,306,57.2
R090901,41,Male,2,Beginner,311,20
R048937,18,Female,1,Beginner,324,30.7
R031532,55,Male,1,Beginner,288,20
R062453,50,Male,1,Beginner,324,42.7
R065867,29,Female,3,Beginner,293,20
R068346,57,Female,3,Beginner,299,22.6
R062445,33,Female,3,Beginner,335,25
R007856,22,Male,2,Intermediate,272,20
R062514,22,Female,1,Beginner,252,20
R088436,42,Female,3,Beginner,274,20
R081901,19,Female,1,Intermediate,251,103.1116269
R031716,35,Female,3,Intermediate,280,41.5
R089752,46,Male,5,Advanced,232,20.4
R029786,44,Female,2,Beginner,288,20
R035874,39,Male,6,Intermediate,295,59
R013831,47,Female,2,Intermediate,271,37.8
R043554,40,Female,1,Intermediate,211,20
R099820,37,Female,4,Beginner,327,20
R084085,21,Female,2,Advanced,208,29.3
R088457,41,Male,0,Intermediate,,23
R053918,61,Male,1,Beginner,252,26.2
R045402,54,Male,2,Intermediate,229,23.2
R089276,26,Female,3,Beginner,269,112.1600049
R001240,47,Male,1,Intermediate,264,20
R070975,43,Male,1,Advanced,239,43.4
R067608,22,Female,0,Intermediate,,20
R009725,38,Female,4,Beginner,271,20
R038719,43,Male,3,Beginner,275,21.9
R071198,34,Female,2,Beginner,252,41.5
R049870,28,Female,3,Intermediate,241,38.6
R013128,52,Female,2,Beginner,273,47.1
R033552,49,Male,2,Intermediate,216,20
R004463,42,Non-binary,1,Beginner,282,20
R034224,29,Male,0,Intermediate,,23.6
R025670,56,Male,3,Intermediate,248,33.9
R014343,57,Female,0,Intermediate,,116.4204202
R022030,49,Male,2,Beginner,283,20
R000303,52,Female,1,Beginner,322,20
R092423,19,Female,6,Beginner,264,25.5
R021110,40,Female,5,Beginner,256,56
R098049,23,Male,3,Beginner,283,20
R062813,65,Female,3,Intermediate,234,40.7
R047201,30,Female,2,Beginner,276,22
R042934,48,Male,1,Beginner,306,20
R045034,50,Non-binary,4,Beginner,270,26.6
R054223,49,Female,1,Beginner,264,23.9
R078215,39,Male,0,Beginner,,109.1598511
R022934,19,Female,2,Advanced,206,24.2
R026863,49,Female,2,Beginner,279,20
R083139,46,Non-binary,2,Intermediate,265,28.4
R023696,21,Female,0,Beginner,,20
R034070,57,Male,2,Beginner,271,20
R047802,63,Female,1,Beginner,261,29.9
R079016,41,Female,3,Beginner,277,27.6
R016314,32,Male,2,Beginner,288,20
R085796,54,Female,2,Intermediate,299,20
R078685,19,Male,2,Intermediate,260,21.2
R010776,41,Male,5,Intermediate,259,23.5
R066840,60,Male,1,Intermediate,242,20
R018406,59,Male,6,Beginner,280,20
R053840,21,Female,3,Beginner,298,20
R052623,62,Female,3,Intermediate,249,33.5
R021446,18,Female,1,Intermediate,243,43.7
R055188,47,Male,3,Intermediate,284,20
R052640,53,Female,0,Beginner,,20
R087635,58,Female,1,Intermediate,231,30
R021062,35,Male,4,Advanced,185,24.4
R028912,43,Female,3,Beginner,274,20
R097181,32,Female,2,Intermediate,218,20
R089369,60,Female,1,Advanced,278,24.5
R049988,64,Female,5,Beginner,256,20
R014869,62,Female,2,Beginner,264,20
R043792,47,Female,2,Advanced,269,51.8
R066900,42,Male,2,Intermediate,237,20
R013430,45,Male,1,Beginner,261,20
R017922,61,Non-binary,2,Advanced,212,20
R082517,45,Female,1,Beginner,289,37
R002911,34,Female,1,Beginner,288,21.7
R090073,60,Female,3,Intermediate,264,20
R024501,19,Female,2,Beginner,226,20
R082795,40,Female,2,Beginner,269,32
R076788,31,Female,2,Advanced,258,47.9
R027458,51,Female,2,Beginner,293,20
R072950,31,Female,3,Intermediate,265,20
R046831,33,Female,4,Intermediate,237,20
R054189,53,Female,3,Intermediate,249,31.4
R013261,59,Female,1,Beginner,303,20
R014336,21,Male,6,Beginner,237,25.6
R045893,39,Female,3,Intermediate,249,20
R044891,45,Female,0,Beginner,,20
R088995,57,Male,0,Beginner,,20
R099369,19,Male,2,Intermediate,239,29.6
R085934,19,Female,3,Beginner,255,59.5
R031995,47,Female,0,Intermediate,,39.6
R071699,34,Male,3,Advanced,214,54.4
R072483,19,Female,2,Beginner,259,20
R017856,47,Male,3,Advanced,227,22.7
R027846,30,Female,1,Beginner,296,20
R009944,29,Male,1,Beginner,312,20
R089549,46,Female,2,Intermediate,254,20
R020395,65,Female,1,Advanced,189,36.6
R081813,21,Female,3,Beginner,288,20
R039421,28,Non-binary,0,Beginner,,20
R061885,43,Female,2,Beginner,266,22.9
R061080,41,Male,2,Advanced,215,40.4
R065685,44,Male,4,Intermediate,273,45.1
R089188,48,Male,2,Advanced,235,42.1
R061628,50,Male,2,Intermediate,325,57.8
R015286,59,Male,1,Intermediate,279,27.8
R018411,44,Male,1,Beginner,307,27.2
R033145,24,Female,3,Beginner,289,20
R010850,38,Male,2,Intermediate,274,42.7
R076274,39,Male,2,Beginner,244,20
R032422,43,Male,3,Beginner,282,28.6
R029491,32,Male,4,Intermediate,266,24.5
R013392,39,Female,1,Advanced,235,20
R079062,32,Female,1,Beginner,212,20
R040837,55,Female,1,Intermediate,269,20
R009430,64,Female,1,Beginner,294,34
R083685,35,Female,1,Intermediate,263,28.8
R034230,25,Female,1,Beginner,290,43.9
R078720,20,Female,0,Beginner,,27.9
R028021,47,Male,3,Advanced,257,47.4
R007227,31,Female,1,Intermediate,224,20
R035995,26,Female,1,Beginner,307,20
R008415,26,Male,1,Intermediate,256,37.4
R009266,56,Male,4,Advanced,223,20
R060783,36,Female,2,Advanced,244,20
R043063,51,Female,1,Beginner,302,28.9
R098058,20,Male,5,Beginner,259,33
R073029,21,Non-binary,4,Beginner,292,20
R079056,32,Male,4,Beginner,293,20
R057250,59,Female,2,Beginner,220,20
R087851,32,Female,2,Beginner,299,23.5
R041972,49,Female,3,Beginner,320,20
R023809,46,Male,4,Advanced,234,30.2
R031203,48,Male,1,Beginner,278,20
R047315,52,Female,3,Intermediate,233,33.8
R040305,54,Female,2,Beginner,226,30.4
R012968,39,Male,4,Advanced,161,32.4
R039701,64,Female,2,Beginner,247,20
R037293,19,Female,1,Beginner,286,20
R066825,27,Male,1,Intermediate,296,55.2
R054010,31,Male,4,Intermediate,256,39.2
R046904,39,Male,3,Intermediate,256,42.5
R068979,53,Male,0,Intermediate,,43.5
R061784,49,Female,2,Beginner,323,20
R077787,65,Female,6,Advanced,228,34.3
R063084,61,Female,0,Advanced,,37.2
R079255,44,Male,2,Advanced,230,20
R011041,33,Female,1,Advanced,205,41
R009975,56,Male,2,Beginner,283,30.7
R044351,34,Male,4,Intermediate,280,20
R030525,63,Male,2,Beginner,220,20
R012689,41,Male,1,Beginner,239,33.7
R026206,57,Male,2,Advanced,230,28.3
R045108,46,Male,1,Intermediate,261,20
R050639,23,Male,1,Beginner,280,26.5
R051666,63,Female,2,Advanced,268,65.7
R031802,24,Male,3,Beginner,284,20
R038622,57,Male,2,Intermediate,283,32.9
R053319,60,Male,0,Advanced,,42
R072693,29,Male,0,Beginner,,20
R039113,48,Female,1,Intermediate,235,20
R086840,36,Female,4,Beginner,287,20
R062679,49,Female,2,Beginner,266,20.6
R046878,48,Male,1,Beginner,242,20
R099469,56,Male,3,Beginner,313,22.4
R027071,46,Female,2,Intermediate,269,47.6
R048977,35,Female,2,Advanced,212,56
R047857,24,Male,0,Beginner,,38.9
R017161,45,Male,5,Beginner,244,39.3
R009283,65,Male,0,Beginner,,20
R055943,43,Female,1,Intermediate,245,20
R022600,20,Female,2,Intermediate,291,20
R087755,27,Non-binary,3,Intermediate,231,20
R041751,30,Female,0,Beginner,,20
R051723,44,Female,2,Beginner,309,38.5
R096812,35,Female,0,Beginner,,20
R090385,39,Male,1,Beginner,290,49.6
R036399,46,Male,0,Beginner,,23.3
R003696,49,Female,5,Beginner,217,47.6
R098016,21,Female,2,Beginner,290,28.7
R016111,54,Male,2,Advanced,258,20
R085828,52,Non-binary,2,Beginner,283,20
R091977,21,Male,2,Intermediate,294,48
R017531,51,Male,1,Beginner,322,41.4
R098706,37,Male,1,Advanced,209,44.3
R028834,65,Male,1,Beginner,323,20
R071612,59,Female,2,Advanced,244,20
R067163,32,Male,2,Intermediate,264,31.6
R092584,51,Male,0,Beginner,,29.9
R082593,33,Male,2,Intermediate,210,20
R003679,38,Female,1,Intermediate,252,20
R064142,21,Female,3,Intermediate,219,20
R005328,57,Male,2,Beginner,306,27.6
R013144,46,Female,1,Beginner,271,20
R001270,63,Female,0,Beginner,,20
R065702,51,Male,3,Beginner,272,20
R051227,21,Female,1,Beginner,311,50.9
R091856,58,Male,3,Advanced,214,20
R009121,29,Male,1,Advanced,229,33.4
R070828,59,Female,1,Beginner,249,20
R019782,59,Female,2,Intermediate,268,32
R027744,25,Female,1,Advanced,200,25.1
R081840,65,Male,1,Beginner,277,44.1
R030844,36,Female,1,Beginner,310,20
R065736,28,Female,3,Beginner,262,20
R067140,24,Female,2,Intermediate,274,20
R018929,57,Male,1,Advanced,228,38.4
R068318,29,Male,1,Beginner,321,20
R067826,61,Female,1,Beginner,268,22.9
R094440,29,Male,0,Beginner,,20
R068568,18,Female,1,Advanced,184,20
R031799,38,Female,1,Beginner,270,20
R018319,31,Male,2,Beginner,277,21.1
R029855,52,Female,1,Intermediate,247,20
R037118,34,Male,1,Advanced,194,67.4
R072309,23,Male,2,Advanced,173,35.2
R007125,20,Female,2,Intermediate,248,22.7
R093304,39,Female,2,Beginner,236,20
R041609,43,Male,3,Beginner,288,20
R009865,39,Female,1,Advanced,207,20
R021040,24,Female,1,Beginner,316,33.3
R008561,33,Male,2,Intermediate,276,51.6
R003389,55,Female,1,Advanced,239,29.8
R047342,41,Female,2,Beginner,302,20
R068163,49,Female,1,Intermediate,248,20
R036348,62,Male,2,Beginner,267,43
R033278,52,Male,3,Beginner,274,45
R035909,61,Female,0,Advanced,,27.3
R065052,33,Female,0,Advanced,,20
R081942,40,Female,3,Beginner,285,20
R056497,25,Female,2,Beginner,287,21
R021277,61,Female,2,Intermediate,238,31.3
R079621,36,Male,1,Beginner,307,20
R096231,63,Male,2,Beginner,279,20
R097790,29,Male,3,Intermediate,245,56.2
R055649,33,Male,1,Advanced,239,20
R034930,29,Male,1,Intermediate,246,32.1
R014996,25,Female,1,Intermediate,257,38.5
R035565,48,Non-binary,5,Intermediate,207,36.7
R090035,47,Female,1,Beginner,290,24.9
R057099,57,Male,2,Intermediate,264,37.3
R029395,51,Male,3,Beginner,273,20
R049484,56,Female,1,Intermediate,246,25.7
R037881,35,Male,1,Beginner,269,23.1
R050682,45,Female,1,Beginner,327,20.7
R034999,45,Male,3,Intermediate,272,25
R005872,61,Male,5,Advanced,226,20
R038769,50,Female,2,Beginner,254,38.1
R035219,62,Female,3,Beginner,276,20
R085158,40,Female,3,Beginner,268,20
R059086,31,Male,2,Beginner,300,24
R042624,20,Female,2,Advanced,252,25.6
R052773,29,Female,2,Beginner,291,20.7
R004553,44,Male,1,Beginner,306,20
R058313,21,Female,3,Beginner,307,36.2
R074710,40,Female,1,Intermediate,231,20
R096959,47,Non-binary,1,Beginner,326,20
R068333,29,Female,1,Beginner,264,28.1
R052295,59,Female,2,Advanced,224,20
R072457,46,Female,2,Beginner,315,20
R070446,52,Male,3,Beginner,298,29.6
R056906,46,Male,1,Intermediate,226,41.4
R043582,62,Male,1,Intermediate,238,20
R038878,52,Male,4,Beginner,244,25.8
R050730,53,Male,1,Intermediate,205,43.9
R071212,34,Male,0,Intermediate,,27.2
R075472,57,Male,0,Advanced,,20
R077783,60,Female,1,Beginner,300,23
R016750,65,Female,2,Intermediate,228,26.5
R032646,19,Female,3,Intermediate,307,20
R016771,30,Male,1,Beginner,256,36.9
R093704,24,Female,4,Advanced,188,39.2
R002645,19,Male,1,Beginner,303,20
R094847,37,Male,1,Beginner,298,37.7
R043031,47,Female,1,Intermediate,253,20
R039511,47,Female,3,Intermediate,259,41.4
R042640,20,Male,1,Advanced,197,20
R024499,27,Male,2,Beginner,277,20
R023868,54,Male,1,Intermediate,271,23.5
R037849,60,Male,4,Intermediate,269,36.9
R043068,18,Female,1,Beginner,301,21.7
R024618,18,Female,2,Intermediate,241,26
R062883,51,Male,0,Beginner,,25.6
R069151,32,Male,3,Beginner,281,23.4
R074832,49,Male,2,Intermediate,239,20
R032602,40,Male,1,Beginner,287,20
R036342,43,Female,3,Beginner,297,20
R025067,42,Male,1,Intermediate,255,20
R071526,19,Male,2,Beginner,287,29.4
R057093,25,Female,3,Beginner,271,20
R059724,28,Male,1,Intermediate,249,53.5
R056351,18,Female,6,Beginner,303,22.4
R033885,46,Female,2,Beginner,298,20
R084379,59,Male,1,Advanced,243,20
R022942,59,Female,2,Beginner,239,20
R083522,60,Male,2,Intermediate,213,33.1
R004207,27,Male,4,Intermediate,229,48
R052661,32,Female,2,Beginner,321,20
R043007,27,Male,2,Intermediate,238,20
R071295,47,Male,2,Advanced,229,25.7
R026091,52,Female,1,Beginner,290,20
R053589,22,Male,1,Intermediate,214,50.6
R064052,23,Female,2,Intermediate,216,20
R028252,40,Male,2,Beginner,240,20
R002027,31,Male,3,Intermediate,263,22.7
R009572,35,Female,1,Advanced,247,20
R052421,56,Male,4,Intermediate,271,24.5
R063350,58,Male,3,Beginner,262,20
R013837,42,Female,1,Intermediate,234,20
R060011,37,Female,2,Beginner,232,32.5
R034536,19,Male,2,Advanced,267,22.4
R086182,42,Female,2,Beginner,288,20
R085827,24,Male,1,Intermediate,264,38.1
R025444,19,Male,0,Intermediate,,20
R044831,27,Male,2,Advanced,211,40.6
R095955,18,Female,3,Beginner,281,20
R075484,26,Male,0,Beginner,,20
R007052,51,Female,4,Intermediate,279,43.5
R068340,49,Male,2,Intermediate,243,30
R054874,60,Female,2,Beginner,284,41.1
R030608,59,Female,5,Beginner,283,20
R086251,45,Male,3,Advanced,212,20
R043601,53,Female,1,Advanced,246,23.9
R096335,26,Male,2,Beginner,298,20
R095125,49,Male,5,Advanced,246,53.9
R048884,46,Male,2,Intermediate,222,20
R060819,47,Male,3,Beginner,312,22.9
R057581,22,Female,3,Advanced,211,20
R074292,47,Female,3,Beginner,315,24.5
R006576,20,Female,1,Intermediate,227,40.2
R071656,51,Female,3,Beginner,300,40.3
R097369,58,Female,2,Beginner,277,20
R013994,38,Female,4,Beginner,232,20
R003738,46,Male,3,Beginner,267,20
R076570,40,Female,6,Intermediate,217,20
R097472,55,Female,2,Beginner,289,20
R013662,19,Male,1,Advanced,200,20
R029793,64,Male,1,Beginner,283,20
R053999,52,Male,2,Beginner,295,20
R031210,35,Male,4,Beginner,280,20
R036102,34,Male,1,Beginner,283,20
R082009,27,Male,1,Advanced,214,39.7
R006231,26,Female,1,Intermediate,258,20
R041914,46,Female,0,Intermediate,,20
R098522,18,Female,2,Beginner,300,20
R031735,64,Female,2,Beginner,264,20
R024324,43,Female,4,Intermediate,270,20
R026366,56,Male,1,Beginner,269,45.1
R053416,34,Male,1,Beginner,234,21.5
R010515,35,Male,2,Beginner,272,30.2
R036654,20,Male,2,Beginner,248,20
R059933,41,Male,1,Beginner,272,20
R000028,61,Male,4,Intermediate,290,116.0727137
R009299,20,Female,3,Beginner,298,21.6
R096396,46,Female,2,Beginner,269,20
R086097,31,Male,3,Beginner,248,51.1
R035464,30,Male,1,Beginner,288,20
R093243,47,Male,1,Intermediate,275,20
R039509,47,Female,1,Beginner,282,20
R066094,26,Male,1,Beginner,270,42.5
R023859,23,Male,1,Advanced,247,32.3
R014746,25,Male,1,Advanced,217,37
R029507,40,Female,1,Intermediate,286,23.6
R030929,40,Female,2,Beginner,249,37.5
R086818,59,Male,2,Advanced,197,43.9
R065745,63,Female,2,Intermediate,243,20
R089631,58,Male,1,Beginner,290,22.9
R032409,21,Non-binary,1,Intermediate,248,111.8218721
R055735,28,Female,1,Beginner,260,20
R064708,18,Male,1,Intermediate,282,61.5
R063324,58,Female,1,Intermediate,204,20
R057933,32,Male,1,Beginner,300,26.6
R097528,20,Male,1,Beginner,239,20
R027501,33,Female,1,Beginner,268,30.5
R094079,52,Non-binary,2,Beginner,290,20
R066627,28,Male,2,Intermediate,303,32.6
R087186,53,Female,4,Beginner,291,20
R009184,35,Male,4,Beginner,294,28.6
R057377,48,Female,1,Beginner,241,43.7
R082577,31,Female,5,Intermediate,282,20
R042899,63,Male,1,Beginner,247,20
R029341,55,Male,2,Intermediate,218,20
R062261,44,Female,4,Beginner,290,33.1
R007339,50,Male,1,Beginner,313,20
R093105,57,Female,2,Intermediate,255,20.4
R009390,63,Female,1,Beginner,256,20
R085680,33,Male,0,Beginner,,38.6
R038935,44,Female,7,Beginner,289,49.8
R061525,36,Female,4,Intermediate,268,36.7
R042131,37,Female,1,Beginner,269,20
R036620,50,Male,1,Beginner,256,20
R078258,51,Male,3,Advanced,202,20
R058884,40,Female,0,Beginner,,20
R039016,50,Female,4,Intermediate,241,41.2
R038501,47,Female,3,Intermediate,261,20
R008990,52,Female,2,Advanced,199,20
R088441,53,Male,4,Intermediate,223,28.6
R074874,59,Male,4,Beginner,290,20
R077250,58,Female,3,Beginner,272,20
R054278,33,Male,2,Advanced,149,20
R065368,35,Female,2,Intermediate,264,36.7
R041195,56,Male,0,Intermediate,,34
R063007,39,Female,2,Beginner,313,36.9
R086108,53,Male,2,Advanced,210,20
R077002,24,Female,3,Intermediate,185,43.4
R095660,43,Female,1,Intermediate,267,47.4
R028066,36,Female,3,Beginner,228,20
R079223,29,Female,2,Beginner,310,20
R099330,24,Female,1,Beginner,254,20
R016639,61,Male,2,Intermediate,276,35.4
R028116,32,Male,3,Advanced,199,20
R091464,63,Male,2,Beginner,231,20
R068456,43,Male,0,Beginner,,20
R096850,53,Male,1,Beginner,269,58
R080495,55,Female,3,Beginner,282,20
R066241,49,Female,2,Beginner,267,27.7
R034868,48,Female,0,Intermediate,,29
R076774,20,Male,3,Beginner,294,46.6
R035078,64,Male,1,Intermediate,212,20
R093740,46,Female,0,Intermediate,,20
R021615,57,Female,4,Beginner,283,29.1
R001006,43,Female,2,Intermediate,294,42
R082581,34,Male,2,Intermediate,266,20
R038054,63,Male,2,Beginner,267,28.4
R075529,55,Female,1,Advanced,199,32.7
R016455,25,Male,4,Intermediate,292,20
R067129,26,Male,1,Intermediate,247,31.4
R079750,40,Male,2,Advanced,238,20
R029136,39,Male,2,Beginner,262,20
R095374,30,Non-binary,2,Intermediate,240,25
R004200,41,Male,4,Beginner,277,20
R061443,22,Male,1,Intermediate,270,20
R062433,36,Female,2,Advanced,212,89.7
R058873,57,Female,1,Beginner,286,20
R051067,35,Female,0,Advanced,,20
R059994,64,Female,1,Intermediate,215,20
R043841,53,Male,3,Advanced,230,20
R075751,21,Male,5,Advanced,275,44.5
R098444,44,Non-binary,1,Beginner,287,56.8
R091995,20,Female,2,Beginner,311,23.7
R001498,65,Female,2,Beginner,303,21.8
R080680,46,Female,1,Advanced,191,25.7
R071490,49,Female,0,Beginner,,31.1
R020952,20,Non-binary,1,Beginner,280,20
R002712,32,Female,2,Beginner,278,20
R024046,56,Female,1,Intermediate,263,49.6
R037655,41,Female,8,Intermediate,213,47.3
R085797,39,Male,1,Intermediate,231,20
R099194,44,Male,0,Advanced,,49.7
R080940,42,Male,0,Advanced,,20
R095849,63,Female,3,Intermediate,250,20
R073035,21,Male,1,Beginner,295,45.4
R003807,33,Female,3,Beginner,259,20
R036627,48,Female,1,Beginner,281,37.6
R064972,50,Male,2,Advanced,227,22.5
R056547,45,Female,2,Intermediate,280,20
R090828,50,Male,4,Advanced,215,65.9
R086175,55,Female,1,Intermediate,229,20
R080785,58,Female,3,Intermediate,274,24
R095684,36,Female,2,Beginner,320,20
R075096,24,Female,2,Beginner,315,20
R087951,27,Male,4,Beginner,284,22.4
R028935,49,Female,2,Advanced,253,48
R051186,48,Male,3,Intermediate,230,20
R090452,44,Male,2,Beginner,235,21.9
R064030,45,Non-binary,6,Intermediate,308,20
R019088,34,Male,3,Beginner,253,104.0809313
R066943,58,Female,3,Intermediate,228,47.4
R029367,37,Male,0,Intermediate,,22.7
R080616,37,Female,1,Beginner,285,25.1
R072606,46,Male,4,Intermediate,256,42.7
R098227,22,Female,1,Intermediate,249,20
R094462,35,Female,2,Beginner,253,20
R054357,60,Male,0,Beginner,,20
R042486,32,Female,4,Intermediate,233,49.6
R042716,63,Female,0,Beginner,,20
R059770,50,Female,3,Beginner,261,20
R063932,54,Female,0,Intermediate,,20
R012578,57,Male,1,Beginner,299,20
R093767,35,Male,2,Intermediate,259,30.9
R080041,46,Non-binary,4,Beginner,315,31.7
R067535,53,Female,1,Beginner,291,22.6
R045046,19,Female,0,Beginner,,20
R098124,36,Male,0,Intermediate,,20
R022453,29,Male,1,Intermediate,264,35.2
R098042,40,Male,2,Advanced,192,20
R017555,38,Female,1,Beginner,262,31.4
R080942,56,Male,2,Advanced,228,20
R051279,42,Male,3,Intermediate,241,20
R067048,63,Female,2,Beginner,257,20
R099429,37,Male,2,Beginner,272,27.7
R020318,35,Female,2,Beginner,320,20
R083100,24,Female,2,Intermediate,230,60.9
R035990,36,Male,1,Intermediate,259,40
R080281,54,Female,1,Beginner,262,29
R059767,35,Male,3,Beginner,286,36.7
R066348,32,Male,5,Intermediate,251,28.6
R084562,35,Male,3,Advanced,209,31
R048146,56,Female,2,Intermediate,238,105.6348379
R035319,37,Male,3,Beginner,240,22.3
R085551,54,Female,2,Beginner,266,20
R091680,54,Male,2,Beginner,248,20
R056743,60,Female,0,Beginner,,26.8
R007848,19,Male,1,Intermediate,273,66.2
R034581,56,Female,1,Beginner,271,20
R000859,36,Female,0,Advanced,,50.7
R071260,27,Male,2,Advanced,211,20.8
R040482,42,Male,0,Beginner,,20
R021717,64,Male,0,Advanced,,20
R026307,57,Female,1,Beginner,293,20
R021983,60,Male,1,Intermediate,267,20
R063967,47,Male,2,Beginner,280,23.8
R031726,50,Male,1,Beginner,247,36.3
R040962,61,Male,1,Beginner,296,45.3
R033583,30,Male,3,Beginner,287,33.1
R030213,54,Male,2,Advanced,201,20
R018259,24,Female,1,Intermediate,233,24.4
R095128,44,Female,3,Intermediate,275,20
R037617,36,Male,3,Intermediate,253,20
R072975,23,Male,1,Beginner,276,20
R088840,32,Female,2,Advanced,193,52.8
R054342,23,Male,0,Advanced,,20
R026506,20,Male,1,Beginner,277,20
R028228,43,Female,3,Advanced,222,42.7
R031877,57,Non-binary,3,Advanced,233,20
R086819,27,Male,2,Beginner,275,41.3
R057344,63,Male,0,Intermediate,,25.3
R009262,50,Male,1,Beginner,302,20
R064319,39,Female,2,Intermediate,232,53.4
R082636,57,Female,3,Beginner,333,20
R079569,40,Female,0,Beginner,,32.8
R058662,42,Male,2,Beginner,264,67.2
R095804,63,Male,3,Beginner,291,20
R029317,25,Male,3,Beginner,246,53.2
R083244,48,Male,2,Intermediate,239,20
R084253,48,Male,1,Beginner,318,20
R017273,29,Non-binary,2,Beginner,258,20
R073456,46,Female,2,Intermediate,262,40.2
R088346,45,Male,2,Intermediate,213,20
R071242,18,Female,1,Beginner,228,20
R097122,46,Female,2,Beginner,294,28.1
R050497,53,Female,0,Intermediate,,20
R074691,39,Non-binary,4,Beginner,259,20
R038775,56,Non-binary,1,Beginner,310,20
R066123,26,Male,2,Beginner,273,27.6
R032673,24,Female,2,Intermediate,271,20
R099362,62,Female,2,Beginner,274,63.2
R091773,38,Male,6,Beginner,286,48.5
R090715,46,Female,2,Intermediate,254,20
R071363,58,Female,5,Intermediate,254,48.9
R033544,55,Female,1,Beginner,257,20
R069075,50,Male,0,Beginner,,20
R084282,49,Female,2,Beginner,291,20
R013729,64,Male,2,Intermediate,233,20
R023990,19,Female,2,Intermediate,291,42.7
R083306,23,Male,2,Advanced,223,33.6
R066715,61,Female,1,Advanced,228,20
R049058,39,Female,1,Beginner,272,20
R000742,64,Male,3,Beginner,266,20
R051711,57,Female,0,Intermediate,,29.1
R036085,36,Female,1,Beginner,281,20
R060268,35,Male,2,Beginner,290,33.4
R008056,24,Male,3,Intermediate,270,107.6868499
R044306,36,Male,2,Beginner,285,115.4006425
R044579,28,Female,1,Advanced,235,40.6
R021653,36,Male,2,Intermediate,227,20
R064942,56,Male,1,Beginner,249,20
R029810,65,Female,1,Beginner,281,20
R075936,62,Female,1,Intermediate,206,36.3
R007807,33,Non-binary,2,Beginner,246,26
R087741,44,Female,2,Advanced,204,20
R058645,33,Male,0,Beginner,,26
R050867,40,Female,1,Beginner,261,20
R025941,61,Male,3,Beginner,288,45.8
R013179,56,Male,2,Beginner,292,36.8
R019628,35,Male,0,Intermediate,,34.9
R032435,42,Male,3,Beginner,278,20
R046939,58,Female,1,Beginner,317,20
R031336,47,Female,1,Beginner,295,25.9
R068240,56,Female,3,Intermediate,228,20
R048782,33,Male,0,Beginner,,32.2
R047741,34,Male,1,Beginner,263,20
R020789,51,Male,1,Intermediate,252,38.5
R071404,64,Female,2,Beginner,298,20
R063872,58,Male,2,Advanced,207,47.1
R072875,46,Female,0,Advanced,,31.9
R032540,47,Male,4,Intermediate,258,34.3
R067221,56,Female,2,Beginner,282,20
R046562,60,Male,1,Beginner,268,28.8
R059903,23,Male,2,Beginner,297,20
R043898,48,Male,1,Beginner,310,20
R053008,61,Female,0,Intermediate,,20.3
R083430,39,Female,1,Advanced,233,101.9761201
R028658,63,Male,2,Intermediate,257,20
R082862,19,Female,3,Intermediate,239,26.3
R092855,65,Female,2,Intermediate,264,20
R072259,65,Non-binary,2,Advanced,249,20
R017532,46,Male,1,Advanced,230,20
R030414,53,Male,3,Intermediate,242,66.4
R085204,48,Male,0,Beginner,,20
R077883,40,Female,2,Advanced,214,64.1
R037522,42,Non-binary,2,Advanced,261,25.1
R082238,51,Male,1,Advanced,186,61.4
R036580,53,Female,3,Beginner,287,20
R028396,24,Male,4,Beginner,270,20
R037744,47,Female,1,Beginner,310,20
R074891,47,Male,3,Beginner,301,20
R092023,35,Female,3,Intermediate,266,20
R097435,51,Female,1,Beginner,270,28.6
R058427,46,Female,1,Beginner,264,20.8
R057092,64,Female,2,Intermediate,209,41.6
R030486,55,Male,2,Beginner,296,20
R072079,32,Female,2,Beginner,285,20
R020629,63,Male,2,Advanced,225,65.3
R045267,44,Male,3,Beginner,281,20
R046731,58,Male,1,Beginner,305,20
R060794,20,Male,1,Beginner,277,20
R025794,48,Female,4,Beginner,314,20
R094281,39,Male,2,Intermediate,255,40.6
R010288,28,Female,2,Beginner,258,20
R014817,29,Male,2,Intermediate,214,20
R010224,48,Female,0,Advanced,,20
R065018,40,Female,3,Intermediate,208,20
R052560,21,Female,3,Beginner,308,43.7
R015857,45,Non-binary,0,Intermediate,,45.8
R065557,56,Female,2,Beginner,274,20
R071309,61,Non-binary,3,Intermediate,248,43.5
R011078,38,Female,3,Beginner,298,20
R006567,57,Male,1,Intermediate,265,30.5
R030985,54,Male,2,Beginner,300,20
R040334,33,Female,2,Advanced,227,33.2
R054285,32,Female,0,Intermediate,,27.8
R025723,42,Female,4,Advanced,254,20
R086392,62,Male,2,Advanced,194,39.7
R042429,64,Female,2,Intermediate,272,20
R091743,56,Female,2,Beginner,277,20
R088095,57,Female,1,Beginner,230,31.6
R030931,27,Female,1,Beginner,248,107.1108433
R093306,62,Female,1,Advanced,242,65.1
R062725,50,Female,3,Beginner,317,20
R012303,20,Female,2,Beginner,283,38.4
R067029,45,Female,4,Intermediate,229,39.9
R056227,37,Female,2,Beginner,300,37.4
R030000,44,Female,2,Intermediate,250,20
R087734,52,Male,0,Intermediate,,20
R043450,61,Male,2,Advanced,252,20
R090151,62,Female,0,Advanced,,20.1
R069705,62,Male,0,Beginner,,20
R001863,35,Male,1,Intermediate,241,41.5
R053910,58,Non-binary,2,Intermediate,243,20
R078565,59,Female,3,Intermediate,250,20
R081650,36,Male,2,Intermediate,204,20
R061127,63,Male,2,Advanced,255,48.2
R001591,51,Male,2,Beginner,243,20
R068088,35,Male,0,Beginner,,46.8
R018360,32,Non-binary,1,Beginner,308,20
R047721,51,Female,3,Beginner,282,20
R059969,38,Male,0,Beginner,,20
R096788,59,Male,0,Beginner,,20
R032907,44,Female,0,Beginner,,20
R011332,34,Female,4,Beginner,262,20
R053763,44,Male,3,Beginner,280,44.1
R019211,18,Female,2,Beginner,280,20
R056036,24,Male,2,Intermediate,287,20
R073951,42,Male,2,Beginner,321,36.4
R002044,53,Male,3,Intermediate,266,58.4
R022863,42,Male,2,Advanced,260,52.7
R044648,18,Female,2,Intermediate,255,20
R072098,54,Male,0,Advanced,,20
R059037,36,Male,5,Advanced,217,57.3
R099638,29,Female,0,Beginner,,58.4
R047336,40,Female,2,Beginner,215,20
R024151,59,Female,1,Beginner,300,21
R014563,28,Male,0,Advanced,,42.2
R047394,20,Male,3,Beginner,290,20
R032347,51,Female,0,Beginner,,112.4592704
R073404,54,Female,1,Beginner,272,20
R014350,40,Male,1,Advanced,171,61.2
R060558,42,Female,2,Intermediate,258,37.9
R073549,39,Female,4,Advanced,211,20
R075034,62,Male,3,Advanced,212,20.4
R005660,30,Female,2,Intermediate,301,20
R048195,33,Female,4,Intermediate,245,20
R099155,61,Male,2,Intermediate,269,37.9
R050498,21,Male,2,Beginner,313,46.7
R089571,53,Male,0,Intermediate,,20
R060576,64,Female,1,Advanced,203,20
R001801,45,Non-binary,2,Intermediate,238,20
R099910,23,Female,2,Intermediate,296,38.2
R031744,36,Female,1,Intermediate,253,20
R093919,25,Male,2,Beginner,248,26.2
R051332,19,Female,4,Beginner,282,20
R020829,51,Female,0,Beginner,,20
R056147,59,Male,4,Beginner,261,20
R040833,46,Female,1,Beginner,311,20
R013403,58,Male,6,Beginner,330,20
R059814,65,Non-binary,3,Beginner,299,20
R020744,22,Female,5,Intermediate,281,20
R076573,62,Male,3,Beginner,292,41
R023957,55,Female,0,Intermediate,,34.9
R076350,31,Female,2,Beginner,250,20
R073329,28,Male,0,Beginner,,20.5
R059754,47,Male,4,Beginner,280,20.7
R099015,52,Female,1,Beginner,281,20.1
R033563,39,Female,4,Beginner,321,20
R014099,34,Female,3,Beginner,305,20
R060206,47,Male,4,Beginner,214,20
R037687,45,Male,0,Intermediate,,46.6
R006723,60,Female,1,Beginner,307,20
R008982,41,Male,1,Beginner,275,34.9
R089870,47,Female,1,Intermediate,252,20
R095893,32,Male,0,Intermediate,,20
R014191,23,Male,1,Beginner,278,20
R031318,21,Female,1,Beginner,260,20
R013276,23,Male,1,Beginner,319,22.9
R033435,40,Non-binary,4,Intermediate,228,20
R024633,39,Male,2,Intermediate,221,35.6
R049739,34,Male,1,Intermediate,265,20
R057038,55,Male,1,Beginner,290,20
R052782,32,Female,2,Intermediate,268,20
R044782,65,Female,1,Beginner,267,20
R016742,53,Male,2,Intermediate,269,30.9
R094223,35,Male,2,Beginner,268,20
R049289,44,Male,1,Intermediate,255,26.6
R052716,40,Female,2,Intermediate,284,41.1
R012069,50,Male,0,Advanced,,32.2
R000846,28,Female,3,Advanced,235,37.8
R065922,23,Female,2,Advanced,250,20
R007082,46,Female,2,Beginner,289,20
R020305,40,Male,2,Beginner,267,20
R024482,58,Non-binary,1,Beginner,294,20
R047607,28,Male,1,Beginner,308,20.2
R098380,34,Male,1,Intermediate,290,20
R052920,43,Male,1,Beginner,230,20
R054734,47,Female,3,Intermediate,261,20
R037548,27,Male,1,Beginner,265,20
R096525,34,Female,3,Intermediate,277,47.4
R035034,59,Female,3,Beginner,286,29.9
R069674,25,Male,4,Beginner,314,27.5
R016392,42,Male,0,Intermediate,,57.2
R052771,49,Male,3,Beginner,257,20
R056888,34,Male,2,Beginner,272,28.1
R065518,21,Female,1,Advanced,250,20
R031955,26,Male,2,Intermediate,259,36.9
R067173,29,Female,2,Beginner,251,20
R057109,36,Female,3,Beginner,260,20
R038068,22,Male,2,Advanced,262,42.8
R025079,22,Female,5,Intermediate,195,20
R051156,64,Male,0,Beginner,,57.7
R067184,34,Male,1,Intermediate,222,20
R077092,34,Female,0,Intermediate,,103.407728
R097834,35,Female,2,Advanced,205,21.8
R048657,19,Male,2,Beginner,257,20
R029688,39,Male,2,Advanced,210,35.1
R097269,18,Non-binary,0,Beginner,,29.8
R006726,33,Female,2,Intermediate,205,20
R020937,18,Male,2,Advanced,208,43.3
R002531,38,Male,4,Advanced,175,26.3
R027792,31,Non-binary,4,Beginner,299,20
R055099,64,Non-binary,1,Intermediate,246,27.8
R031422,47,Female,2,Beginner,272,20
R095140,58,Male,3,Beginner,322,20
R063687,56,Male,2,Beginner,259,21.8
R068079,25,Female,5,Intermediate,238,20
R059711,21,Non-binary,2,Beginner,270,20
R092594,31,Female,2,Intermediate,226,100.3121958
R023116,51,Female,3,Advanced,224,25.7
R067925,23,Male,3,Intermediate,242,20
R029379,41,Male,0,Advanced,,33.8
R065294,24,Female,1,Intermediate,302,20
R006332,47,Male,3,Beginner,266,20
R003961,28,Male,4,Intermediate,266,20
R025001,60,Male,0,Intermediate,,20
R064910,23,Female,2,Advanced,251,30.9
R086711,32,Female,1,Advanced,185,32.1
R055807,35,Non-binary,0,Intermediate,,41.3
R065086,58,Female,3,Advanced,237,20
R013365,37,Female,1,Beginner,314,20
R046582,44,Male,1,Intermediate,233,26.4
R045944,28,Female,6,Advanced,238,20
R038517,48,Male,0,Advanced,,37.4
R000161,53,Male,3,Beginner,272,20
R041785,28,Female,1,Beginner,275,40.1
R025338,52,Non-binary,3,Intermediate,241,30.6
R074881,32,Female,1,Beginner,289,20
R062911,62,Male,2,Beginner,288,22
R075290,25,Male,3,Beginner,288,20
R099628,37,Female,4,Beginner,292,25.3
R015365,45,Male,1,Beginner,282,47.5
R051687,49,Female,1,Intermediate,294,20
R061763,26,Female,1,Intermediate,285,43.6
R074979,30,Male,2,Intermediate,281,50.6
R060496,41,Female,2,Advanced,209,41.6
R000183,44,Female,3,Advanced,215,43.3
R096462,63,Male,1,Beginner,248,20
R003983,57,Female,3,Intermediate,242,20
R013696,53,Female,3,Intermediate,254,37.9
R008264,49,Female,1,Intermediate,274,26.8
R050491,53,Female,3,Beginner,288,20
R091827,30,Male,2,Intermediate,223,20
R068696,50,Male,1,Beginner,267,32.4
R061472,37,Male,1,Beginner,275,30.6
R055206,18,Male,5,Intermediate,276,37.8
R056144,55,Male,3,Beginner,282,20
R064020,60,Female,1,Beginner,291,20
R026681,51,Male,1,Beginner,311,20
R053042,53,Female,1,Intermediate,256,20
R013640,45,Female,1,Advanced,164,27.5
R063803,33,Female,1,Advanced,231,25.3
R002555,48,Male,3,Beginner,282,56.8
R038913,39,Male,1,Intermediate,243,20
R050573,48,Male,2,Intermediate,233,20
R029790,28,Female,2,Intermediate,264,20
R098639,55,Female,3,Beginner,290,114.3350578
R034789,23,Female,2,Intermediate,265,20
R060974,30,Female,1,Advanced,223,113.5195583
R055083,32,Female,1,Beginner,268,22.4
R043833,21,Male,4,Intermediate,239,44.5
R092680,30,Female,1,Beginner,316,22.2
R044778,39,Male,3,Intermediate,259,20
R025779,18,Male,1,Advanced,264,52.8
R001068,59,Male,0,Beginner,,52.7
R045496,62,Male,4,Intermediate,260,29.3
R074850,30,Female,1,Beginner,275,20
R078359,34,Male,2,Beginner,337,20
R044624,48,Female,1,Beginner,290,20
R034009,54,Female,0,Advanced,,32
R011830,28,Male,1,Intermediate,242,21.4
R039568,44,Male,1,Advanced,251,67.7
R086278,61,Female,0,Beginner,,20
R005851,27,Female,2,Intermediate,215,20
R050603,36,Female,5,Beginner,239,50
R003222,32,Female,0,Beginner,,43
R061780,64,Female,2,Intermediate,264,29.8
R069084,40,Male,2,Advanced,204,46.3
R018278,45,Male,1,Beginner,272,20
R020637,18,Female,1,Beginner,278,20
R046094,55,Male,2,Beginner,269,27
R070718,47,Female,2,Beginner,299,20
R036723,32,Male,0,Beginner,,21.2
R049614,19,Male,2,Intermediate,286,42
R093581,20,Female,1,Beginner,276,20
R068107,19,Female,2,Intermediate,224,20
R035502,33,Male,3,Beginner,297,37
R094402,37,Male,1,Advanced,218,45.5
R093120,27,Male,3,Beginner,281,20
R038636,31,Male,2,Beginner,261,46.3
R011124,58,Female,1,Beginner,281,20
R072553,40,Male,3,Beginner,302,25
R082434,48,Female,0,Intermediate,,35.7
R037053,62,Male,4,Beginner,287,20
R085671,19,Male,0,Intermediate,,30.5
R014722,39,Male,2,Beginner,250,35.2
R087120,65,Female,5,Intermediate,320,23
R043473,42,Male,1,Beginner,269,20
R015002,29,Female,2,Intermediate,238,20
R028509,62,Female,1,Beginner,221,20
R071628,33,Female,1,Beginner,303,20
R014972,36,Male,3,Beginner,297,20
R070253,61,Non-binary,3,Intermediate,229,20
R076000,44,Male,1,Beginner,246,20.1
R090612,58,Male,4,Intermediate,239,35.1
R048089,26,Female,4,Beginner,293,28.5
R046742,47,Female,3,Beginner,291,20
R060668,22,Male,2,Advanced,168,45.2
R010549,43,Male,3,Intermediate,247,32.2
R092005,43,Male,2,Beginner,234,20
R073534,49,Female,2,Advanced,225,20
R089556,40,Female,2,Intermediate,283,20
R075690,38,Male,0,Beginner,,36.5
R050337,56,Male,1,Beginner,300,20
R033042,36,Female,0,Advanced,,47
R042242,50,Male,4,Beginner,269,22.8
R026336,27,Male,5,Beginner,271,48.2
R035059,60,Male,3,Intermediate,291,33.7
R077355,57,Female,5,Beginner,266,20
R010164,30,Male,4,Beginner,278,20
R030403,23,Female,2,Beginner,272,20.4
R022020,62,Female,2,Intermediate,259,59.4
R084054,32,Female,3,Beginner,311,20
R001635,46,Female,1,Intermediate,272,21.8
R025271,51,Female,6,Intermediate,261,20
R085005,40,Female,3,Beginner,272,47.1
R075175,51,Male,2,Beginner,278,20
R043664,26,Female,3,Intermediate,263,20
R012088,65,Female,1,Beginner,255,32.8
R045814,36,Male,0,Intermediate,,29.2
R075857,43,Male,3,Beginner,257,20
R039972,57,Female,1,Beginner,316,22.9
R057989,60,Male,3,Intermediate,296,20
R024085,52,Female,1,Advanced,172,49.3
R074585,21,Female,5,Beginner,313,20
R021780,26,Female,1,Beginner,290,20
R099731,65,Male,2,Beginner,260,21
R005668,52,Female,2,Advanced,184,49.4
R004679,34,Female,2,Intermediate,260,20
R088024,46,Male,1,Advanced,259,34.1
R025666,22,Male,1,Beginner,294,36.3
R013952,60,Female,4,Beginner,299,20
R042189,56,Female,3,Intermediate,264,20
R068910,31,Non-binary,2,Intermediate,242,20
R012983,43,Male,0,Beginner,,20
R028670,60,Male,0,Advanced,,49.8
R058896,58,Female,4,Intermediate,251,20
R060029,34,Male,1,Advanced,200,50.5
R064573,18,Male,4,Beginner,293,20
R095795,60,Female,1,Intermediate,299,26.1
R033370,53,Female,4,Intermediate,258,20
R012970,56,Male,3,Beginner,287,20
R074040,39,Male,1,Beginner,307,20
R025449,30,Male,3,Intermediate,284,26.7
R061600,60,Female,5,Intermediate,275,20
R071053,31,Male,2,Beginner,275,20
R036468,51,Male,2,Intermediate,234,38
R073324,27,Male,0,Intermediate,,23.3
R043629,61,Female,3,Intermediate,242,20
R078809,19,Female,0,Beginner,,29.4
R004956,40,Female,2,Intermediate,221,20
R058450,53,Female,1,Intermediate,235,20
R036393,47,Female,2,Intermediate,230,20
R099059,48,Female,2,Intermediate,265,27.3
R009703,51,Male,0,Intermediate,,25
R074997,42,Female,2,Beginner,285,20
R039333,40,Non-binary,0,Beginner,,20
R043542,42,Female,3,Intermediate,238,38.8
R038344,42,Male,3,Advanced,237,50.8
R046050,51,Female,1,Intermediate,296,23.8
R089137,31,Male,2,Advanced,184,27.1
R075221,21,Male,3,Advanced,218,20
R016621,23,Female,1,Beginner,299,20
R056946,25,Male,2,Beginner,228,20
R008918,38,Female,1,Beginner,275,106.1171977
R044933,52,Male,1,Intermediate,198,20
R084619,22,Female,2,Intermediate,232,45.3
R078438,41,Male,2,Beginner,285,32.3
R042668,22,Female,4,Beginner,291,20
R079635,51,Female,1,Advanced,187,20
R019471,48,Male,2,Intermediate,275,20.4
R036971,65,Female,1,Intermediate,270,107.5145498
R063136,36,Male,1,Beginner,201,24.4
R026151,37,Male,3,Intermediate,280,20
R063613,29,Male,1,Advanced,220,20
R065124,65,Male,2,Beginner,293,21.5
R096628,45,Female,4,Intermediate,263,20
R031616,38,Female,3,Beginner,235,20
R015813,33,Male,1,Beginner,291,20
R031468,45,Female,1,Beginner,253,20
R009395,28,Male,1,Beginner,225,20.3
R006412,43,Male,3,Beginner,275,20
R015503,36,Male,2,Intermediate,199,20.2
R020707,44,Female,1,Advanced,182,45.8
R002430,20,Male,1,Beginner,286,20
R063618,20,Male,2,Intermediate,244,20
R064304,62,Female,1,Advanced,248,20
R049609,60,Female,1,Intermediate,295,42.6
R020607,62,Female,1,Beginner,293,20
R099794,25,Female,1,Beginner,324,28.4
R006838,22,Male,2,Intermediate,254,30.1
R095594,61,Male,1,Intermediate,275,20
R011306,41,Male,1,Intermediate,244,61.9
R010940,39,Male,0,Intermediate,,20
R097346,27,Female,2,Beginner,310,20
R015705,33,Female,2,Beginner,214,26.1
R032056,49,Female,1,Beginner,267,26.1
R020441,62,Female,3,Intermediate,230,20
R092291,18,Female,2,Beginner,282,20
R025284,64,Male,2,Beginner,249,20
R035890,48,Female,0,Beginner,,20
R090800,35,Male,2,Beginner,284,20
R045116,18,Female,1,Beginner,277,23
R000062,21,Female,2,Intermediate,225,27.8
R086799,25,Female,0,Beginner,,20
R030834,29,Female,2,Beginner,282,20
R086326,24,Male,3,Beginner,289,20
R033499,31,Female,2,Beginner,259,20
R034651,20,Male,0,Intermediate,,20.6
R047469,61,Male,1,Beginner,273,20
R082812,49,Female,2,Beginner,281,48.2
R048736,18,Male,0,Advanced,,47.5
R060882,30,Male,4,Intermediate,236,25.8
R067899,53,Non-binary,1,Beginner,260,22.1
R076877,24,Female,3,Intermediate,265,20.6
R074381,42,Female,3,Intermediate,202,20
R065920,35,Male,1,Advanced,198,57.9
R028512,65,Female,0,Beginner,,20
R053328,35,Male,3,Beginner,269,28.7
R064670,61,Male,4,Advanced,208,62.1
R054878,54,Male,3,Intermediate,260,33.9
R008104,56,Female,2,Advanced,196,45.7
R034728,45,Female,4,Intermediate,246,20
R016836,55,Male,3,Beginner,263,20
R000078,25,Female,1,Beginner,244,20
R071533,27,Female,0,Advanced,,20
R085311,35,Male,1,Beginner,280,34.3
R082438,37,Non-binary,3,Intermediate,239,101.0699809
R087580,64,Male,1,Beginner,276,20
R025864,21,Female,1,Intermediate,225,38.7
R095496,18,Female,1,Beginner,251,20
R029469,46,Male,3,Beginner,276,20
R038246,22,Female,5,Beginner,302,20
R015654,51,Male,2,Intermediate,245,20
R003160,38,Male,1,Intermediate,257,24.1
R004534,37,Male,0,Advanced,,20
R081019,54,Male,2,Beginner,298,20
R087176,48,Male,1,Intermediate,265,22
R068236,20,Female,3,Beginner,287,20
R086524,23,Female,0,Beginner,,20
R062704,30,Male,3,Intermediate,278,25.7
R080493,26,Non-binary,3,Advanced,201,54.2
R081193,31,Female,1,Intermediate,266,20
R032508,21,Male,4,Intermediate,265,20
R058062,63,Female,3,Beginner,291,20
R014466,36,Female,1,Beginner,303,24.6
R038586,41,Female,1,Intermediate,254,20
R024771,54,Non-binary,1,Beginner,277,20
R078483,29,Male,1,Beginner,309,20
R041100,56,Male,2,Advanced,208,34.6
R081078,56,Female,2,Intermediate,277,52.8
R056710,39,Male,2,Beginner,257,20
R009706,48,Female,1,Advanced,229,26.4
R034022,18,Female,1,Intermediate,262,23.8
R044308,62,Male,0,Advanced,,36.8
R074714,60,Non-binary,1,Intermediate,266,41.4
R073719,43,Female,2,Beginner,275,20
R068993,47,Male,3,Beginner,252,22.1
R022572,40,Male,0,Beginner,,20
R028671,57,Female,4,Beginner,327,20
R029375,58,Male,1,Intermediate,275,44.1
R075943,40,Male,0,Advanced,,20
R035070,58,Female,1,Beginner,292,22.1
R014182,24,Female,1,Beginner,347,28.6
R021206,19,Female,1,Beginner,259,20
R064183,65,Female,1,Intermediate,305,47.9
R002442,47,Male,2,Beginner,230,42.1
R006787,27,Male,1,Beginner,303,20
R070543,65,Female,4,Beginner,271,20
R024906,42,Male,0,Beginner,,20
R062661,34,Male,0,Intermediate,,20
R094610,36,Female,2,Intermediate,230,20
R065289,33,Female,1,Beginner,276,24.6
R044897,31,Non-binary,2,Intermediate,267,41.5
R085369,20,Male,0,Beginner,,26.2
R062759,24,Male,2,Intermediate,245,20
R024412,57,Male,5,Advanced,233,20
R087437,19,Male,3,Beginner,320,51.4
R026726,34,Female,0,Beginner,,38.5
R088368,19,Male,1,Intermediate,213,42.9
R018389,19,Male,3,Intermediate,237,20
R088124,21,Female,4,Beginner,247,30.2
R001977,29,Female,1,Beginner,294,20
R098961,62,Female,1,Beginner,272,20
R097481,49,Male,3,Advanced,227,25
R015651,27,Male,4,Beginner,285,20
R052993,55,Female,1,Advanced,181,20
R016162,23,Male,3,Intermediate,242,20
R073922,38,Male,3,Intermediate,247,27.7
R052137,48,Male,2,Beginner,256,20
R063037,45,Female,0,Intermediate,,22
R001948,40,Female,1,Beginner,285,46.8
R015591,45,Male,2,Beginner,265,20
R063916,35,Female,3,Beginner,292,50.3
R094300,27,Male,0,Intermediate,,62.4
R028288,65,Male,3,Intermediate,230,20
R063601,48,Male,1,Intermediate,225,20
R032539,47,Female,2,Beginner,274,22.2
R090053,39,Male,3,Beginner,267,20
R010706,45,Female,1,Advanced,232,24.1
R077537,54,Male,0,Advanced,,35
R096840,37,Female,4,Beginner,304,20
R081011,59,Female,5,Advanced,239,44.3
R096920,37,Male,2,Beginner,300,20
R055416,18,Female,1,Intermediate,205,32.4
R038129,55,Male,3,Intermediate,300,20
R060803,32,Non-binary,2,Beginner,297,20
R069578,26,Male,2,Beginner,274,48
R086641,32,Female,4,Intermediate,225,20
R011242,30,Male,2,Beginner,237,20
R061795,59,Female,2,Advanced,200,28
R000139,43,Male,2,Advanced,196,20
R039807,43,Female,1,Advanced,230,38.1
R093109,49,Female,1,Intermediate,228,20
R081927,33,Female,2,Beginner,293,20
R027646,18,Male,1,Beginner,291,20
R086885,58,Female,1,Intermediate,256,25.6
R093820,50,Female,2,Advanced,234,20
R087486,56,Female,0,Beginner,,20
R021542,65,Male,2,Beginner,269,20
R059576,41,Female,1,Intermediate,219,29.7
R041432,51,Female,2,Advanced,222,72.5
R022651,27,Male,0,Intermediate,,31.4
R079686,18,Female,3,Beginner,282,20
R009992,43,Male,0,Beginner,,20
R027337,40,Male,1,Intermediate,258,20
R062300,35,Female,0,Intermediate,,20
R037017,30,Female,0,Intermediate,,40
R097450,38,Female,1,Beginner,279,20
R096585,45,Female,1,Beginner,300,55.7
R006449,61,Male,0,Advanced,,26.9
R074631,44,Male,4,Beginner,284,20
R093032,22,Female,1,Beginner,279,20
R074475,50,Male,4,Beginner,275,20
R034557,44,Male,2,Beginner,276,20
R016863,61,Male,0,Intermediate,,44.3
R084870,43,Female,0,Beginner,,20
R042014,33,Male,3,Beginner,225,23.5
R079867,63,Male,3,Beginner,278,44.1
R022837,34,Male,4,Intermediate,280,20
R021104,29,Female,3,Beginner,266,20
R011476,20,Male,0,Intermediate,,20
R081215,43,Non-binary,1,Beginner,293,20
R025464,24,Male,0,Advanced,,30.6
R077996,60,Male,3,Beginner,316,20
R022911,63,Female,2,Advanced,185,20
R032231,26,Male,1,Intermediate,257,20
R095633,58,Male,1,Beginner,310,27.1
R036728,23,Female,1,Intermediate,264,20
R029105,63,Male,3,Beginner,279,20
R049518,40,Male,3,Advanced,215,47.5
R055878,45,Non-binary,2,Intermediate,240,20
R019214,35,Female,5,Beginner,304,20
R092804,58,Female,3,Intermediate,231,29.6
R006594,27,Male,4,Beginner,264,53.1
R084112,24,Male,2,Advanced,207,38.3
R017078,43,Female,2,Beginner,253,21.8
R011543,30,Female,2,Beginner,284,20
R065357,25,Non-binary,7,Advanced,250,21.2
R039933,20,Female,1,Intermediate,227,20
R045557,57,Male,0,Beginner,,38.1
R056931,28,Female,1,Intermediate,249,20
R025159,46,Female,1,Intermediate,254,59.3
R087364,39,Male,1,Intermediate,265,21.9
R066586,46,Female,2,Beginner,303,28.8
R068947,48,Female,1,Beginner,304,52.7
R044678,59,Male,1,Advanced,253,20
R026475,52,Female,2,Intermediate,314,20
R045341,30,Male,4,Beginner,296,20
R040289,48,Male,1,Beginner,278,32.3
R025639,59,Female,3,Beginner,291,20
R098783,41,Non-binary,2,Intermediate,259,25.2
R079521,58,Male,3,Beginner,244,20
R010622,58,Male,5,Beginner,294,29.1
R020480,41,Female,3,Beginner,266,24.4
R035950,33,Non-binary,3,Intermediate,272,46.8
R047183,54,Female,1,Intermediate,235,33.1
R036655,47,Male,3,Beginner,315,20
R006964,57,Male,3,Beginner,255,20
R038759,35,Female,5,Advanced,207,58.6
R077266,36,Female,0,Beginner,,56.1
R073088,51,Female,2,Advanced,222,58.2
R038722,46,Female,2,Advanced,204,20
R054966,47,Female,1,Beginner,327,20
R066889,60,Male,1,Intermediate,221,20
R098480,24,Female,3,Beginner,255,20
R013121,36,Male,4,Beginner,294,52.6
R002590,52,Female,1,Advanced,188,20
R075321,47,Female,0,Beginner,,20
R031822,18,Male,2,Beginner,296,20
R047972,28,Male,1,Beginner,285,20
R089787,55,Male,2,Beginner,314,20
R070356,52,Male,2,Beginner,342,20
R009681,47,Male,1,Advanced,246,20
R043417,64,Female,0,Intermediate,,20
R057249,47,Male,4,Advanced,196,20
R089878,28,Male,3,Beginner,267,55.4
R072756,23,Male,0,Intermediate,,56.4
R064316,52,Female,2,Beginner,266,20
R089832,54,Female,2,Intermediate,226,20
R021949,65,Male,3,Beginner,233,44.7
R059554,60,Male,1,Beginner,245,26.1
R018048,63,Non-binary,1,Intermediate,268,21.3
R028617,27,Male,1,Intermediate,283,20
R058936,49,Female,2,Beginner,246,20
R002656,39,Female,3,Beginner,300,23.5
R011330,26,Male,2,Advanced,197,25.5
R044547,64,Female,1,Beginner,247,20
R041315,37,Male,3,Advanced,256,48.5
R047459,53,Non-binary,5,Advanced,207,20
R035718,29,Male,1,Intermediate,286,20
R059832,39,Female,1,Beginner,288,20
R023756,58,Male,1,Beginner,285,20
R047329,27,Male,0,Beginner,,39.3
R093905,34,Female,2,Intermediate,221,20
R026328,50,Male,3,Beginner,292,34.1
R042898,39,Female,1,Beginner,273,40.7
R044789,34,Female,4,Intermediate,236,20
R078459,46,Female,3,Beginner,310,21.7
R020027,34,Female,2,Beginner,286,30.3
R053141,46,Female,4,Beginner,243,26.6
R058837,35,Male,1,Beginner,328,20
R034014,22,Female,2,Beginner,306,20
R063097,37,Female,3,Intermediate,238,20
R013954,46,Female,0,Beginner,,31.9
R098239,43,Male,2,Beginner,273,23.9
R066828,49,Female,3,Beginner,276,20
R078520,63,Male,2,Beginner,262,31.2
R044823,47,Female,1,Beginner,313,22.3
R034477,23,Male,4,Beginner,268,20
R029978,48,Male,3,Beginner,251,42.3
R055893,31,Male,2,Beginner,290,20
R054606,35,Female,6,Beginner,313,61.1
R061362,49,Female,2,Intermediate,237,37.8
R029877,19,Male,4,Advanced,218,25.1
R025155,63,Male,0,Beginner,,22
R035291,22,Female,3,Intermediate,224,41
R050455,46,Female,3,Intermediate,231,37.7
R099982,41,Female,0,Beginner,,20
R018773,43,Female,5,Intermediate,218,20
R023362,61,Female,0,Intermediate,,20
R080694,29,Male,3,Beginner,340,20
R016530,18,Non-binary,1,Intermediate,279,39.1
R099586,22,Female,0,Intermediate,,40.9
R033116,39,Male,1,Intermediate,309,26.5
R028490,54,Male,1,Intermediate,215,20
R019145,60,Male,1,Intermediate,249,40.8
R064229,50,Male,5,Beginner,279,30.2
R054028,48,Female,1,Intermediate,272,20
R049468,24,Male,1,Intermediate,234,31.9
R095295,57,Male,1,Beginner,289,20
R082405,50,Male,2,Beginner,253,20
R011744,54,Female,0,Advanced,,20
R029242,45,Male,2,Intermediate,257,37.5
R077706,34,Female,4,Beginner,330,20
R030887,37,Female,3,Beginner,283,102.7124637
R002225,29,Female,3,Intermediate,266,20
R018142,38,Female,1,Beginner,323,20
R005996,41,Non-binary,1,Intermediate,248,43.9
R048135,31,Female,4,Intermediate,265,31.6
R056690,22,Male,1,Beginner,300,20
R085800,56,Male,4,Beginner,243,65.3
R057894,30,Male,4,Beginner,305,21.8
R002051,20,Female,5,Beginner,371,20
R099166,41,Male,1,Advanced,190,20
R095856,43,Female,3,Intermediate,210,27.2
R028566,33,Female,2,Beginner,323,20
R066560,24,Female,3,Beginner,304,20
R071888,44,Female,2,Intermediate,265,36.3
R015055,32,Female,1,Beginner,232,20
R058100,42,Female,0,Beginner,,20
R069922,54,Male,2,Intermediate,262,56.6
R023055,44,Female,1,Beginner,274,58.2
R040232,64,Female,0,Intermediate,,58.6
R008800,55,Male,3,Beginner,278,37.1
R057671,54,Female,4,Beginner,305,25.9
R062327,19,Female,0,Advanced,,23.5
R044694,57,Female,2,Intermediate,228,27.5
R003363,46,Male,0,Intermediate,,41.3
R040218,60,Male,5,Intermediate,255,24.5
R003834,39,Female,0,Beginner,,20
R029731,48,Female,2,Advanced,242,42
R069651,18,Female,2,Beginner,304,32
R057586,22,Female,1,Intermediate,250,20
R080861,25,Male,0,Beginner,,106.613153
R029474,19,Male,1,Beginner,267,30.8
R035648,23,Female,2,Beginner,309,20
R093968,19,Male,2,Beginner,253,42.7
R041036,61,Male,1,Beginner,301,38.2
R092884,52,Female,4,Advanced,239,20
R065158,55,Male,1,Intermediate,244,28.6
R073710,60,Male,1,Intermediate,216,112.2561956
R027584,65,Female,1,Intermediate,250,22.8
R051639,40,Female,3,Beginner,286,20
R073442,34,Female,0,Beginner,,20
R005021,37,Female,2,Intermediate,250,24
R092012,35,Non-binary,1,Intermediate,277,50.3
R018595,35,Female,0,Intermediate,,20
R037941,50,Male,3,Beginner,315,20
R057011,19,Male,2,Intermediate,259,40.4
R048619,45,Male,2,Beginner,261,20
R053699,64,Male,1,Advanced,194,28.6
R042420,59,Female,0,Beginner,,20
R025008,65,Male,0,Beginner,,27.1
R012187,51,Female,2,Beginner,294,20
R091330,56,Female,0,Beginner,,26.1
R007196,62,Male,1,Advanced,238,23.3
R049500,39,Female,1,Intermediate,270,45
R063196,50,Male,3,Beginner,286,20
R094049,44,Female,0,Intermediate,,38.1
R068793,55,Male,2,Advanced,234,60.9
R030462,47,Male,1,Beginner,310,20
R015958,24,Male,1,Beginner,280,20
R085463,45,Male,0,Beginner,,41.8
R013616,61,Female,3,Beginner,290,32.1
R070737,65,Female,5,Beginner,276,26.9
R083152,27,Male,2,Intermediate,301,29
R043328,21,Male,0,Beginner,,20
R020883,38,Male,6,Beginner,297,25.9
R038504,57,Male,0,Intermediate,,35.6
R001617,34,Female,4,Beginner,279,30.7
R066942,57,Female,3,Intermediate,280,40.4
R005570,38,Male,2,Beginner,268,28.6
R008820,46,Female,4,Advanced,201,36
R001418,41,Female,2,Beginner,229,20
R095034,22,Male,4,Beginner,312,35.9
R090872,44,Female,3,Intermediate,262,20
R022096,39,Female,3,Intermediate,265,56.9
R010303,64,Female,3,Intermediate,255,20
R097100,38,Female,3,Beginner,328,20
R017509,40,Female,2,Beginner,282,20
R052334,44,Male,2,Beginner,246,47.4
R048807,38,Female,2,Advanced,224,63.6
R010453,58,Male,1,Beginner,263,32.4
R099569,51,Male,2,Beginner,254,29
R053658,47,Male,5,Intermediate,230,26.6
R068434,27,Female,4,Beginner,312,29
R082761,52,Female,3,Beginner,269,54.2
R082790,26,Male,2,Intermediate,210,20
R070905,18,Male,2,Beginner,288,42.4
R072201,34,Female,3,Beginner,294,20
R018626,19,Male,1,Beginner,250,23.7
R052269,62,Male,4,Intermediate,246,20.7
R038056,34,Male,1,Intermediate,227,20
R032743,34,Male,1,Beginner,301,36.6
R066804,57,Female,2,Beginner,312,43.6
R048359,27,Female,0,Advanced,,20
R088694,43,Male,1,Beginner,242,38.3
R096692,43,Female,4,Intermediate,271,22.6
R056971,41,Female,4,Advanced,226,26.3
R016234,24,Female,1,Beginner,277,20
R047826,39,Female,1,Advanced,262,26.8
R003709,44,Male,3,Beginner,347,20
R021934,60,Male,2,Intermediate,210,20
R054720,56,Female,0,Beginner,,29.8
R014276,36,Male,1,Advanced,229,20
R002443,38,Female,3,Intermediate,272,20
R019098,46,Male,2,Advanced,177,47.8
R049084,50,Male,1,Beginner,276,20
R075119,62,Male,3,Intermediate,204,21.2
R065033,54,Female,1,Beginner,271,20
R048546,34,Female,2,Advanced,158,20
R067955,59,Female,5,Intermediate,206,35.6
R069759,21,Male,2,Beginner,247,29.9
R087075,35,Male,3,Advanced,179,32.6
R006104,63,Male,3,Intermediate,253,20
R008112,26,Female,1,Advanced,211,21.2
R097997,45,Female,2,Advanced,240,39
R030505,18,Female,2,Intermediate,275,20
R022563,62,Male,4,Beginner,280,20
R013514,51,Female,1,Intermediate,230,20
R012188,42,Female,3,Beginner,252,53.6
R074620,32,Female,5,Advanced,210,28.9
R037691,45,Female,1,Advanced,199,34.8
R052474,25,Male,2,Intermediate,256,20
R003579,55,Female,2,Beginner,287,20
R033642,52,Male,2,Advanced,272,31.5
R005575,50,Male,2,Intermediate,260,42.5
R064902,47,Female,3,Beginner,312,20
R090911,19,Male,2,Advanced,196,37.5
R022902,18,Non-binary,5,Intermediate,266,43.8
R046482,63,Male,2,Advanced,199,78.9
R086726,41,Non-binary,1,Beginner,268,20
R080843,39,Male,2,Intermediate,308,20
R030374,29,Non-binary,7,Intermediate,201,20
R019306,39,Female,3,Advanced,208,20
R015811,30,Female,2,Intermediate,223,32.9
R057787,44,Male,1,Intermediate,236,20
R061549,35,Female,1,Beginner,255,20
R087860,29,Female,0,Beginner,,20.7
R031249,39,Female,2,Beginner,313,20
R009324,57,Male,2,Intermediate,265,20
R048391,24,Male,0,Intermediate,,20
R008555,37,Female,2,Beginner,270,30.6
R082337,27,Female,2,Beginner,299,29.1
R010217,35,Male,1,Beginner,286,28.5
R083523,57,Male,1,Beginner,292,24.6
R040474,47,Male,0,Advanced,,20
R048874,22,Female,0,Beginner,,20
R071879,62,Female,1,Intermediate,228,20.1
R080369,20,Female,4,Advanced,184,20
R086462,48,Male,1,Beginner,287,20
R013217,59,Female,0,Beginner,,44.3
R038324,64,Male,3,Intermediate,211,44.5
R083330,62,Female,2,Beginner,267,20
R066906,32,Female,4,Intermediate,248,49
R048482,55,Male,3,Beginner,301,25.6
R041224,30,Male,3,Beginner,286,54.1
R036531,42,Female,2,Intermediate,225,51
R035727,56,Male,3,Advanced,195,59.7
R093796,54,Non-binary,3,Intermediate,267,20
R011117,44,Male,2,Beginner,286,24.7
R050246,41,Female,0,Beginner,,20
R021647,46,Male,2,Advanced,188,20
R059806,52,Male,2,Intermediate,266,115.9436983
R095147,33,Male,4,Beginner,265,20.7
R057590,37,Male,3,Beginner,256,20
R063723,50,Female,1,Intermediate,228,31.9
R065493,20,Male,2,Advanced,207,25.4
R027365,28,Female,5,Beginner,285,20
R099727,20,Female,3,Intermediate,259,22.5
R002468,28,Female,0,Advanced,,31.7
R045487,23,Male,0,Beginner,,42.4
R020767,61,Male,3,Beginner,268,37.2
R069104,53,Female,2,Advanced,225,25.8
R087449,53,Female,2,Beginner,286,20
R059185,47,Male,0,Beginner,,20
R074055,41,Male,1,Intermediate,218,106.8365217
R054389,46,Male,4,Advanced,226,20
R043508,53,Male,3,Intermediate,237,39.4
R086316,20,Male,3,Beginner,229,52.5
R008447,28,Male,4,Beginner,263,20
R010986,52,Female,2,Beginner,263,24.9
R020599,48,Male,2,Advanced,209,25.2
R079467,40,Female,6,Advanced,224,20
R025250,47,Female,3,Advanced,237,53.6
R048203,20,Male,4,Beginner,248,43.4
R079473,53,Male,4,Beginner,289,23.3
R028060,48,Male,2,Beginner,305,20
R086382,23,Female,1,Beginner,259,36.8
R034788,28,Female,0,Beginner,,29.3
R052522,45,Male,5,Beginner,292,21.7
R026734,57,Male,2,Intermediate,289,54.4
R016290,37,Female,2,Beginner,286,20
R075372,57,Female,2,Advanced,233,34.1
R055423,33,Female,1,Beginner,281,20
R018133,35,Male,1,Intermediate,257,20
R082391,31,Female,3,Beginner,295,20
R039725,63,Male,1,Intermediate,248,31.9
R025157,23,Male,3,Intermediate,284,20
R027069,46,Male,2,Advanced,239,30.1
R050909,62,Female,1,Beginner,258,20
R015478,31,Male,3,Beginner,274,20
R001713,29,Male,3,Advanced,212,100.8419049
R029647,34,Female,2,Beginner,274,40.2
R030160,18,Female,2,Intermediate,287,53.8
R072781,47,Female,1,Advanced,211,37.7
R000083,33,Female,1,Beginner,283,55.2
R063561,27,Male,1,Intermediate,255,32
R061246,32,Female,2,Intermediate,226,20
R058206,36,Non-binary,2,Intermediate,269,44.8
R041025,46,Female,3,Advanced,235,25.9
R007988,26,Female,3,Intermediate,280,20
R008603,55,Female,4,Intermediate,185,20
R026042,23,Female,4,Advanced,166,20
R040722,34,Male,2,Intermediate,233,37.5
R024462,53,Female,2,Beginner,315,26.9
R066765,35,Female,2,Beginner,299,22.4
R019821,55,Non-binary,1,Intermediate,235,20
R058367,49,Male,1,Intermediate,234,20
R069773,22,Female,2,Intermediate,256,20
R069132,64,Female,0,Advanced,,54.9
R017980,20,Male,4,Beginner,275,31.4
R087423,24,Male,4,Advanced,183,41.5
R060223,64,Male,3,Beginner,250,34.8
R010466,46,Female,1,Intermediate,227,27.8
R090171,22,Female,2,Advanced,207,20
R022208,65,Male,0,Intermediate,,20
R060627,49,Female,2,Beginner,280,20
R049927,34,Female,1,Beginner,247,23.2
R031825,49,Male,2,Beginner,256,35
R014946,52,Non-binary,0,Intermediate,,20
R083805,32,Female,2,Beginner,260,27.3
R009425,27,Female,3,Intermediate,242,47.2
R080822,25,Non-binary,3,Advanced,211,33.4
R055837,34,Female,2,Beginner,265,20
R047874,50,Female,4,Beginner,291,20
R092614,38,Female,1,Intermediate,279,20
R019698,22,Female,0,Beginner,,27.8
R063794,18,Female,0,Beginner,,20
R041769,52,Female,2,Intermediate,261,28.6
R025387,19,Female,1,Intermediate,210,20
R090229,31,Female,2,Beginner,328,20
R006359,51,Non-binary,3,Beginner,306,20
R006278,55,Female,4,Intermediate,246,20
R018289,20,Female,2,Beginner,272,40.5
R052907,21,Male,1,Beginner,240,20
R032070,58,Male,3,Beginner,268,30.6
R033402,32,Female,2,Beginner,289,20
R075041,50,Male,4,Intermediate,219,21
R052764,19,Female,2,Beginner,321,20
R041113,39,Male,3,Beginner,278,33.2
R009093,62,Female,2,Beginner,299,31.9
R005489,45,Female,3,Beginner,287,20
R021631,22,Female,2,Advanced,209,20
R031937,65,Male,3,Beginner,231,20
R035480,49,Male,4,Beginner,255,20
R042513,28,Female,1,Advanced,208,28.5
R077615,30,Male,1,Beginner,245,20
R021048,18,Male,1,Intermediate,247,64.4
R099014,28,Male,0,Beginner,,47.9
R083477,49,Female,3,Beginner,295,28.1
R052133,48,Male,3,Beginner,242,48.8
R042140,44,Male,1,Advanced,222,26.5
R069850,37,Female,2,Intermediate,282,20
R095028,65,Female,0,Beginner,,113.0311156
R095188,28,Male,4,Beginner,286,30.6
R002407,52,Male,3,Beginner,276,20
R099499,22,Female,1,Intermediate,254,20
R037058,20,Male,2,Beginner,255,20
R077252,28,Male,2,Beginner,296,20
R022304,18,Male,0,Advanced,,20
R016039,21,Female,3,Beginner,246,20
R079138,26,Female,2,Advanced,195,20
R039040,27,Non-binary,1,Beginner,266,20
R003407,31,Female,3,Beginner,273,20
R043224,49,Male,0,Intermediate,,32.8
R038961,61,Male,1,Intermediate,257,20
R083206,43,Male,4,Intermediate,265,50.6
R059215,36,Male,4,Beginner,304,24.7
R037411,47,Male,0,Intermediate,,40
R027129,42,Male,1,Beginner,226,20.2
R090831,63,Female,3,Beginner,325,27
R055834,24,Male,3,Beginner,283,22.7
R030208,46,Male,2,Intermediate,242,41.8
R022316,43,Female,1,Advanced,242,20
R077477,45,Male,1,Advanced,207,46.1
R075902,32,Male,1,Beginner,255,20
R073439,19,Female,4,Beginner,274,32.8
R004805,27,Male,4,Advanced,247,45.8
R084763,30,Male,3,Intermediate,257,26.3
R057304,63,Female,2,Beginner,297,58.5
R076949,47,Female,1,Beginner,271,37.7
R065901,37,Female,1,Beginner,297,30.1
R023081,28,Female,2,Beginner,273,29.8
R072129,22,Male,3,Beginner,293,20
R000315,24,Female,1,Advanced,196,20
R019104,18,Female,1,Beginner,257,20
R027302,52,Male,4,Beginner,299,31.6
R099106,44,Female,4,Intermediate,246,20
R050013,55,Female,1,Advanced,218,20
R019089,31,Male,3,Advanced,207,48.6
R080721,29,Male,0,Intermediate,,20.6
R072194,50,Female,2,Beginner,252,20
R036112,20,Female,4,Intermediate,242,29.7
R050252,53,Female,1,Beginner,296,114.7062274
R042477,22,Female,2,Beginner,280,26.2
R075610,43,Male,2,Beginner,280,117.4851359
R097077,29,Male,6,Beginner,299,20
R051993,21,Male,3,Intermediate,282,20
R004413,30,Female,1,Beginner,268,20
R075771,34,Female,1,Intermediate,214,20
R011882,62,Female,0,Beginner,,24.5
R049755,26,Male,1,Beginner,276,30
R002174,55,Female,3,Advanced,200,20
R022550,24,Female,2,Beginner,284,20
R065306,65,Non-binary,0,Beginner,,20
R008997,50,Male,3,Advanced,242,42.3
R092175,38,Male,3,Intermediate,224,20
R024287,19,Female,2,Beginner,290,20
R009027,51,Male,3,Beginner,297,32.1
R048459,30,Male,2,Advanced,216,39.9
R097652,36,Female,1,Intermediate,231,20
R080355,43,Female,1,Intermediate,259,40.9
R060447,62,Female,1,Intermediate,281,20
R040157,26,Female,4,Beginner,286,112.6580378
R029221,48,Female,1,Advanced,224,22.9
R096078,49,Female,1,Beginner,272,20
R035626,59,Male,0,Beginner,,20
R089685,61,Female,0,Beginner,,26.8
R060784,61,Female,3,Beginner,261,32.9
R054132,51,Male,4,Beginner,238,45.6
R016265,31,Female,1,Advanced,237,28
R055112,31,Female,2,Beginner,299,44.4
R031593,37,Male,5,Intermediate,235,28.6
R061545,48,Female,1,Beginner,313,21.7
R086952,26,Male,1,Intermediate,270,20
R069933,48,Female,2,Advanced,191,20
R093195,42,Female,2,Beginner,245,23.5
R054179,44,Male,3,Intermediate,235,20.5
R015453,47,Male,0,Beginner,,38.6
R041063,63,Female,1,Intermediate,238,23
R078776,39,Female,2,Beginner,268,20
R071025,64,Female,0,Beginner,,20
R023985,20,Male,3,Intermediate,271,44.9
R010679,52,Male,5,Advanced,215,20
R062922,40,Female,1,Beginner,321,31.3
R015529,19,Male,6,Advanced,204,49.7
R045643,51,Male,4,Beginner,332,20
R086166,33,Male,2,Beginner,261,20
R060945,31,Female,9,Intermediate,196,20
R019394,64,Female,1,Advanced,234,50.7
R059476,63,Male,2,Beginner,281,20
R061743,33,Male,3,Beginner,295,29.1
R008726,33,Non-binary,4,Beginner,231,20
R078625,48,Female,2,Beginner,278,22.8
R032633,41,Male,2,Advanced,260,20
R068106,48,Male,1,Intermediate,238,20
R030269,40,Male,8,Advanced,213,20
R023173,18,Male,5,Intermediate,248,20.1
R049721,55,Female,0,Beginner,,20
R005716,34,Male,4,Advanced,221,20
R039139,35,Non-binary,1,Beginner,316,20
R047984,27,Male,1,Intermediate,268,20
R034333,44,Female,3,Beginner,236,21.8
R071991,54,Male,3,Beginner,252,57.9
R048717,60,Female,2,Intermediate,254,20
R028635,30,Female,1,Beginner,300,20
R040627,37,Non-binary,2,Beginner,288,22.2
R038447,44,Female,0,Advanced,,57.3
R038195,27,Female,1,Advanced,229,22.6
R011377,29,Male,2,Beginner,268,20
R036825,22,Male,1,Beginner,299,20
R070784,23,Male,2,Beginner,281,20
R080135,56,Male,3,Intermediate,247,20
R092077,34,Female,3,Beginner,297,44.2
R043829,46,Female,3,Beginner,271,20
R071778,46,Female,1,Advanced,231,20
R083968,45,Male,3,Beginner,263,46.1
R029177,57,Male,3,Intermediate,225,33
R094622,59,Female,1,Beginner,274,20
R026293,22,Female,3,Beginner,290,20
R059553,41,Female,1,Beginner,292,20
R047505,30,Male,2,Advanced,233,52
R058200,61,Female,3,Beginner,273,20
R065326,60,Male,1,Beginner,213,20
R084133,65,Non-binary,3,Beginner,259,52.4
R007037,18,Male,0,Intermediate,,46.9
R086803,26,Female,2,Beginner,283,20
R036923,58,Male,5,Advanced,191,46.3
R070377,31,Male,2,Beginner,299,21.9
R049750,35,Female,0,Intermediate,,20
R047219,42,Female,2,Intermediate,217,20
R020617,34,Female,1,Beginner,276,21.4
R072470,38,Female,0,Beginner,,56.4
R084720,53,Female,3,Intermediate,258,20
R076928,19,Male,1,Beginner,280,61
R029629,25,Female,0,Beginner,,50.8
R015252,44,Female,1,Beginner,302,20
R019128,38,Male,0,Intermediate,,20
R009634,44,Female,4,Advanced,159,79.5
R028702,26,Male,2,Beginner,245,24.5
R082625,27,Male,0,Intermediate,,20
R001481,62,Female,4,Beginner,302,24.4
R095650,38,Male,4,Advanced,201,30.6
R037292,36,Female,1,Advanced,252,69.4
R063167,27,Female,1,Intermediate,257,59.2
R051855,22,Male,0,Intermediate,,32.8
R065175,27,Male,0,Advanced,,20.2
R073510,29,Male,0,Beginner,,25.6
R000285,50,Female,1,Intermediate,224,20
R094260,20,Female,1,Advanced,193,78.9
R022662,50,Female,3,Advanced,240,20
R042813,50,Male,7,Beginner,341,20
R024404,57,Female,2,Intermediate,238,35.2
R077575,56,Female,1,Advanced,238,103.7017782
R010669,24,Female,1,Intermediate,249,36
R019355,55,Male,2,Beginner,271,20
R017441,58,Female,2,Beginner,284,20
R099622,42,Male,2,Intermediate,274,20
R093587,40,Female,5,Beginner,248,20
R018996,32,Male,5,Beginner,261,20
R004789,57,Female,3,Intermediate,236,51.5
R084505,43,Male,0,Beginner,,20
R079657,65,Female,3,Intermediate,212,38.9
R059421,63,Female,3,Intermediate,215,26.1
R019538,32,Female,1,Beginner,302,20
R007329,45,Male,2,Intermediate,258,20
R036255,60,Female,1,Beginner,299,37.9
R082348,62,Female,4,Beginner,262,20
R068761,26,Female,3,Intermediate,183,20
R071568,31,Female,2,Intermediate,243,20
R057460,65,Female,5,Beginner,246,20
R039879,33,Male,1,Intermediate,217,54.1
R001029,26,Male,2,Intermediate,219,118.572591
R018047,20,Male,2,Intermediate,265,21.9
R081892,50,Male,4,Advanced,239,65.5
R017546,18,Male,3,Beginner,294,28
R055582,65,Female,3,Intermediate,229,62.2
R039085,54,Female,2,Beginner,322,20
R077989,23,Male,1,Intermediate,254,20
R076621,29,Male,0,Beginner,,22.1
R077811,22,Female,5,Advanced,232,20
R098336,23,Male,5,Intermediate,286,20
R095473,43,Female,2,Advanced,219,31
R060385,34,Female,0,Beginner,,20
R037568,55,Male,0,Intermediate,,28.5
R027484,51,Female,3,Beginner,267,20
R064904,60,Female,0,Advanced,,43.1
R080567,64,Male,3,Intermediate,288,49.4
R077978,25,Male,2,Beginner,281,20
R078699,49,Male,1,Beginner,328,37.6
R069378,27,Female,2,Intermediate,269,20
R042672,57,Male,0,Beginner,,20
R038969,35,Female,2,Advanced,198,23.1
R046346,45,Female,1,Beginner,308,20.4
R014395,39,Female,2,Intermediate,249,20
R068296,25,Male,4,Advanced,217,20
R013639,63,Male,0,Intermediate,,20
R094783,35,Female,0,Beginner,,61.8
R096960,54,Female,1,Advanced,211,29.6
R029883,21,Male,1,Intermediate,268,49.5
R022965,58,Male,3,Intermediate,235,20
R018883,26,Male,0,Intermediate,,30.5
R062185,62,Male,1,Beginner,298,20
R027176,59,Male,0,Beginner,,20
R041727,22,Female,3,Advanced,173,39.3
R052750,48,Male,0,Advanced,,62
R085181,55,Male,2,Beginner,270,20
R054705,25,Female,2,Advanced,216,20
R074286,46,Female,2,Beginner,310,24.6
R070324,29,Female,3,Beginner,230,20
R019671,44,Male,9,Intermediate,291,23
R080855,37,Male,1,Advanced,263,20
R083586,48,Male,3,Beginner,270,33.1
R075475,29,Male,5,Beginner,288,119.2873213
R024523,60,Female,1,Advanced,225,44.3
R052972,41,Male,1,Beginner,345,20
R029086,35,Female,1,Beginner,338,20
R088402,55,Female,2,Beginner,240,41.4
R042120,19,Female,1,Beginner,284,20
R016273,27,Male,2,Intermediate,269,57.6
R031440,29,Female,5,Beginner,278,20
R069950,63,Female,1,Beginner,237,20
R060000,65,Male,3,Beginner,233,60.3
R026455,47,Male,4,Intermediate,240,20
R032705,42,Male,1,Beginner,297,20
R035268,55,Female,1,Beginner,318,57.9
R005124,35,Male,1,Beginner,278,20
R078146,29,Male,3,Beginner,276,20.3
R030625,45,Male,1,Beginner,252,27.1
R049911,49,Female,2,Beginner,278,20
R050190,62,Female,3,Intermediate,297,20
R097731,43,Male,6,Advanced,192,20
R086318,61,Female,1,Beginner,277,20
R037243,43,Female,0,Beginner,,30.5
R058641,27,Male,1,Intermediate,260,20
R058014,63,Male,2,Beginner,273,20
R010898,41,Male,2,Beginner,291,20
R028436,41,Female,2,Advanced,192,41.5
R044030,47,Male,4,Beginner,270,111.4573392
R018008,33,Female,3,Beginner,284,20
R037060,65,Male,0,Advanced,,20
R046469,35,Female,3,Advanced,225,31.8
R009298,57,Male,3,Beginner,299,20
R037489,65,Female,3,Beginner,265,20
R079796,56,Female,1,Intermediate,256,22.7
R010267,48,Female,1,Intermediate,241,20
R019220,24,Female,3,Beginner,281,34.5
R091016,18,Male,2,Beginner,269,20
R046999,57,Male,1,Advanced,235,58.6
R064261,54,Female,1,Beginner,244,20
R018219,35,Male,2,Advanced,263,20
R050979,20,Female,7,Intermediate,225,29.2
R019747,42,Male,1,Beginner,308,31.5
R032406,59,Non-binary,7,Intermediate,269,22.9
R047143,18,Female,1,Intermediate,222,29.2
R079659,45,Male,1,Advanced,255,53.1
R071543,26,Female,3,Intermediate,271,30.9
R099807,44,Female,2,Beginner,285,20
R026575,50,Female,2,Intermediate,279,102.2100957
R049660,31,Female,1,Advanced,232,25.6
R078880,36,Male,2,Beginner,289,29.8
R050243,57,Non-binary,0,Beginner,,111.6472549
R070603,30,Male,5,Intermediate,242,39.9
R075674,33,Male,3,Advanced,203,32.3
R036213,63,Female,2,Intermediate,279,20
R010348,44,Non-binary,1,Advanced,239,20
R001879,39,Male,2,Intermediate,260,38.3
R065561,25,Female,2,Intermediate,221,20
R037937,21,Male,0,Beginner,,36.1
R097711,38,Female,0,Beginner,,37.6
R037886,29,Male,4,Intermediate,239,32.1
R021595,29,Female,0,Intermediate,,20
R026974,60,Male,1,Beginner,334,20
R084496,46,Male,0,Intermediate,,37.1
R034607,48,Female,3,Intermediate,184,46.3
R009910,62,Male,2,Intermediate,246,20
R079622,47,Male,5,Beginner,267,28.1
R045596,32,Female,1,Beginner,326,20.3
R022001,63,Male,4,Beginner,282,20
R057918,38,Male,0,Beginner,,53.2
R026812,63,Male,3,Beginner,312,21.7
R053560,20,Male,4,Intermediate,241,35.1
R036602,27,Female,3,Advanced,201,20
R088937,27,Non-binary,0,Beginner,,20
R007855,56,Male,1,Beginner,258,39.6
R096731,41,Female,3,Beginner,300,20
R037933,39,Female,3,Beginner,299,20
R061997,65,Female,2,Intermediate,274,20
R066543,51,Female,1,Advanced,232,20
R078145,55,Female,1,Beginner,274,20
R076980,31,Female,3,Intermediate,264,49
R040432,61,Male,2,Beginner,268,42.1
R051222,48,Male,3,Advanced,247,20
R060777,18,Female,1,Intermediate,249,24.9
R063883,50,Female,1,Intermediate,235,34.3
R010879,18,Non-binary,2,Intermediate,234,36.7
R058139,29,Male,4,Beginner,268,40.6
R008317,38,Male,1,Advanced,207,34.3
R083636,25,Female,0,Beginner,,20
R078168,46,Male,1,Intermediate,286,25.4
R090573,39,Female,2,Intermediate,234,24.6
R063009,50,Female,3,Advanced,283,20
R089727,51,Male,2,Beginner,258,20.8
R093073,55,Male,0,Intermediate,,27.2
R079953,23,Male,1,Advanced,234,20
R073644,38,Female,1,Advanced,206,42.8
R028663,29,Male,0,Intermediate,,42.3
R012157,39,Male,2,Intermediate,270,20
R041812,42,Female,3,Beginner,277,55.8
R000105,34,Female,2,Beginner,300,20
R017855,47,Female,4,Beginner,266,20
R062867,53,Male,1,Beginner,274,24.4
R083580,44,Female,4,Intermediate,234,20
R078829,41,Male,1,Beginner,293,20
R032250,60,Female,3,Intermediate,213,64.3
R005667,23,Male,1,Beginner,263,31.6
R013571,49,Female,1,Intermediate,219,31.3
R023789,43,Female,1,Intermediate,289,20
R017421,64,Female,0,Beginner,,20
R070638,38,Male,2,Intermediate,259,20.9
R081541,39,Female,4,Intermediate,272,20
R046236,59,Male,1,Beginner,292,47.6
R099976,38,Male,2,Intermediate,283,20
R040622,34,Female,3,Intermediate,250,20
R029682,26,Male,2,Advanced,225,20
R013290,58,Non-binary,1,Advanced,198,110.9819226
R036278,25,Female,4,Beginner,310,20
R065970,60,Male,2,Beginner,291,20
R053864,46,Male,1,Intermediate,246,20
R049062,37,Female,3,Intermediate,265,20.3
R063129,56,Female,2,Beginner,300,20
R082387,33,Female,2,Beginner,285,24.9
R027517,43,Male,0,Intermediate,,20
R000540,51,Female,2,Beginner,295,20
R063154,36,Female,6,Beginner,246,20
R060338,50,Female,3,Beginner,282,20
R089586,20,Male,0,Advanced,,20
R040609,44,Male,2,Intermediate,235,20
R046307,21,Male,2,Intermediate,242,55.8
R022581,51,Female,2,Intermediate,243,45.6
R094501,36,Male,0,Beginner,,20
R007015,58,Male,1,Advanced,214,20
R046710,29,Female,2,Beginner,272,20
R043136,45,Male,4,Intermediate,264,20
R046741,27,Female,2,Beginner,258,40.4
R084590,24,Female,1,Beginner,252,20
R080858,44,Male,3,Beginner,298,20
R000774,26,Male,2,Advanced,225,20
R023127,40,Male,1,Advanced,260,20
R004573,44,Male,1,Beginner,264,27.2
R053022,25,Female,1,Beginner,236,20
R049935,22,Female,3,Intermediate,244,20
R055980,62,Male,4,Beginner,267,20
R023540,64,Female,4,Intermediate,251,42.1
R098951,60,Non-binary,1,Beginner,297,20
R069864,44,Female,3,Advanced,215,20
R014993,25,Female,3,Beginner,289,27.5
R038045,19,Female,2,Advanced,217,20
R053599,55,Male,4,Beginner,312,20
R098970,60,Female,2,Beginner,273,20
R006316,64,Female,3,Beginner,283,102.5890889
R006000,33,Male,2,Intermediate,253,20
R079167,65,Male,3,Advanced,228,54.4
R028707,65,Male,1,Beginner,236,20
R041967,47,Female,0,Advanced,,20
R021452,50,Female,3,Advanced,246,41
R028829,44,Female,3,Beginner,248,20
R019166,53,Female,2,Intermediate,245,40
R078840,35,Female,4,Beginner,249,38
R079581,27,Female,3,Advanced,224,51.5
R095805,29,Male,1,Advanced,159,47.5
R089117,49,Female,2,Beginner,298,20
R073614,32,Male,0,Intermediate,,20
R038070,45,Male,2,Advanced,178,53.2
R012792,38,Female,4,Beginner,278,108.2837631
R081177,31,Male,5,Beginner,296,20
R053305,55,Female,1,Beginner,288,20
R086003,42,Male,0,Beginner,,20
R005744,25,Male,5,Beginner,313,20
R063583,19,Female,0,Beginner,,26.7
R039893,37,Male,2,Advanced,230,20
R057962,20,Male,2,Intermediate,193,20
R040043,23,Male,4,Beginner,272,28.4
R099864,32,Female,2,Beginner,251,20
R023312,23,Female,2,Intermediate,263,20
R094915,35,Male,1,Intermediate,236,38.5
R095750,49,Male,1,Intermediate,235,26.3
R063987,26,Male,0,Advanced,,29.1
R066321,64,Male,0,Intermediate,,51
R082126,38,Female,2,Beginner,250,20
R060959,20,Male,3,Beginner,253,25.1
R087461,59,Female,2,Advanced,246,36.9
R040844,35,Male,1,Beginner,257,40.6
R058673,33,Female,0,Intermediate,,20
R038603,34,Female,3,Beginner,265,42.3
R056236,58,Female,2,Intermediate,261,20
R006887,28,Male,3,Beginner,295,20
R090145,29,Male,1,Beginner,288,34.8
R087505,30,Male,3,Intermediate,243,20
R082156,34,Male,1,Beginner,292,20
R019222,20,Female,1,Intermediate,280,37.5
R042656,47,Female,5,Advanced,201,28.8
R053274,56,Male,1,Advanced,209,51.4
R048426,45,Female,3,Beginner,278,28.3
R033868,25,Male,1,Beginner,259,20
R012773,58,Female,4,Beginner,271,23.2
R064817,25,Male,6,Beginner,277,109.9062001
R079103,33,Female,3,Beginner,279,111.2000275
R071432,37,Male,1,Intermediate,217,20
R001795,39,Male,1,Beginner,294,20
R095812,50,Male,0,Intermediate,,36.5
R004293,21,Male,1,Intermediate,232,20
R088061,28,Male,1,Advanced,206,20
R015538,65,Female,6,Beginner,286,20
R090645,32,Male,1,Intermediate,224,20
R056688,37,Female,3,Beginner,262,22.8
R060808,65,Female,3,Advanced,187,20
R002936,62,Female,2,Beginner,247,20
R008140,53,Male,5,Beginner,279,20
R046060,64,Male,2,Advanced,157,20
R049125,38,Male,2,Intermediate,276,64
R062424,43,Male,4,Beginner,302,30.2
R070959,45,Male,2,Intermediate,255,28.8
R098181,31,Female,1,Beginner,274,20
R019701,55,Female,3,Beginner,282,20
R011665,41,Female,1,Intermediate,249,23.7
R096312,42,Female,3,Beginner,281,112.1649879
R027804,33,Male,3,Advanced,187,51.6
R035800,60,Male,3,Intermediate,230,27.5
R005466,38,Female,1,Beginner,287,20
R036764,30,Female,3,Advanced,183,20
R065869,27,Male,1,Intermediate,266,20
R093004,58,Female,5,Intermediate,247,32.7
R007703,22,Male,0,Intermediate,,20
R073945,42,Male,2,Beginner,257,20
R031880,34,Female,0,Advanced,,20
R079386,23,Female,0,Beginner,,26.2
R029645,22,Female,2,Intermediate,254,20
R099501,24,Male,1,Intermediate,228,25.1
R069968,33,Female,3,Intermediate,228,20
R063868,37,Female,5,Intermediate,215,27.6
R064174,56,Male,2,Intermediate,244,33.1
R076339,51,Male,2,Advanced,222,39.9
R010227,23,Female,5,Beginner,281,30.3
R090528,37,Male,0,Beginner,,27.7
R003762,20,Female,1,Beginner,238,20
R072339,55,Female,0,Beginner,,20
R078592,20,Female,5,Beginner,320,48.6
R063177,56,Female,1,Advanced,280,25.1
R099830,61,Female,0,Beginner,,20
R080384,31,Female,1,Beginner,342,20
R017593,26,Female,4,Beginner,265,25.3
R093836,32,Female,0,Beginner,,20
R078630,36,Male,1,Advanced,240,57.8
R024960,58,Male,0,Beginner,,20
R070380,31,Female,0,Intermediate,,22
R000837,30,Female,0,Advanced,,37.4
R067457,23,Female,1,Intermediate,234,20
R047935,20,Female,2,Beginner,305,28.4
R016183,54,Female,1,Beginner,272,20
R022213,24,Female,4,Beginner,265,20
R010665,60,Female,2,Beginner,288,20
R057136,49,Female,0,Intermediate,,20
R021900,30,Female,2,Beginner,256,20
R089043,54,Female,2,Intermediate,227,33.6
R080900,48,Non-binary,2,Advanced,210,39.6
R051303,47,Female,2,Intermediate,219,39.4
R027670,22,Female,2,Intermediate,243,20
R081796,36,Male,2,Beginner,277,20
R032244,34,Female,2,Beginner,271,20
R081368,47,Male,1,Intermediate,233,20
R074719,63,Female,2,Advanced,169,20
R068514,31,Female,2,Beginner,275,42
R063584,54,Non-binary,3,Advanced,214,21.7
R095446,36,Female,4,Beginner,265,20
R093588,22,Male,3,Intermediate,260,33.5
R097425,24,Non-binary,3,Advanced,244,28.3
R057071,50,Female,0,Beginner,,20
R023018,18,Female,1,Intermediate,210,24.9
R081777,63,Male,2,Intermediate,224,20
R006614,39,Female,1,Intermediate,271,28.6
R074602,51,Female,1,Advanced,178,33.6
R005653,62,Female,2,Beginner,264,20
R006698,19,Male,3,Beginner,230,20
R085578,39,Female,3,Beginner,287,55.3
R051692,19,Male,4,Intermediate,236,20
R083615,18,Female,3,Intermediate,224,104.1051712
R056251,31,Female,1,Intermediate,263,20
R059507,64,Female,3,Beginner,273,27
R012100,43,Female,2,Beginner,329,20
R032833,30,Female,2,Intermediate,252,20
R047409,60,Male,4,Intermediate,237,37.6
R044135,22,Male,6,Beginner,309,22
R090255,35,Male,1,Beginner,290,20
R052332,62,Female,2,Intermediate,240,29.6
R064103,46,Male,6,Beginner,298,27.1
R075803,39,Female,0,Intermediate,,20
R099592,40,Non-binary,3,Intermediate,261,109.9837263
R079763,19,Female,2,Beginner,292,23.4
R018922,49,Non-binary,3,Intermediate,244,20
R050835,25,Male,1,Beginner,283,22.5
R056784,33,Male,2,Intermediate,242,75.4
R018880,26,Male,1,Intermediate,275,20
R038128,20,Male,3,Beginner,256,20
R035475,19,Male,2,Beginner,246,45.6
R004368,39,Female,1,Intermediate,261,27.3
R091011,23,Male,0,Intermediate,,20
R082473,43,Male,3,Beginner,265,20
R022806,39,Female,1,Beginner,314,111.7182153
R084563,61,Female,0,Beginner,,20
R077985,19,Non-binary,1,Intermediate,205,20
R085495,23,Male,5,Beginner,268,20
R004840,64,Female,0,Beginner,,20
R008592,32,Female,0,Intermediate,,20
R057123,28,Female,0,Beginner,,22.1
R018284,19,Male,1,Beginner,256,20
R070888,25,Male,3,Intermediate,267,33.2
R043186,23,Male,1,Beginner,239,20
R041318,30,Male,0,Advanced,,23.1
R024645,29,Female,1,Advanced,246,30.3
R016720,31,Female,4,Beginner,293,35.9
R015998,59,Male,4,Advanced,234,24.1
R083509,56,Female,1,Intermediate,264,20
R050450,40,Male,4,Beginner,284,20
R099722,37,Female,1,Advanced,205,39.6
R050124,24,Male,4,Beginner,313,20
R044377,35,Male,2,Beginner,295,39.4
R005619,28,Male,1,Intermediate,213,33.3
R096726,24,Female,2,Beginner,292,20
R038362,56,Female,1,Intermediate,265,20
R017575,65,Female,3,Beginner,284,41
R064672,22,Male,4,Beginner,249,20
R069108,19,Male,0,Beginner,,25.2
R081162,47,Female,3,Beginner,280,26.3
R062643,19,Male,1,Beginner,276,34.8
R061289,49,Male,4,Intermediate,221,20
R002591,24,Non-binary,3,Advanced,218,30
R060456,65,Female,3,Intermediate,236,20
R092451,28,Female,2,Beginner,261,20
R073182,42,Female,2,Intermediate,265,20
R014844,52,Male,2,Advanced,219,23.7
R002885,35,Male,2,Intermediate,252,20.7
R082276,39,Female,5,Intermediate,255,32.8
R094906,27,Female,1,Advanced,221,23
R050652,34,Male,4,Beginner,294,42.3
R039241,40,Male,3,Beginner,264,30.6
R066456,38,Female,1,Beginner,264,20
R082068,20,Female,2,Intermediate,287,20
R094041,64,Male,0,Intermediate,,31.3
R005852,52,Female,2,Beginner,267,20
R011921,54,Male,3,Beginner,307,20
R031143,53,Male,0,Intermediate,,20
R033331,30,Male,5,Intermediate,255,20
R006931,58,Female,5,Beginner,249,20
R073854,44,Male,1,Intermediate,225,38.8
R005516,25,Female,4,Advanced,238,33
R043078,37,Male,2,Intermediate,309,20
R095801,32,Non-binary,1,Beginner,221,38.5
R010136,18,Female,2,Beginner,298,20.6
R027847,21,Male,3,Beginner,249,20
R016492,48,Female,2,Beginner,270,20
R004891,65,Non-binary,1,Intermediate,257,20
R038892,43,Male,0,Intermediate,,20
R084632,48,Female,1,Intermediate,236,36.7
R087408,45,Male,3,Intermediate,262,42.4
R081318,59,Female,0,Advanced,,20
R078968,46,Male,3,Intermediate,280,20
R020297,37,Male,2,Intermediate,301,21
R059291,25,Male,0,Intermediate,,64.6
R053714,59,Non-binary,2,Advanced,216,59
R092998,25,Female,2,Advanced,191,110.4060189
R087805,44,Female,2,Beginner,244,20
R016501,23,Female,1,Beginner,268,20
R097339,62,Non-binary,2,Beginner,280,20
R056089,27,Male,3,Beginner,250,20
R065521,28,Female,2,Beginner,233,34.9
R055705,63,Male,1,Beginner,254,32.1
R069589,44,Male,1,Beginner,275,20
R019961,19,Male,3,Beginner,270,38.2
R020684,53,Female,3,Beginner,244,20
R087854,55,Female,2,Intermediate,246,42.7
R061886,38,Female,2,Intermediate,170,20
R025185,45,Female,1,Advanced,232,20
R021882,48,Female,3,Advanced,170,28.1
R057334,59,Male,7,Beginner,306,29.3
R095862,58,Female,2,Beginner,278,20
R065623,57,Female,2,Beginner,265,20
R096264,21,Female,2,Intermediate,220,27.7
R077459,60,Male,3,Intermediate,258,43.6
R060363,32,Male,2,Advanced,238,35.6
R023676,34,Female,1,Beginner,334,20.7
R006934,65,Female,0,Beginner,,25.6
R010459,18,Male,3,Intermediate,234,28.5
R052967,23,Male,3,Beginner,304,20
R046355,41,Female,3,Beginner,224,23.7
R093936,44,Female,0,Advanced,,32.3
R041852,28,Male,6,Intermediate,239,20
R094660,48,Female,3,Advanced,225,106.3008925
R064265,40,Female,3,Beginner,311,24.3
R056722,26,Female,2,Advanced,247,20.3
R013192,49,Female,2,Beginner,287,20.6
R045284,47,Male,0,Advanced,,62.3
R074005,34,Female,1,Intermediate,290,20
R061804,63,Male,2,Intermediate,280,25
R027035,53,Male,3,Beginner,270,20
R095030,21,Non-binary,3,Advanced,248,20
R003392,42,Female,0,Intermediate,,29.1
R022025,51,Male,3,Intermediate,284,26.8
R022643,46,Male,3,Beginner,274,51.9
R056621,34,Female,1,Beginner,298,32.8
R096441,21,Female,2,Beginner,284,20
R038268,35,Non-binary,1,Beginner,319,24.6
R005663,34,Male,0,Intermediate,,22.3
R030739,29,Female,5,Beginner,257,32.5
R042229,52,Male,1,Beginner,283,41.9
R064568,35,Female,1,Intermediate,261,20
R068215,61,Male,2,Advanced,235,20
R067621,38,Male,3,Beginner,295,22.7
R006525,24,Female,1,Advanced,213,34.5
R037231,64,Female,2,Intermediate,227,23.1
R020893,43,Male,3,Beginner,293,102.299243
R091736,63,Male,3,Intermediate,223,28.2
R049788,41,Female,1,Intermediate,202,37.5
R034569,54,Male,2,Intermediate,286,20
R066772,33,Male,3,Beginner,298,20.9
R021209,27,Male,0,Beginner,,20
R089502,32,Female,3,Advanced,220,45.9
R081314,20,Female,2,Advanced,189,20
R047022,59,Female,4,Intermediate,239,48.9
R029090,59,Female,2,Beginner,220,20
R043181,57,Male,2,Advanced,200,20
R057394,51,Male,3,Intermediate,240,20
R052755,56,Male,1,Beginner,285,20
R067598,65,Male,2,Beginner,251,20
R098353,61,Non-binary,1,Advanced,189,22.7
R012202,35,Female,1,Advanced,209,20
R041842,53,Female,2,Advanced,234,20
R046958,28,Female,5,Beginner,247,28.2
R065194,53,Male,2,Beginner,245,29.2
R002716,31,Female,2,Intermediate,245,57.7
R039604,56,Male,1,Beginner,308,20
R086218,39,Male,1,Intermediate,259,20
R039971,60,Male,2,Beginner,346,20
R010658,23,Female,1,Beginner,267,31.3
R093810,23,Female,2,Intermediate,268,20
R001731,47,Female,2,Intermediate,206,20
R071423,18,Male,4,Advanced,198,37.5
R052937,44,Male,1,Beginner,264,31.5
R058590,35,Male,6,Beginner,288,20
R054275,21,Female,2,Intermediate,213,48.8
R053425,45,Female,1,Intermediate,319,20
R049295,28,Male,4,Beginner,301,20
R023435,65,Non-binary,4,Intermediate,238,46.4
R058284,24,Male,3,Intermediate,277,20
R067358,29,Male,3,Beginner,307,69.2
R033803,43,Female,2,Beginner,267,20
R039513,42,Male,0,Intermediate,,49.6
R046841,49,Female,2,Beginner,279,20
R006715,35,Female,0,Beginner,,22.1
R018337,18,Male,2,Beginner,262,20
R030451,32,Male,3,Advanced,234,20
R021054,38,Female,2,Advanced,170,20
R091622,18,Male,2,Beginner,314,20
R000555,52,Female,2,Intermediate,228,27.1
R053938,57,Female,3,Beginner,284,26.5
R042314,19,Male,4,Beginner,270,21.5
R095876,28,Female,2,Beginner,253,25.9
R000222,49,Female,2,Intermediate,207,20
R085874,63,Male,1,Beginner,282,20
R080062,55,Female,2,Beginner,273,20.8
R086150,26,Male,4,Beginner,276,20
R029550,53,Female,0,Beginner,,20
R087980,28,Female,2,Advanced,212,48.1
R068467,62,Female,1,Beginner,304,20
R042829,53,Female,4,Advanced,235,49.9
R065904,38,Female,1,Advanced,216,24.2
R091053,25,Female,2,Intermediate,261,23
R067519,29,Female,1,Beginner,242,23.8
R015782,36,Male,2,Beginner,306,26.4
R007801,33,Female,1,Beginner,306,33.5
R001682,45,Female,2,Beginner,326,20
R013230,63,Male,1,Beginner,310,20
R032062,20,Non-binary,1,Intermediate,194,20.7
R058059,31,Female,0,Beginner,,20
R082077,28,Female,1,Advanced,194,27.6
R052924,42,Male,2,Beginner,254,20
R027249,23,Female,1,Intermediate,243,33.2
R058022,59,Female,2,Advanced,202,20
R083160,63,Female,1,Beginner,272,20
R017486,33,Male,6,Beginner,267,23
R029608,56,Male,2,Intermediate,231,39.3
R083851,40,Male,3,Beginner,271,20
R049850,33,Male,5,Advanced,207,42.2
R028878,31,Male,2,Beginner,281,31
R087692,57,Non-binary,4,Beginner,273,20
R088189,23,Male,2,Beginner,273,20
R043371,61,Male,1,Advanced,232,29.8
R096739,33,Female,1,Advanced,245,36
R047454,37,Female,0,Beginner,,35.7
R061976,39,Female,3,Beginner,283,20
R079765,21,Female,2,Beginner,282,109.4107406
R018765,32,Male,2,Intermediate,330,20
R000411,40,Male,1,Intermediate,248,20
R002234,60,Female,2,Beginner,247,23.3
R087216,24,Female,1,Intermediate,288,20
R045466,41,Male,1,Intermediate,255,23
R055668,34,Male,3,Advanced,275,34.1
R052818,63,Male,2,Advanced,207,22.2
R081390,40,Female,2,Beginner,323,23.7
R088599,50,Male,3,Intermediate,246,20
R041173,21,Non-binary,1,Beginner,313,20
R031026,51,Female,3,Beginner,292,27.4
R040266,55,Male,1,Beginner,280,20
R077465,50,Female,3,Advanced,243,32.5
R033361,39,Female,3,Beginner,279,21.4
R068021,51,Female,1,Intermediate,259,29.4
R035894,38,Female,4,Intermediate,243,27.4
R022654,21,Female,1,Intermediate,250,34.7
R076385,45,Female,0,Beginner,,24.6
R058241,48,Male,1,Intermediate,289,20
R033141,26,Female,5,Beginner,275,20
R007997,29,Male,0,Intermediate,,20
R004739,44,Female,1,Beginner,285,20
R009019,50,Male,0,Intermediate,,20
R007495,19,Female,0,Beginner,,20
R027638,38,Female,3,Intermediate,218,20
R015897,41,Male,2,Advanced,211,20
R049878,50,Non-binary,1,Beginner,291,20
R071353,45,Male,1,Intermediate,257,110.270167
R077413,27,Male,6,Advanced,228,20
R068661,44,Male,0,Beginner,,20
R090961,41,Female,1,Beginner,290,20
R068503,34,Male,1,Beginner,246,20
R052477,28,Female,1,Beginner,284,20
R000532,40,Female,0,Intermediate,,23.6
R013638,27,Male,2,Intermediate,286,46
R088713,52,Female,2,Intermediate,222,26.9
R004322,46,Female,5,Beginner,255,20
R059028,39,Male,3,Advanced,263,20
R078280,32,Female,3,Intermediate,195,20
R075390,52,Male,1,Beginner,304,61.3
R038499,24,Male,0,Advanced,,42.9
R043696,22,Female,4,Intermediate,288,49.9
R073796,38,Female,2,Beginner,276,20
R072735,62,Male,2,Beginner,313,20
R081841,36,Female,3,Beginner,298,42.8
R012363,59,Female,0,Beginner,,20
R016683,54,Female,1,Intermediate,253,26.5
R073252,57,Female,0,Beginner,,22.9
R078932,21,Female,1,Intermediate,215,20
R076149,37,Female,2,Intermediate,244,20
R081656,58,Female,0,Beginner,,20
R096189,42,Female,0,Intermediate,,70.4
R060349,39,Female,2,Advanced,234,21.4
R091665,62,Female,2,Beginner,284,20
R070194,37,Male,1,Advanced,214,49.1
R022295,35,Male,3,Advanced,225,27
R030336,59,Male,2,Beginner,285,20
R034803,25,Female,4,Beginner,275,20
R043320,46,Male,1,Beginner,272,23.3
R069560,25,Female,2,Beginner,280,20
R010138,18,Male,2,Beginner,278,29.8
R074174,35,Male,1,Intermediate,214,20
R078432,49,Female,3,Intermediate,254,39.9
R086628,37,Female,3,Intermediate,272,20
R046072,56,Female,3,Beginner,333,37.1
R091186,54,Female,0,Beginner,,43.1
R002770,61,Female,2,Beginner,295,20
R098747,30,Male,5,Beginner,277,20
R054678,40,Female,0,Intermediate,,20
R003711,45,Female,0,Beginner,,117.2182031
R071440,36,Female,4,Intermediate,263,20
R022843,40,Male,1,Advanced,260,20
R017746,35,Non-binary,1,Intermediate,258,20
R066330,37,Female,5,Intermediate,261,25.6
R082638,63,Female,0,Advanced,,27.3
R094658,18,Female,0,Intermediate,,20
R044148,49,Female,1,Advanced,183,27.8
R066810,52,Female,2,Beginner,268,47.4
R037233,53,Male,2,Beginner,298,20
R029933,26,Male,2,Advanced,162,53
R016207,55,Female,1,Beginner,249,42.8
R036996,47,Male,1,Beginner,304,20
R010034,54,Male,3,Intermediate,260,41.6
R076926,32,Female,2,Beginner,294,20
R078009,49,Female,4,Intermediate,251,26.4
R081569,26,Female,2,Advanced,204,20
R035952,46,Male,1,Beginner,306,34
R074395,58,Female,1,Beginner,247,26.9
R033319,32,Male,2,Beginner,308,28.2
R010439,42,Female,2,Intermediate,282,26.4
R027588,51,Female,1,Advanced,242,24.5
R007872,22,Male,1,Intermediate,227,20
R052829,18,Female,1,Beginner,309,20
R054595,49,Female,2,Intermediate,266,29.9
R003297,36,Male,2,Intermediate,299,34.8
R019693,46,Female,2,Beginner,279,108.3121498
R048233,38,Female,1,Beginner,320,111.2509027
R021432,63,Male,3,Advanced,230,20
R061690,40,Male,1,Beginner,319,25.1
R041464,61,Non-binary,1,Beginner,290,20
R001065,21,Male,1,Advanced,266,39.7
R051215,48,Male,2,Beginner,288,20
R012481,34,Male,1,Intermediate,231,37.9
R011294,43,Female,5,Beginner,261,20
R079901,65,Female,5,Advanced,226,20
R087345,59,Female,3,Intermediate,252,44.1
R004056,40,Female,1,Beginner,328,36.4
R004305,56,Male,1,Intermediate,232,20
R026476,52,Non-binary,1,Beginner,276,20
R056673,59,Female,4,Intermediate,238,20.7
R089763,28,Female,1,Beginner,290,20
R011147,31,Male,3,Beginner,249,20
R008498,24,Female,0,Intermediate,,42.1
R021002,59,Male,3,Advanced,205,20
R001528,46,Male,4,Intermediate,268,34.1
R031737,24,Non-binary,4,Intermediate,276,20
R032360,41,Male,2,Beginner,237,21.3
R006246,60,Female,1,Intermediate,259,24.1
R022146,38,Male,2,Intermediate,253,26.5
R030588,60,Female,2,Intermediate,206,46
R061939,32,Female,2,Beginner,261,37.3
R042509,60,Female,4,Beginner,280,24.3
R059600,55,Male,3,Advanced,231,20
R005120,31,Male,2,Beginner,288,23.9
R078823,37,Female,1,Intermediate,274,20
R087629,18,Female,3,Intermediate,287,27.4
R082821,64,Female,3,Beginner,284,20
R003989,30,Female,3,Intermediate,272,20
R042608,20,Female,0,Advanced,,49.2
R006440,32,Female,2,Beginner,304,20
R089119,53,Male,2,Beginner,263,20
R007400,57,Female,4,Intermediate,254,20
R079173,38,Male,3,Intermediate,269,28.5
R093311,49,Male,1,Beginner,257,36.4
R015057,30,Male,1,Beginner,273,29.1
R033404,50,Male,2,Beginner,297,39.5
R067655,28,Male,4,Intermediate,210,20
R066434,52,Male,5,Beginner,341,38.9
R024764,61,Female,2,Beginner,295,24.6
R019321,55,Female,3,Intermediate,249,20
R024349,22,Male,1,Beginner,307,25.6
R031834,31,Male,3,Beginner,288,23.3
R011253,49,Male,2,Intermediate,217,37.4
R018718,33,Female,1,Intermediate,253,35.9
R022974,55,Female,1,Beginner,269,20
R025694,55,Female,1,Beginner,309,20
R075145,46,Male,3,Beginner,299,20
R002116,25,Female,4,Advanced,244,52.6
R027498,62,Male,1,Intermediate,224,20
R096873,41,Male,3,Intermediate,260,20
R074537,25,Non-binary,3,Beginner,246,32.7
R096081,29,Non-binary,2,Beginner,299,20
R034310,18,Female,1,Advanced,197,30.4
R093694,45,Male,3,Beginner,262,20
R065374,20,Female,2,Advanced,215,20
R017114,35,Female,2,Beginner,298,39.4
R031561,24,Male,0,Intermediate,,27.3
R037136,46,Male,1,Advanced,264,20
R050411,61,Female,1,Advanced,227,23
R033929,64,Female,2,Intermediate,254,23.3
R028325,31,Male,1,Advanced,168,37.5
R062978,29,Female,3,Advanced,205,22.5
R097896,24,Female,2,Intermediate,258,31.2
R067269,37,Female,3,Beginner,262,20
R095124,63,Male,3,Intermediate,271,20
R030416,30,Male,0,Beginner,,115.5350609
R028496,57,Non-binary,0,Beginner,,20
R002450,49,Female,1,Beginner,316,20
R008397,43,Male,1,Intermediate,261,110.1822933
R089481,44,Male,3,Advanced,214,20
R028465,35,Female,3,Advanced,231,50.2
R050959,56,Male,1,Beginner,267,20
R096604,46,Male,3,Beginner,288,20
R026404,37,Male,0,Beginner,,23.6
R070164,45,Female,1,Beginner,297,20
R049002,46,Female,1,Advanced,205,20
R084212,30,Male,2,Beginner,258,20
R018539,64,Female,3,Beginner,257,20
R048848,20,Male,0,Intermediate,,64
R059705,27,Female,0,Beginner,,20
R068789,44,Female,2,Advanced,217,20
R001857,25,Female,4,Advanced,215,20
R020182,26,Male,5,Advanced,279,70.9
R093379,32,Female,1,Intermediate,237,31
R053512,33,Female,1,Beginner,282,20
R058781,27,Female,2,Advanced,185,23.1
R069205,60,Male,4,Intermediate,246,40.4
R017716,24,Male,3,Beginner,232,20
R023463,47,Non-binary,3,Beginner,272,20
R094205,48,Male,1,Beginner,281,20
R095326,26,Female,4,Advanced,246,36.2
R070560,45,Male,2,Advanced,213,20
R036458,21,Female,2,Beginner,300,30.2
R022204,28,Male,2,Beginner,289,20
R015439,40,Male,2,Beginner,261,20
R089892,32,Female,3,Beginner,271,20
R013200,35,Female,1,Beginner,278,109.2038591
R080131,25,Male,2,Beginner,312,20
R012604,18,Male,3,Intermediate,274,22.3
R087334,43,Female,2,Beginner,289,37.8
R091579,55,Female,3,Advanced,278,20
R090620,39,Male,2,Beginner,301,34.6
R057563,54,Female,0,Intermediate,,20
R095363,20,Male,1,Intermediate,226,20
R075193,25,Female,2,Beginner,271,20
R096330,62,Male,4,Beginner,250,20
R051138,46,Female,1,Beginner,278,48.7
R053545,38,Male,0,Intermediate,,20
R086693,19,Male,1,Intermediate,246,101.1766481
R071293,58,Female,1,Intermediate,246,65.4
R060588,26,Male,2,Intermediate,263,20
R019179,34,Female,2,Intermediate,227,20
R019688,35,Male,1,Intermediate,213,34.6
R063496,24,Male,3,Intermediate,253,26.5
R052675,56,Female,2,Beginner,300,20
R047536,47,Female,3,Advanced,228,21.2
R004473,24,Male,5,Beginner,352,48.1
R032849,32,Male,2,Beginner,314,29.3
R089076,62,Male,4,Beginner,317,22.7
R081355,35,Female,2,Advanced,213,20
R077528,56,Female,4,Beginner,241,20
R030710,21,Female,3,Advanced,188,20.7
R033877,37,Female,3,Intermediate,210,35.1
R026625,36,Female,1,Advanced,243,34.7
R015638,44,Male,2,Beginner,290,118.0540235
R085899,47,Male,2,Advanced,198,20
R054080,54,Male,1,Advanced,186,20
R047291,52,Female,2,Advanced,193,43.4
R033375,60,Female,5,Beginner,253,33.6
R074751,52,Female,2,Intermediate,262,20
R005606,22,Male,0,Advanced,,20
R065994,62,Female,0,Intermediate,,20
R029563,35,Female,2,Advanced,201,52.1
R051554,19,Male,0,Beginner,,20
R098341,34,Male,4,Advanced,199,39.7
R017942,26,Female,5,Advanced,251,37.3
R011995,40,Female,1,Advanced,235,48.2
R082777,18,Male,2,Advanced,192,20
R075941,65,Female,3,Advanced,246,20
R075215,57,Male,0,Beginner,,20
R047493,44,Female,1,Beginner,303,20
R003588,21,Male,0,Intermediate,,25
R017523,45,Male,0,Advanced,,33.5
R029398,63,Male,1,Intermediate,267,33.7
R032756,19,Female,4,Advanced,215,22.7
R081226,63,Male,1,Beginner,249,20
R058929,40,Female,1,Beginner,270,20
R051309,54,Male,3,Intermediate,265,21.6
R039365,63,Female,3,Beginner,224,20
R062882,21,Male,2,Beginner,257,20
R087443,56,Male,3,Advanced,221,20
R036473,22,Female,1,Intermediate,239,32.4
R031884,39,Female,0,Intermediate,,20
R074661,59,Male,2,Intermediate,229,20
R018942,64,Female,2,Intermediate,236,20
R024511,47,Female,6,Beginner,296,45.8
R052118,52,Female,1,Advanced,255,23.2
R027312,30,Female,3,Intermediate,272,20
R045054,60,Female,0,Beginner,,24.4
R048828,64,Male,3,Intermediate,168,28.2
R015313,44,Male,0,Intermediate,,20
R021723,21,Female,0,Beginner,,20
R068981,35,Female,1,Advanced,203,51.9
R072429,27,Non-binary,2,Intermediate,255,111.2180386
R094000,34,Female,2,Intermediate,262,20
R065309,50,Female,0,Beginner,,20
R042338,21,Male,5,Beginner,231,34.9
R086054,23,Male,5,Intermediate,221,42.6
R044108,63,Male,7,Beginner,252,20
R030171,37,Female,0,Advanced,,37.7
R001329,29,Male,2,Intermediate,244,20
R004292,31,Female,1,Advanced,262,56.8
R054263,22,Female,1,Advanced,229,20
R055791,47,Female,0,Beginner,,38.3
R003719,26,Female,4,Intermediate,241,46.3
R030565,49,Male,0,Intermediate,,20
R092547,59,Female,2,Intermediate,220,20
R048140,23,Female,2,Beginner,257,20
R053995,35,Male,2,Beginner,320,23.6
R027427,60,Female,4,Beginner,288,28
R069402,25,Female,1,Beginner,244,102.451851
R071809,34,Male,0,Advanced,,20
R015644,39,Female,2,Beginner,320,20
R071562,64,Male,2,Advanced,257,41.7
R071139,29,Male,2,Intermediate,314,25.4
R062627,41,Male,0,Advanced,,52.6
R032082,63,Female,2,Beginner,275,30
R004688,26,Male,4,Beginner,253,20
R087377,27,Male,1,Beginner,295,20
R002106,64,Female,0,Beginner,,20
R039579,58,Female,1,Beginner,286,43.7
R035437,44,Male,2,Advanced,210,20
R082482,43,Female,2,Intermediate,255,39.3
R061732,36,Male,2,Beginner,232,34.1
R042300,25,Male,1,Intermediate,238,24.5
R008709,40,Female,2,Beginner,269,20
R079944,53,Female,1,Advanced,198,20
R064710,37,Male,2,Advanced,223,58
R002253,38,Male,5,Intermediate,267,55.7
R034331,31,Male,2,Intermediate,214,46.5
R001466,48,Male,2,Intermediate,238,40.1
R014668,21,Female,3,Intermediate,256,22.2
R025474,45,Female,2,Beginner,289,20
R000184,30,Female,2,Beginner,281,20
R026116,51,Female,2,Beginner,285,26.8
R058114,31,Female,3,Beginner,301,20
R020071,19,Male,3,Beginner,265,20
R088186,36,Male,0,Beginner,,25.1
R039069,49,Female,2,Beginner,258,20
R088914,51,Female,0,Beginner,,20
R023054,23,Male,1,Beginner,294,27
R011142,18,Male,2,Beginner,227,24.5
R071269,51,Female,2,Intermediate,208,45.9
R098836,58,Male,1,Beginner,281,20
R005246,46,Female,1,Intermediate,263,20
R048402,62,Male,2,Intermediate,213,21.3
R070639,38,Female,1,Intermediate,248,20.6
R044866,28,Female,4,Beginner,285,20
R053010,36,Male,3,Beginner,278,23.4
R044984,29,Female,3,Beginner,300,37.9
R050709,64,Female,0,Beginner,,20
R018383,24,Male,1,Intermediate,269,20
R065959,34,Male,2,Intermediate,234,36.5
R025144,59,Male,1,Intermediate,262,20
R058188,26,Male,3,Intermediate,224,20
R004263,40,Male,2,Advanced,231,39.3
R009736,41,Non-binary,1,Advanced,215,48.8
R042445,42,Male,2,Beginner,315,37.7
R082606,42,Male,1,Beginner,279,20
R093075,46,Female,1,Beginner,274,42.1
R001848,61,Male,1,Intermediate,267,20
R079347,53,Male,1,Beginner,273,20
R093899,28,Female,0,Intermediate,,20
R095986,44,Female,1,Advanced,219,62.1
R099396,26,Female,1,Beginner,268,32.2
R065760,55,Male,1,Beginner,273,20
R097987,55,Male,3,Intermediate,199,41.8
R015088,48,Male,2,Intermediate,229,41.8
R069398,54,Female,1,Beginner,236,31.5
R049451,24,Female,0,Advanced,,20
R002701,64,Female,3,Advanced,222,46
R045917,30,Male,2,Beginner,219,40.2
R086478,27,Male,1,Intermediate,264,22.4
R077140,62,Female,1,Beginner,264,20
R040528,33,Female,0,Intermediate,,36.6
R038252,65,Male,1,Intermediate,216,20
R044919,60,Female,0,Beginner,,20
R016006,49,Male,4,Advanced,262,20
R076248,43,Female,2,Beginner,302,20
R023822,54,Non-binary,2,Beginner,285,20
R063099,60,Male,2,Intermediate,273,104.2288898
R091880,59,Male,2,Beginner,278,21.5
R067623,39,Male,2,Beginner,303,20
R041097,29,Female,2,Advanced,207,28.9
R072927,42,Female,0,Advanced,,30
R072312,41,Female,5,Beginner,286,20
R062089,39,Female,1,Intermediate,239,36
R097006,40,Male,1,Intermediate,236,20
R047740,49,Female,4,Beginner,283,20
R057228,49,Male,2,Intermediate,225,25.1
R096466,65,Female,2,Beginner,335,20
R049564,63,Male,3,Beginner,266,20
R037264,27,Female,5,Beginner,263,31.8
R007677,38,Male,3,Beginner,290,20
R085009,56,Male,4,Advanced,227,28
R065347,57,Female,2,Beginner,324,20
R014125,39,Male,0,Advanced,,75
R032752,54,Male,3,Intermediate,250,20
R029813,56,Female,1,Beginner,231,20
R087970,36,Female,4,Beginner,251,30.8
R008672,30,Female,2,Beginner,323,20
R016907,24,Female,1,Beginner,288,44
R061813,38,Male,2,Beginner,278,20
R007868,47,Male,5,Advanced,212,20
R069484,25,Male,1,Beginner,295,20
R058237,46,Male,2,Beginner,264,20
R014943,64,Non-binary,2,Beginner,279,20
R012486,46,Female,3,Beginner,296,20
R075928,23,Female,3,Intermediate,258,37.3
R044766,52,Female,1,Advanced,262,113.3338249
R035984,54,Male,2,Intermediate,241,20
R052778,48,Male,2,Beginner,282,20
R063122,48,Female,2,Beginner,265,20
R044533,28,Male,0,Beginner,,20
R036123,58,Male,1,Beginner,268,20
R062536,57,Male,0,Intermediate,,20
R016929,54,Female,2,Beginner,310,20
R044049,55,Male,2,Beginner,324,66
R039635,41,Male,1,Beginner,306,20
R027059,37,Female,3,Intermediate,255,20
R033044,43,Male,0,Beginner,,24.2
R014599,36,Female,2,Intermediate,281,48.3
R094417,19,Male,1,Advanced,195,20
R019407,38,Male,1,Advanced,219,39.7
R005016,40,Male,3,Intermediate,239,24.7
R000463,46,Male,1,Intermediate,242,36.5
R092308,42,Female,2,Advanced,237,41.6
R024694,61,Female,3,Beginner,252,27.8
R065980,27,Male,1,Beginner,296,27.5
R085504,26,Male,5,Intermediate,276,34.1
R070566,36,Female,2,Beginner,317,20
R098983,39,Male,2,Intermediate,306,20
R033463,26,Female,3,Beginner,278,20.4
R099180,49,Female,2,Intermediate,293,20
R066924,53,Female,3,Advanced,239,57
R005144,57,Male,0,Intermediate,,27.2
R019893,46,Male,2,Intermediate,229,20
R055970,55,Male,2,Intermediate,259,30.6
R022852,26,Male,5,Intermediate,225,20
R026949,22,Male,6,Intermediate,231,28.4
R019044,19,Female,2,Intermediate,232,20
R088915,58,Female,4,Advanced,192,41.5
R068871,29,Female,2,Beginner,289,20
R029233,20,Female,1,Beginner,262,101.5891433
R065015,60,Female,1,Beginner,281,29.5
R034343,26,Non-binary,5,Beginner,306,30.1
R051212,53,Female,0,Beginner,,20
R021059,52,Male,3,Advanced,276,107.2754097
R008302,37,Male,2,Beginner,268,20
R099980,63,Female,1,Advanced,201,41.3
R084163,28,Female,4,Beginner,284,20
R032127,46,Male,2,Beginner,267,27.5
R024729,62,Male,4,Intermediate,243,20
R089865,55,Male,2,Beginner,250,45.9
R014498,20,Male,2,Beginner,284,23
R010001,26,Male,0,Intermediate,,20
R099572,63,Male,1,Intermediate,254,22.1
R078260,41,Male,1,Intermediate,240,20
R029008,64,Female,2,Beginner,293,20
R091533,49,Female,2,Intermediate,274,40.9
R042035,39,Female,3,Intermediate,246,27.6
R023810,51,Female,1,Beginner,312,20.6
R039038,44,Male,2,Advanced,212,28.6
R038755,48,Male,3,Intermediate,265,20
R006820,42,Female,2,Beginner,290,20
R044370,21,Male,0,Beginner,,20.1
R021781,29,Male,3,Beginner,254,20
R043172,45,Male,3,Beginner,274,25.8
R053526,50,Male,0,Intermediate,,20
R028651,37,Female,4,Intermediate,232,20
R000912,64,Male,0,Intermediate,,32.1
R088336,28,Female,4,Intermediate,263,20
R079554,63,Male,3,Advanced,231,26.8
R057268,51,Male,2,Beginner,292,45.4
R087908,49,Male,5,Beginner,299,21.7
R019012,57,Female,3,Intermediate,224,39.9
R071717,34,Male,1,Intermediate,250,20
R067942,36,Male,1,Beginner,271,29.2
R003818,25,Male,2,Advanced,249,110.0714938
R095863,28,Female,2,Advanced,206,35.9
R020248,34,Male,1,Advanced,222,47
R080618,34,Female,5,Beginner,278,20
R037007,31,Male,1,Beginner,276,20
R011073,62,Male,3,Beginner,285,42.6
R055801,53,Female,2,Beginner,264,20
R054184,65,Male,4,Beginner,230,35
R054401,22,Female,2,Beginner,313,37.7
R058716,47,Female,1,Advanced,211,20
R026311,59,Male,2,Beginner,230,20
R004106,28,Female,1,Beginner,257,20
R026750,63,Female,3,Intermediate,242,38.9
R085884,32,Male,1,Beginner,257,33
R084916,53,Male,5,Beginner,277,41.3
R045702,41,Female,4,Beginner,232,20
R091694,46,Female,2,Beginner,279,108.5381973
R046715,19,Male,1,Intermediate,279,40.1
R015217,47,Female,1,Beginner,302,20
R017367,52,Male,4,Beginner,270,20
R027489,55,Male,5,Advanced,234,20
R080237,53,Female,6,Intermediate,286,42.9
R011291,62,Male,2,Beginner,252,33.8
R058103,64,Female,2,Advanced,230,39.4
R086774,60,Female,0,Beginner,,20
R013502,35,Female,0,Beginner,,25.9
R001277,46,Male,1,Beginner,267,20
R087958,23,Male,2,Beginner,298,62.1
R066746,64,Male,6,Advanced,225,29.7
R051738,20,Female,1,Beginner,272,20
R087411,25,Female,2,Beginner,264,36.9
R094214,34,Male,2,Beginner,272,20
R005137,39,Female,4,Intermediate,246,20
R010490,55,Male,1,Beginner,272,20
R098727,33,Male,0,Intermediate,,20.3
R095436,35,Male,0,Beginner,,20
R032320,50,Female,2,Intermediate,312,48.7
R029172,43,Male,2,Advanced,169,22.6
R062846,46,Female,2,Beginner,214,20
R011609,60,Female,4,Beginner,288,20
R089128,41,Male,3,Beginner,249,38.8
R019779,37,Male,3,Advanced,211,35.2
R075814,33,Female,0,Intermediate,,20
R029534,65,Non-binary,1,Beginner,314,20
R058596,63,Male,4,Beginner,299,43.2
R024208,58,Male,4,Intermediate,232,48.2
R035867,38,Female,2,Beginner,282,25.2
R076386,28,Female,1,Beginner,287,25.5
R049439,62,Female,0,Intermediate,,20
R080065,61,Female,2,Intermediate,207,23.3
R050119,62,Male,1,Advanced,237,40.2
R027555,61,Male,1,Beginner,247,39.7
R076073,63,Male,4,Intermediate,280,39.2
R088903,23,Female,2,Beginner,295,20
R084279,52,Male,1,Beginner,302,108.1480333
R092858,27,Female,1,Beginner,296,21.3
R007844,24,Female,4,Beginner,299,20
R089342,25,Female,0,Advanced,,33.1
R095916,19,Female,2,Beginner,251,25.2
R029259,46,Male,2,Advanced,232,33.9
R051845,44,Male,3,Beginner,274,42.2
R086153,27,Female,4,Beginner,260,20
R046674,40,Male,1,Beginner,296,20
R046774,29,Male,1,Beginner,291,20
R065204,33,Male,3,Beginner,333,20
R013072,34,Female,2,Beginner,278,35.7
R058058,42,Male,6,Beginner,270,30.5
R037274,21,Non-binary,0,Beginner,,27.9
R086100,18,Male,2,Beginner,306,21.4
R005445,29,Female,0,Intermediate,,39.9
R073803,35,Non-binary,6,Beginner,327,20
R039966,20,Male,4,Intermediate,203,20
R012165,33,Male,1,Beginner,286,25.7
R084839,37,Female,2,Intermediate,221,20
R005297,32,Female,0,Beginner,,20
R022919,33,Non-binary,0,Advanced,,44
R077501,19,Male,2,Intermediate,230,33.9
R039498,34,Female,2,Beginner,232,20
R052951,61,Female,4,Advanced,244,39.2
R082947,27,Female,3,Beginner,289,20
R000510,41,Female,2,Intermediate,238,20
R037540,28,Male,3,Beginner,288,28.7
R004663,27,Male,2,Intermediate,237,20
R081699,58,Female,2,Intermediate,264,20
R006636,45,Female,1,Beginner,263,50.5
R013608,65,Male,5,Advanced,222,49.2
R072823,39,Female,1,Beginner,283,20
R096113,26,Female,1,Beginner,288,23.7
R091881,49,Male,3,Beginner,298,20
R007194,32,Female,4,Intermediate,274,56.8
R091336,60,Female,1,Beginner,289,26.8
R096555,51,Male,2,Beginner,268,29.6
R084592,56,Male,2,Beginner,337,20
R099882,39,Female,1,Intermediate,299,31.1
R031073,30,Male,0,Advanced,,20
R088677,63,Male,4,Beginner,295,20
R049880,59,Male,3,Advanced,157,39.3
R038880,20,Male,4,Beginner,261,38.7
R084859,63,Female,1,Intermediate,275,20
R045953,28,Non-binary,3,Intermediate,215,20
R088392,30,Male,0,Beginner,,31.3
R013659,58,Male,0,Intermediate,,20
R006139,56,Male,1,Beginner,267,43.3
R087138,43,Female,4,Beginner,289,35.7
R089899,49,Male,3,Beginner,289,20
R094999,58,Female,4,Beginner,240,27.3
R080287,30,Male,1,Beginner,285,23.9
R000987,55,Female,1,Beginner,303,20
R050693,28,Female,4,Beginner,286,20
R036138,31,Male,2,Advanced,235,37.4
R040368,18,Male,0,Advanced,,23.3
R075657,21,Male,1,Beginner,271,42.5
R079906,38,Female,2,Beginner,234,20
R091591,28,Male,1,Beginner,285,20
R021774,20,Female,2,Beginner,279,20
R099960,44,Female,2,Beginner,260,20
R036980,43,Male,1,Intermediate,248,20
R032297,49,Female,3,Intermediate,227,20
R043059,51,Male,2,Advanced,225,24.7
R069414,25,Female,1,Intermediate,260,20
R055295,20,Female,1,Beginner,315,42.8
R034457,26,Male,3,Advanced,196,20
R012054,21,Male,1,Beginner,265,22.4
R090750,48,Male,0,Beginner,,28.1
R095929,47,Male,4,Intermediate,227,20
R004951,45,Male,1,Beginner,258,20
R034198,41,Female,1,Intermediate,224,20
R058452,31,Male,1,Beginner,263,41.2
R016997,25,Male,0,Advanced,,40.3
R086009,20,Female,4,Intermediate,215,24.5
R047494,19,Male,2,Beginner,269,20
R008923,42,Female,2,Intermediate,231,20
R016800,43,Male,1,Beginner,250,20
R006541,42,Female,2,Beginner,251,20
R041574,35,Male,2,Intermediate,275,31.5
R010500,61,Male,5,Beginner,271,30.2
R016971,57,Female,2,Beginner,301,20
R031305,34,Female,2,Advanced,174,39.2
R079160,18,Female,1,Intermediate,215,20
R018684,32,Male,5,Intermediate,261,20
R024330,19,Female,2,Advanced,244,20
R087363,42,Male,4,Intermediate,249,30.2
R068250,60,Male,2,Beginner,281,20
R079830,33,Female,4,Advanced,221,41.4
R087742,58,Female,2,Intermediate,266,54.2
R085568,63,Male,1,Beginner,281,30
R085950,64,Female,3,Beginner,296,20
R091146,64,Female,1,Beginner,281,20
R033162,44,Male,3,Beginner,224,20
R054749,48,Male,2,Beginner,267,36.1
R061306,47,Male,1,Intermediate,220,30.5
R040367,51,Female,3,Beginner,256,20
R016175,20,Female,5,Intermediate,229,20
R006817,43,Male,3,Advanced,245,49.8
R046435,33,Male,4,Beginner,290,25
R062660,57,Female,6,Intermediate,220,20
R010337,25,Female,1,Intermediate,252,20
R092791,51,Female,1,Intermediate,217,20
R072885,62,Female,4,Beginner,269,27.6
R034877,45,Female,3,Advanced,214,20
R078299,37,Male,2,Beginner,233,21.7
R030266,62,Female,2,Advanced,250,29
R087392,45,Male,2,Intermediate,212,20
R006103,27,Male,1,Beginner,285,20
R067426,57,Male,0,Beginner,,33.5
R055267,58,Female,2,Advanced,188,25.2
R095583,65,Female,3,Beginner,298,22.9
R009484,34,Female,2,Beginner,271,37.7
R064713,57,Female,3,Beginner,314,20
R079812,36,Female,0,Beginner,,20
R015299,37,Female,3,Beginner,269,20
R048040,61,Female,0,Advanced,,20
R082098,53,Female,3,Beginner,235,20
R041422,52,Female,1,Beginner,325,28.5
R022016,61,Male,3,Advanced,248,46
R067786,24,Female,1,Advanced,209,20
R025310,27,Non-binary,1,Advanced,245,20
R040084,27,Male,2,Beginner,267,23.6
R067954,60,Male,3,Intermediate,277,20
R097179,48,Male,0,Beginner,,20
R043479,29,Male,1,Beginner,258,30.9
R098477,50,Female,2,Advanced,253,23.6
R037081,25,Female,0,Beginner,,24.3
R021388,56,Male,1,Intermediate,256,33.7
R065410,25,Female,3,Beginner,280,101.637449
R027437,24,Male,2,Intermediate,259,20
R098700,22,Female,0,Intermediate,,20
R090136,22,Female,4,Intermediate,238,40.9
R083221,35,Female,1,Intermediate,236,20
R088040,52,Male,4,Beginner,311,20
R079331,31,Male,5,Beginner,279,20
R002846,28,Female,1,Advanced,238,32.5
R061387,62,Male,4,Intermediate,259,20
R085470,61,Female,5,Beginner,299,20
R099293,21,Female,0,Intermediate,,20
R080499,56,Male,3,Intermediate,240,44.7
R030787,64,Female,1,Beginner,280,20
R022719,35,Male,2,Beginner,240,27.4
R027340,20,Male,2,Beginner,290,29.2
R089179,38,Female,0,Beginner,,54.3
R006927,59,Male,0,Intermediate,,20
R068982,50,Female,1,Intermediate,266,20.1
R059742,18,Male,4,Advanced,181,20
R009663,65,Female,3,Intermediate,247,27.1
R072150,53,Male,1,Beginner,261,20
R046146,50,Female,4,Beginner,262,52.6
R044267,30,Male,2,Beginner,303,20
R021098,19,Male,3,Beginner,286,20
R027218,48,Male,0,Beginner,,20
R009984,29,Female,1,Intermediate,251,33.8
R061104,37,Female,2,Beginner,296,38.6
R055868,30,Female,1,Beginner,288,20
R094209,46,Female,2,Beginner,294,20
R061363,32,Female,2,Intermediate,216,20
R024811,52,Male,1,Beginner,238,23.8
R039250,30,Female,3,Intermediate,232,20
R062415,33,Female,1,Beginner,290,21.1
R040900,26,Female,3,Advanced,203,20
R010955,49,Female,4,Advanced,181,43.3
R049860,34,Female,2,Beginner,277,20
R040180,65,Female,0,Beginner,,20
R021463,53,Male,3,Beginner,308,20
R086194,49,Male,1,Intermediate,225,20
R058911,42,Female,2,Beginner,237,20
R036561,41,Male,1,Beginner,284,20
R031257,44,Non-binary,3,Beginner,274,20.6
R088263,54,Male,2,Beginner,263,32.6
R089690,60,Female,0,Intermediate,,20
R006141,31,Female,2,Beginner,267,20
R073240,25,Male,4,Beginner,305,25.3
R089020,59,Male,3,Intermediate,260,36.5
R069080,47,Non-binary,1,Beginner,240,20
R067475,26,Female,2,Intermediate,251,21.1
R095859,25,Male,3,Intermediate,268,43.6
R008858,42,Female,1,Intermediate,285,27.6
R042550,54,Male,0,Beginner,,30.8
R016875,24,Female,3,Beginner,270,20
R034423,29,Female,2,Beginner,272,41.5
R023531,41,Female,2,Advanced,235,20
R086329,23,Male,3,Advanced,243,20.5
R004465,48,Female,3,Beginner,281,20
R034554,32,Female,1,Advanced,209,21.9
R012332,54,Female,1,Beginner,293,20
R061103,34,Male,2,Beginner,272,22.4
R089807,60,Male,1,Beginner,322,22.7
R041680,26,Female,4,Beginner,279,36.2
R023119,41,Male,4,Beginner,265,20
R052207,28,Female,1,Beginner,286,34.3
R070622,37,Female,2,Beginner,281,20
R017813,20,Female,1,Beginner,284,20
R059399,28,Female,0,Advanced,,26.4
R035756,44,Male,2,Intermediate,244,20
R091262,45,Male,2,Beginner,229,20
R057747,39,Female,2,Beginner,271,26.4
R036424,19,Male,6,Beginner,311,28.2
R021753,51,Male,2,Beginner,276,20
R049527,35,Female,2,Advanced,236,33.6
R094125,42,Male,1,Beginner,285,35.6
R064271,18,Female,1,Intermediate,252,20
R070471,43,Female,2,Intermediate,237,47.6
R013316,48,Female,3,Beginner,293,20
R014511,57,Male,1,Beginner,290,20
R071988,47,Female,4,Beginner,271,30.5
R095905,49,Female,0,Intermediate,,25.3
R003929,36,Male,4,Advanced,223,33.4
R098095,27,Female,3,Beginner,291,20
R041271,56,Male,4,Intermediate,287,28.4
R083213,21,Male,2,Advanced,239,42.9
R019487,18,Female,4,Advanced,178,41.4
R002826,38,Female,1,Intermediate,265,20
R012479,58,Male,1,Intermediate,244,72.6
R027677,25,Male,1,Beginner,265,44.8
R016477,60,Male,0,Advanced,,44
R096454,48,Male,2,Beginner,262,20
R080546,36,Male,3,Beginner,279,20
R055535,21,Male,2,Beginner,284,25.6
R086755,41,Female,2,Intermediate,250,26.2
R081764,48,Male,1,Advanced,225,30.5
R089942,27,Female,1,Advanced,192,35.6
R087107,49,Male,0,Advanced,,21.4
R051529,45,Female,3,Advanced,225,59.9
R020856,35,Female,3,Intermediate,233,20
R015904,39,Female,5,Beginner,328,20
R054090,55,Female,2,Advanced,216,30.7
R025137,58,Male,5,Beginner,265,20
R049572,27,Female,1,Beginner,303,20
R078187,48,Female,2,Beginner,325,20
R041990,50,Male,2,Beginner,296,37.9
R007287,57,Female,1,Beginner,275,20
R017164,40,Female,4,Beginner,272,21.6
R012317,57,Female,5,Intermediate,253,41.8
R043767,24,Female,3,Beginner,253,22
R069926,36,Male,4,Advanced,230,20
R078295,58,Female,2,Beginner,300,28.3
R008340,64,Male,2,Beginner,303,20
R051754,46,Female,0,Intermediate,,20
R094201,61,Female,3,Advanced,218,58.4
R075820,30,Male,3,Beginner,265,33.8
R077141,26,Male,3,Advanced,222,20
R053467,61,Male,0,Intermediate,,20
R077169,48,Female,2,Beginner,299,20
R068232,30,Female,2,Beginner,235,20.4
R042262,26,Male,2,Intermediate,233,60.1
R051009,51,Female,4,Beginner,292,32.1
R085068,37,Female,3,Beginner,242,29.5
R034445,65,Female,1,Beginner,238,27.1
R027206,41,Male,1,Beginner,310,20
R072657,30,Male,0,Beginner,,20
R088891,26,Female,2,Intermediate,239,20
R090476,39,Male,2,Beginner,302,29.9
R036899,64,Male,5,Beginner,260,30
R030981,51,Female,2,Advanced,197,20
R065884,63,Male,4,Intermediate,212,28.8
R027429,34,Female,1,Beginner,268,20
R000084,62,Male,3,Intermediate,253,20
R020149,42,Female,0,Beginner,,24
R035258,32,Female,1,Intermediate,280,20
R070958,40,Male,2,Beginner,312,47.1
R016321,22,Female,2,Beginner,305,20
R085586,32,Male,4,Beginner,311,20
R036720,38,Male,1,Advanced,198,20
R007650,30,Female,0,Beginner,,20
R048819,23,Female,0,Intermediate,,20
R082506,24,Male,1,Beginner,285,20
R058777,55,Female,0,Advanced,,60.1
R098462,28,Female,1,Intermediate,263,116.1362464
R008887,47,Female,3,Intermediate,251,20
R015479,43,Male,1,Beginner,303,36.1
R025083,32,Male,5,Intermediate,249,21.8
R023373,61,Male,1,Advanced,211,20
R002566,40,Male,2,Intermediate,241,20
R065672,37,Male,3,Beginner,271,45.1
R013304,46,Male,1,Advanced,235,20
R099241,48,Male,2,Beginner,281,21.6
R064204,39,Female,2,Beginner,319,31
R096274,51,Female,4,Beginner,280,39.9
R087999,52,Female,3,Beginner,262,20
R088434,50,Male,2,Intermediate,265,35.9
R036248,25,Female,2,Intermediate,297,38.4
R029347,51,Male,0,Intermediate,,22.6
R008281,38,Male,4,Advanced,206,39.6
R081936,43,Female,0,Advanced,,43.2
R095722,28,Male,2,Beginner,226,20
R069223,28,Male,2,Beginner,335,25
R083392,42,Male,1,Beginner,281,47.3
R056435,55,Male,4,Advanced,268,26.9
R015406,45,Male,2,Beginner,243,20
R089366,50,Male,3,Advanced,244,26.6
R076744,55,Male,1,Intermediate,221,40
R063641,38,Male,1,Beginner,252,20
R011630,62,Female,0,Beginner,,20
R096504,21,Male,2,Beginner,261,40.8
R058879,46,Female,1,Beginner,269,100.3219018
R050176,36,Female,4,Beginner,283,20
R057131,47,Female,0,Intermediate,,68.8
R004331,62,Male,1,Beginner,298,20
R092112,59,Male,3,Beginner,284,20
R086889,26,Male,4,Intermediate,261,31.8
R007361,45,Male,2,Advanced,231,55.7
R062762,32,Female,2,Intermediate,222,22.5
R013823,42,Female,2,Advanced,238,20
R027472,52,Male,2,Beginner,288,20
R090629,28,Male,4,Beginner,286,20
R000598,53,Male,3,Intermediate,245,20
R069704,46,Female,3,Beginner,276,20
R023389,62,Female,2,Advanced,222,29.2
R059069,21,Male,3,Advanced,182,20
R004383,39,Male,2,Beginner,243,20
R044800,36,Male,2,Intermediate,215,20.3
R011987,19,Male,4,Beginner,274,22.6
R000508,44,Female,0,Beginner,,20
R071230,54,Female,1,Advanced,166,106.660938
R077118,35,Male,2,Beginner,315,22.1
R007757,58,Female,1,Beginner,270,20
R069807,43,Male,1,Beginner,334,20
R071054,34,Male,3,Advanced,229,20
R086355,60,Male,4,Intermediate,266,28.5
R083829,38,Male,0,Beginner,,20
R089877,20,Female,7,Intermediate,242,40.3
R079704,36,Male,1,Advanced,260,49.9
R006655,60,Female,1,Beginner,279,20
R046952,19,Female,1,Intermediate,302,20
R005541,36,Female,3,Intermediate,278,25.8
R001162,64,Female,6,Advanced,241,33.7
R066670,43,Female,1,Intermediate,255,38.8
R093015,39,Male,1,Beginner,305,20
R071902,40,Female,1,Intermediate,260,37.7
R048307,21,Female,2,Beginner,329,27.5
R066044,25,Male,2,Beginner,291,33.6
R047653,51,Male,2,Advanced,246,21.1
R043254,38,Female,6,Advanced,184,44.8
R019724,42,Male,4,Advanced,185,20
R053780,23,Female,1,Beginner,282,21.4
R056495,41,Female,1,Intermediate,244,23.4
R042990,53,Male,2,Intermediate,220,20
R097002,65,Female,2,Intermediate,244,20
R083351,56,Male,2,Beginner,291,23.5
R072342,58,Male,1,Intermediate,265,20
R087196,43,Female,0,Intermediate,,26.4
R066246,20,Male,4,Advanced,244,34.8
R039874,19,Male,1,Beginner,288,20
R074815,45,Male,5,Beginner,284,26.2
R088318,27,Male,1,Beginner,286,20
R096659,51,Female,1,Advanced,201,32.9
R068545,51,Female,0,Advanced,,20
R033423,34,Male,1,Beginner,292,20.3
R037915,38,Female,1,Advanced,221,20
R086276,51,Female,0,Beginner,,22.1
R030407,63,Female,2,Advanced,209,20.4
R062328,19,Female,4,Beginner,326,28.2
R095060,38,Female,3,Beginner,282,20
R016310,36,Non-binary,2,Intermediate,251,31.6
R073778,47,Female,4,Beginner,250,21.5
R051385,39,Female,0,Beginner,,55.4
R009879,63,Male,0,Intermediate,,20
R049674,41,Female,2,Beginner,330,20
R031273,62,Female,5,Beginner,289,47.3
R036389,48,Female,4,Intermediate,218,35.7
R039308,24,Female,0,Advanced,,20
R092461,59,Male,2,Beginner,308,20
R047238,55,Female,0,Advanced,,20
R046254,27,Male,4,Beginner,280,20
R091754,64,Male,1,Advanced,249,51.1
R087323,31,Male,4,Beginner,291,20
R031939,31,Female,2,Intermediate,202,22.1
R048620,23,Male,0,Intermediate,,20
R043557,34,Female,0,Beginner,,31.3
R058582,46,Female,3,Advanced,236,20
R084511,45,Male,4,Advanced,185,20
R026844,38,Female,1,Beginner,253,20
R006850,52,Female,4,Beginner,267,37.9
R065056,65,Female,2,Advanced,211,21.4
R039717,54,Female,3,Intermediate,257,20
R006971,32,Male,1,Intermediate,232,20
R079248,46,Male,1,Advanced,235,20
R073874,19,Female,1,Beginner,302,35
R066488,40,Male,5,Advanced,242,20
R008353,28,Female,2,Beginner,271,24.1
R079814,22,Male,2,Beginner,288,20
R093307,26,Female,1,Intermediate,237,36.1
R024687,41,Male,3,Beginner,282,32.6
R071204,35,Male,2,Intermediate,250,20
R034317,40,Male,2,Intermediate,262,20
R035669,22,Male,3,Advanced,179,35.4
R034444,65,Male,5,Beginner,295,30
R081421,58,Male,0,Advanced,,20
R008633,20,Female,4,Beginner,296,24.2
R043670,28,Male,4,Beginner,221,23.8
R067651,39,Male,2,Advanced,235,20
R042489,62,Female,3,Beginner,265,20
R067389,48,Male,2,Beginner,282,115.3283134
R036943,61,Male,2,Intermediate,268,29.6
R024101,42,Female,2,Beginner,297,35.9
R059366,35,Female,1,Beginner,276,20
R061902,40,Male,3,Beginner,302,20
R001060,54,Female,1,Intermediate,261,35
R046825,58,Male,4,Beginner,244,20
R010554,64,Male,1,Intermediate,224,34.9
R062633,52,Non-binary,1,Advanced,251,20
R078954,43,Male,1,Intermediate,262,32.8
R058705,23,Male,4,Beginner,298,20
R015015,50,Female,2,Intermediate,247,20
R013097,38,Female,1,Intermediate,209,35.2
R099351,59,Female,2,Intermediate,257,20
R034741,19,Female,2,Advanced,225,20
R085200,43,Male,0,Advanced,,24.8
R061388,50,Female,2,Beginner,298,20
R007444,22,Male,1,Intermediate,233,48.7
R086947,33,Male,3,Beginner,296,20
R026716,20,Male,1,Beginner,266,38.7
R038160,50,Male,2,Advanced,257,20
R001577,26,Male,2,Beginner,285,20
R062229,35,Male,2,Intermediate,224,32
R036607,56,Male,2,Intermediate,232,20
R058610,30,Male,3,Beginner,315,20
R035741,64,Male,4,Intermediate,253,20
R089963,43,Male,1,Beginner,279,20
R040990,60,Female,1,Beginner,229,111.1831888
R021162,62,Male,2,Beginner,296,20
R084661,49,Female,1,Beginner,250,29.9
R006383,52,Male,0,Intermediate,,24.3
R004302,65,Female,3,Advanced,188,49.3
R015851,54,Female,4,Beginner,279,20
R087638,36,Female,2,Advanced,233,32.5
R014464,39,Female,1,Intermediate,249,29.6
R027303,37,Female,1,Beginner,298,22.6
R062602,55,Female,1,Intermediate,207,21.2
R032290,58,Non-binary,2,Advanced,192,40.9
R061448,45,Female,1,Beginner,248,20
R067635,41,Non-binary,3,Beginner,309,20
R026529,49,Male,1,Beginner,256,20
R047790,29,Non-binary,4,Intermediate,260,20
R089358,31,Male,3,Beginner,251,22.2
R099301,46,Male,3,Intermediate,287,32.2
R059646,45,Female,0,Advanced,,26.2
R058294,57,Female,0,Beginner,,20
R038292,59,Male,6,Intermediate,247,20
R085401,24,Male,1,Beginner,302,20
R082192,51,Female,3,Intermediate,275,20
R000273,22,Female,1,Intermediate,200,20
R035406,50,Female,2,Beginner,277,20
R009630,37,Male,2,Advanced,212,38.9
R040485,65,Female,0,Beginner,,20
R047996,22,Male,1,Advanced,210,20
R003039,45,Male,4,Intermediate,253,66.6
R020546,42,Male,2,Intermediate,249,20
R016266,33,Female,1,Beginner,302,20
R034686,65,Male,3,Beginner,294,20
R095311,35,Female,0,Intermediate,,29.3
R095284,65,Male,2,Intermediate,230,40
R098009,25,Male,1,Advanced,197,20
R035612,52,Female,3,Beginner,294,46.1
R067136,23,Female,2,Intermediate,220,20
R092987,18,Male,4,Intermediate,215,20
R041143,49,Male,3,Advanced,186,20
R009986,59,Female,1,Beginner,219,23.9
R092598,39,Non-binary,3,Beginner,277,22.3
R066484,64,Male,5,Beginner,269,39.4
R037740,58,Female,3,Beginner,256,20
R052044,29,Female,3,Intermediate,261,20
R063027,21,Male,3,Beginner,252,20
R062154,30,Female,1,Intermediate,235,26
R039889,41,Male,3,Beginner,266,20
R047508,51,Male,1,Beginner,279,20
R091645,42,Female,2,Beginner,270,20
R011625,36,Male,1,Beginner,295,30.8
R013298,30,Male,3,Beginner,261,35.5
R041000,51,Male,3,Beginner,299,36.2
R030473,45,Male,1,Intermediate,249,47.2
R067787,50,Female,2,Beginner,257,20
R006022,45,Female,1,Intermediate,234,38.8
R009960,41,Female,2,Intermediate,269,20
R038881,41,Female,1,Intermediate,264,29.3
R004036,24,Female,1,Intermediate,269,20
R035408,47,Male,0,Advanced,,20
R075198,35,Female,2,Intermediate,226,20
R021483,29,Female,3,Beginner,260,34.9
R059799,62,Female,3,Beginner,276,20
R051109,37,Male,2,Beginner,282,20
R087649,36,Male,2,Intermediate,191,20
R059153,62,Male,6,Intermediate,234,43.3
R089707,36,Male,1,Beginner,289,20
R088045,41,Male,4,Intermediate,246,20
R049004,56,Female,1,Advanced,213,55.5
R090646,20,Male,4,Beginner,284,107.175203
R001494,31,Male,4,Advanced,205,20
R023801,36,Female,3,Intermediate,263,23.5
R012906,29,Male,1,Advanced,273,41.5
R059660,33,Male,1,Beginner,256,20
R018105,41,Female,4,Intermediate,307,20
R032008,49,Female,1,Intermediate,236,20
R036303,60,Female,0,Intermediate,,20
R017036,35,Non-binary,4,Beginner,276,20
R054961,20,Female,0,Advanced,,29.4
R083104,63,Male,2,Beginner,283,45.4
R029797,28,Female,3,Intermediate,297,20
R067234,54,Male,1,Beginner,268,20.3
R010281,18,Female,7,Intermediate,250,20
R045121,36,Female,2,Beginner,220,24.3
R009813,42,Male,4,Beginner,277,23.5
R006651,23,Male,1,Beginner,258,38.9
R057235,23,Male,3,Beginner,250,20
R078601,45,Female,1,Advanced,215,20
R040489,41,Male,0,Beginner,,20
R091040,24,Male,2,Intermediate,263,38.3
R060277,56,Female,5,Beginner,294,30.3
R026873,58,Female,3,Beginner,294,24.3
R000203,56,Non-binary,4,Beginner,245,20
R097754,60,Female,3,Intermediate,272,55.3
R087292,46,Male,1,Intermediate,254,20
R070960,63,Female,1,Intermediate,260,20
R067730,54,Female,3,Beginner,291,20
R070296,48,Female,2,Beginner,312,20
R030803,38,Male,4,Beginner,285,20
R043019,19,Female,3,Advanced,199,26.9
R094472,52,Male,2,Beginner,287,34.9
R090699,59,Non-binary,1,Intermediate,238,20
R084413,41,Female,3,Beginner,249,20
R003026,42,Male,3,Beginner,270,20
R094502,54,Female,3,Intermediate,257,29
R068436,33,Female,1,Beginner,288,20
R009607,54,Male,2,Intermediate,219,37.5
R076105,55,Female,4,Intermediate,261,31.7
R035257,47,Male,4,Intermediate,259,24.6
R006847,32,Male,2,Advanced,239,53.4
R049996,43,Female,2,Intermediate,262,20
R045440,19,Non-binary,2,Advanced,264,20
R088504,35,Female,3,Beginner,287,29.3
R007705,52,Female,3,Advanced,223,53.2
R084564,26,Male,2,Intermediate,211,75.9
R005686,22,Female,1,Beginner,275,20
R091734,19,Male,0,Beginner,,24.9
R065023,38,Male,3,Advanced,238,28.2
R003209,51,Female,0,Beginner,,34.8
R061273,42,Non-binary,1,Beginner,271,26.8
R052488,27,Male,3,Intermediate,288,20
R095276,61,Non-binary,1,Beginner,258,34.6
R082086,55,Male,0,Intermediate,,20
R038350,57,Male,2,Beginner,277,30.4
R076224,48,Male,1,Beginner,317,20
R026657,18,Female,3,Intermediate,298,26.4
R031957,33,Female,3,Advanced,196,20
R005581,42,Female,1,Beginner,228,20
R070734,43,Male,2,Intermediate,250,35.9
R001523,40,Female,3,Intermediate,273,43.4
R022378,40,Male,4,Beginner,281,36.5
R027956,31,Female,2,Beginner,208,23.5
R011985,61,Female,3,Intermediate,238,37.9
R057711,64,Male,2,Beginner,279,20
R073973,40,Male,0,Intermediate,,20
R011983,53,Male,2,Beginner,253,20
R027932,24,Male,1,Beginner,310,35.6
R071071,43,Female,3,Advanced,235,34.6
R057794,62,Male,1,Beginner,251,20
R012528,57,Female,1,Intermediate,301,27.3
R033689,26,Female,4,Beginner,275,29.4
R030466,57,Female,2,Advanced,208,31.2
R025985,29,Male,2,Intermediate,222,20
R005839,42,Male,3,Beginner,294,20
R007542,41,Male,4,Beginner,258,20
R012787,47,Female,0,Advanced,,20
R000079,31,Male,0,Beginner,,20
R038215,32,Female,1,Intermediate,267,42.6
R085689,21,Female,2,Advanced,246,30.9
R024911,29,Non-binary,1,Advanced,202,20
R077391,65,Male,4,Intermediate,260,20
R087056,38,Male,1,Beginner,273,33.8
R048222,33,Male,5,Intermediate,189,20
R000217,19,Non-binary,2,Advanced,235,44.5
R037250,22,Male,3,Beginner,270,24.6
R045278,41,Male,3,Beginner,283,20
R034019,59,Female,1,Beginner,253,20
R033136,38,Non-binary,2,Beginner,303,24.8
R038382,62,Female,5,Intermediate,247,20
R091868,57,Female,1,Beginner,285,20
R072282,29,Female,1,Advanced,266,20
R035399,58,Female,3,Beginner,286,20
R040644,27,Male,1,Advanced,230,20
R087275,55,Male,3,Beginner,293,20
R008703,36,Female,6,Beginner,315,29
R088661,38,Female,1,Beginner,273,38.8
R031080,36,Male,3,Beginner,306,20
R061134,49,Male,2,Intermediate,250,20
R007789,41,Male,0,Beginner,,20
R040281,43,Male,0,Intermediate,,20
R058077,39,Male,1,Beginner,269,20
R095168,21,Female,0,Beginner,,20
R083467,38,Female,0,Beginner,,23.6
R016531,32,Female,4,Intermediate,264,31.9
R061358,23,Male,4,Advanced,206,35.2
R045430,56,Female,1,Beginner,230,20
R094131,28,Female,3,Advanced,195,62.4
R035467,25,Male,3,Beginner,275,47.3
R002703,65,Male,3,Intermediate,252,22.1
R083165,30,Male,1,Beginner,237,20
R046936,20,Female,0,Intermediate,,23
R094409,55,Female,4,Intermediate,202,20
R062273,41,Female,1,Intermediate,253,20
R018124,28,Male,2,Advanced,178,26.5
R074795,24,Female,2,Beginner,264,20
R092945,65,Male,0,Beginner,,20
R079803,28,Male,2,Beginner,275,38.3
R053794,25,Male,3,Intermediate,244,34.3
R018207,24,Male,3,Beginner,258,20
R076861,39,Male,1,Beginner,242,20.3
R048836,54,Non-binary,1,Beginner,279,20
R095024,24,Female,4,Advanced,225,22.8
R029698,42,Male,1,Beginner,314,39.2
R082893,33,Female,4,Beginner,304,20
R048589,59,Male,1,Beginner,297,20
R099854,63,Female,2,Advanced,204,45.4
R019853,53,Male,1,Intermediate,175,21
R003997,55,Female,1,Beginner,311,42.2
R021656,59,Male,4,Intermediate,239,45.1
R035827,20,Female,4,Beginner,278,20
R040976,61,Female,1,Beginner,293,20
R002377,53,Male,1,Intermediate,226,39
R039296,29,Male,2,Intermediate,252,32.9
R021859,48,Female,1,Beginner,293,20
R028781,32,Male,8,Beginner,258,20
R082468,24,Male,1,Intermediate,263,22.3
R084898,31,Male,0,Intermediate,,20
R072774,33,Male,1,Advanced,208,30.4
R024753,39,Male,4,Beginner,328,20
R093142,46,Male,4,Intermediate,249,20
R056029,27,Female,0,Advanced,,20
R095881,54,Male,1,Intermediate,235,112.5043923
R064081,50,Male,3,Intermediate,244,20
R020298,55,Female,1,Intermediate,274,20
R033866,40,Male,3,Beginner,280,20
R042588,60,Female,2,Beginner,262,27.6
R090958,44,Male,1,Beginner,295,20
R042478,65,Female,1,Intermediate,293,39.6
R017751,45,Female,2,Beginner,290,22.6
R087588,22,Male,2,Beginner,254,41.1
R030093,43,Female,4,Advanced,186,24.9
R055277,18,Non-binary,1,Beginner,316,22
R056169,28,Female,0,Intermediate,,119.9119014
R016925,40,Male,1,Beginner,262,20
R097129,65,Female,2,Intermediate,259,33
R036144,18,Female,1,Intermediate,279,20
R005060,27,Male,1,Beginner,295,20
R018451,25,Female,1,Advanced,211,43.4
R063312,36,Female,4,Beginner,287,20
R011283,53,Non-binary,1,Intermediate,284,27.7
R063748,59,Female,1,Beginner,258,20
R095816,56,Female,1,Beginner,280,21
R042389,59,Female,1,Beginner,293,21.6
R093305,52,Male,3,Beginner,258,20
R015809,26,Female,1,Beginner,300,20
R089322,31,Male,1,Advanced,253,21.6
R004422,62,Male,2,Beginner,282,29.9
R078804,58,Male,3,Intermediate,223,71.4
R085811,45,Female,2,Advanced,196,60.7
R097561,43,Male,3,Beginner,294,24.8
R007255,30,Female,6,Intermediate,287,20
R060256,61,Male,3,Intermediate,249,26.3
R039493,29,Female,0,Beginner,,20
R067372,58,Female,2,Intermediate,254,41.2
R053670,20,Female,2,Beginner,281,31
R052897,47,Male,1,Beginner,293,22
R097394,29,Male,0,Beginner,,20
R067499,63,Female,0,Advanced,,61.4
R075054,55,Female,4,Advanced,224,20
R066997,45,Female,3,Beginner,283,26.8
R067662,48,Female,3,Beginner,246,34.3
R061682,34,Male,0,Advanced,,68.3
R020837,61,Male,3,Advanced,185,35.9
R058153,58,Male,0,Intermediate,,25.4
R022795,37,Female,3,Intermediate,252,20
R023651,24,Female,0,Intermediate,,40.7
R002676,62,Male,3,Intermediate,275,20
R050487,26,Male,1,Beginner,287,20
R080619,55,Male,1,Beginner,259,20
R076897,33,Female,1,Intermediate,292,20
R050476,54,Male,2,Beginner,345,23.5
R048525,41,Female,0,Beginner,,34.1
R064054,25,Male,0,Beginner,,44.4
R081089,39,Female,3,Beginner,288,50.7
R023274,24,Male,2,Intermediate,318,74
R045636,31,Female,1,Beginner,319,20
R095718,56,Female,3,Beginner,249,20
R049642,47,Male,2,Beginner,214,21
R032618,31,Female,1,Intermediate,249,20
R001909,56,Male,0,Beginner,,20
R013793,45,Female,5,Beginner,315,20
R035777,48,Male,3,Beginner,244,51.4
R085543,24,Female,2,Advanced,202,20
R019544,46,Male,2,Beginner,309,26.3
R056883,21,Male,2,Beginner,236,20
R079040,19,Male,1,Beginner,253,20
R059446,62,Female,2,Advanced,232,25.1
R063273,20,Male,1,Intermediate,232,20
R096499,48,Female,1,Beginner,291,32.8
R039453,21,Male,4,Beginner,297,32
R034499,62,Female,1,Beginner,261,20
R007319,32,Female,1,Beginner,274,20
R060095,28,Female,1,Beginner,273,37.8
R031066,64,Male,6,Beginner,299,20
R002073,29,Female,2,Beginner,307,48.2
R037202,56,Female,7,Beginner,305,20
R009423,38,Male,2,Intermediate,265,114.1831035
R049515,56,Male,1,Advanced,236,117.4290723
R090550,31,Female,2,Beginner,284,24.2
R082642,45,Male,5,Intermediate,267,28
R045286,45,Female,0,Beginner,,20
R076322,56,Male,2,Advanced,234,20
R069287,20,Male,2,Beginner,290,20
R048204,64,Female,1,Beginner,276,20
R091915,45,Male,0,Advanced,,21
R018694,20,Female,2,Beginner,296,20
R078885,65,Male,6,Beginner,279,25.9
R016277,36,Female,1,Beginner,274,20
R046028,30,Female,1,Beginner,290,39.8
R077735,65,Male,3,Beginner,295,20
R006954,32,Female,0,Beginner,,20
R087387,25,Male,1,Advanced,172,49.9
R025942,29,Male,4,Intermediate,252,20
R036277,54,Female,2,Intermediate,253,22.8
R027872,60,Male,5,Intermediate,219,38.9
R035695,34,Non-binary,3,Intermediate,223,34.7
R068760,22,Male,2,Intermediate,261,28.9
R022173,36,Male,1,Advanced,183,48.5
R089317,48,Female,4,Intermediate,241,46.9
R091496,60,Female,2,Beginner,302,20
R078859,52,Male,1,Advanced,185,27.4
R017207,29,Female,2,Advanced,276,20
R010003,51,Female,4,Advanced,213,20
R040499,28,Female,4,Intermediate,242,20
R020614,44,Non-binary,2,Beginner,297,36.1
R022352,30,Female,4,Advanced,197,32.6
R080264,37,Female,6,Intermediate,241,34.2
R089758,52,Male,2,Beginner,232,20
R051729,28,Female,0,Beginner,,24.8
R093326,42,Non-binary,3,Intermediate,230,20
R047896,62,Female,2,Advanced,165,27.4
R007134,54,Male,1,Advanced,230,20
R094426,63,Female,6,Beginner,251,20
R039869,40,Male,2,Beginner,281,20
R010908,36,Male,0,Beginner,,20.3
R039362,25,Female,2,Beginner,280,20
R009909,32,Male,1,Beginner,309,42
R023484,26,Male,3,Intermediate,207,36.5
R008016,46,Male,2,Intermediate,256,20
R089456,46,Male,2,Intermediate,259,44.5
R037068,35,Male,2,Intermediate,248,40
R016486,49,Female,4,Intermediate,246,20
R028339,48,Male,1,Beginner,276,20
R090694,40,Male,0,Intermediate,,26.2
R040882,50,Female,4,Beginner,275,20
R061317,29,Female,3,Beginner,295,29.6
R002049,28,Female,2,Beginner,274,20
R058171,30,Female,1,Intermediate,235,54.8
R082701,23,Female,5,Advanced,197,20
R008786,57,Male,1,Advanced,204,48.7
R049346,50,Female,3,Intermediate,223,32.2
R018020,20,Male,1,Beginner,295,27.7
R045754,62,Female,0,Advanced,,20
R082158,41,Male,1,Beginner,271,20.6
R059067,32,Male,5,Advanced,299,20
R038902,36,Female,1,Intermediate,226,20
R090313,49,Female,3,Beginner,246,20
R099446,40,Male,3,Beginner,273,26.5
R066732,37,Female,2,Beginner,262,20
R080705,49,Male,6,Beginner,262,32.3
R001439,18,Male,3,Advanced,249,21.3
R003333,38,Non-binary,0,Intermediate,,42.4
R082744,56,Male,1,Beginner,305,20
R076680,44,Male,7,Intermediate,223,27.5
R058008,46,Female,2,Intermediate,209,20
R032226,60,Male,2,Beginner,251,24.4
R015243,38,Female,2,Beginner,239,20
R057888,31,Female,2,Advanced,223,20
R068900,58,Female,1,Beginner,267,20
R003873,55,Female,4,Beginner,328,20
R019841,47,Female,1,Beginner,297,20
R085132,50,Female,3,Intermediate,205,26.3
R049447,48,Female,2,Intermediate,247,64.3
R001166,61,Male,0,Advanced,,37
R046252,59,Female,3,Advanced,249,20
R044355,20,Female,3,Advanced,189,104.0708137
R052385,51,Male,1,Intermediate,263,21.4
R009051,65,Female,3,Beginner,294,20
R033274,50,Male,2,Beginner,249,49.3
R003519,18,Male,2,Advanced,219,20
R080248,26,Male,2,Intermediate,242,27.8
R089668,31,Male,2,Advanced,227,66.7
R038386,18,Male,1,Advanced,189,26.4
R047979,60,Male,2,Beginner,276,20
R026980,27,Male,1,Beginner,252,20
R034809,57,Male,3,Intermediate,262,46.5
R010626,56,Female,2,Intermediate,269,26.9
R044424,25,Female,0,Beginner,,39.5
R067487,56,Male,3,Beginner,305,20
R025727,55,Male,2,Beginner,224,47.8
R055186,39,Male,3,Advanced,221,20
R096798,27,Female,0,Intermediate,,38.7
R015192,38,Female,3,Beginner,290,37.4
R082246,50,Female,3,Beginner,272,20
R000477,22,Female,4,Beginner,275,20
R004159,58,Female,1,Beginner,311,20
R001955,53,Male,2,Advanced,217,20
R069991,30,Male,1,Advanced,229,65.7
R073948,48,Female,0,Intermediate,,20
R059953,21,Female,1,Advanced,218,31.2
R040930,31,Male,1,Beginner,309,28.5
R081797,39,Non-binary,2,Beginner,285,36.5
R033335,61,Female,1,Beginner,237,20
R047938,57,Female,3,Beginner,246,20
R099423,57,Non-binary,2,Beginner,311,20
R041709,59,Male,1,Beginner,268,20
R053286,42,Male,1,Intermediate,256,41.3
R077365,55,Female,1,Intermediate,280,25.3
R045006,58,Female,4,Advanced,268,20
R054685,53,Female,3,Advanced,191,21.1
R030460,25,Male,2,Beginner,273,20
R034443,57,Male,3,Beginner,268,31.8
R011801,44,Female,2,Intermediate,257,20
R048596,41,Female,1,Advanced,223,20
R090025,23,Male,1,Advanced,209,40.8
R040179,37,Female,3,Intermediate,267,20
R038221,44,Male,1,Beginner,259,20
R083925,64,Female,1,Beginner,245,37.6
R091630,31,Male,2,Intermediate,315,34
R051595,53,Male,3,Beginner,293,39.6
R086185,32,Female,0,Intermediate,,20
R043929,31,Male,4,Beginner,278,20
R051217,43,Male,2,Intermediate,251,45.5
R003831,36,Female,4,Intermediate,247,21.3
R023818,63,Male,1,Intermediate,253,33.6
R094485,30,Female,2,Beginner,324,20
R019771,36,Male,2,Advanced,224,51.3
R002663,36,Male,0,Intermediate,,66.7
R028925,54,Male,4,Intermediate,247,106.5105069
R024051,31,Male,1,Intermediate,280,44.7
R056709,30,Non-binary,1,Beginner,302,20
R022949,41,Female,2,Intermediate,237,31
R002290,53,Female,3,Beginner,253,28.4
R085552,35,Female,1,Advanced,221,33
R013506,26,Male,1,Intermediate,232,20
R059757,61,Female,3,Beginner,277,28.5
R013560,40,Male,2,Beginner,257,57.7
R093386,30,Male,1,Beginner,253,20
R052208,34,Male,3,Advanced,195,27.6
R016638,29,Male,4,Intermediate,272,40.7
R017307,61,Male,3,Beginner,305,32.3
R011263,50,Male,2,Intermediate,248,33.8
R094325,43,Male,2,Advanced,223,22.6
R079749,26,Male,1,Intermediate,273,29
R063349,18,Female,0,Intermediate,,36.3
R093111,60,Female,2,Beginner,276,20
R043488,43,Male,0,Beginner,,20
R003196,39,Female,2,Intermediate,224,20
R078342,42,Male,1,Beginner,298,20
R083776,43,Male,2,Advanced,235,42.6
R042615,65,Female,1,Intermediate,251,100.1565754
R041491,18,Female,5,Beginner,264,20
R096453,34,Female,2,Beginner,264,114.5361227
R031447,64,Female,1,Beginner,270,37.3
R068001,62,Male,3,Beginner,250,20
R002828,56,Female,0,Intermediate,,43.7
R089793,28,Female,2,Intermediate,285,67.9
R038529,40,Male,2,Beginner,281,27.1
R077897,29,Male,4,Intermediate,221,26.3
R010089,48,Female,1,Intermediate,256,20
R075087,25,Female,1,Beginner,303,110.8340004
R048862,33,Female,2,Intermediate,230,20
R066902,54,Male,4,Beginner,272,28.5
R063539,50,Non-binary,4,Advanced,234,20
R019818,29,Male,1,Advanced,222,102.849289
R042638,58,Male,2,Beginner,245,20
R002210,27,Female,7,Beginner,262,60.9
R039659,60,Male,2,Intermediate,239,20
R057562,47,Male,0,Beginner,,20
R081453,40,Non-binary,1,Intermediate,275,20.4
R049596,40,Female,5,Beginner,289,20
R075754,21,Female,3,Beginner,276,20
R097069,60,Male,2,Beginner,328,20
R071113,48,Female,2,Beginner,260,20
R031453,63,Male,1,Intermediate,252,20
R015300,38,Male,4,Beginner,261,20
R076162,51,Female,2,Beginner,263,20
R009042,33,Male,3,Advanced,197,20
R000015,41,Non-binary,2,Beginner,229,20
R028999,46,Male,0,Intermediate,,20
R094247,62,Male,3,Intermediate,262,38.3
R022373,30,Male,5,Beginner,278,20
R073895,18,Male,2,Advanced,188,35.8
R038052,37,Male,2,Beginner,270,107.2641883
R014092,37,Male,2,Intermediate,275,20
R050256,59,Male,0,Intermediate,,34.5
R070053,49,Female,2,Beginner,278,20
R040669,38,Female,1,Advanced,290,20
R066596,49,Female,0,Beginner,,20
R063486,45,Female,3,Beginner,323,20
R051516,40,Male,2,Beginner,255,53.7
R017395,49,Male,4,Beginner,274,28.6
R053507,48,Male,3,Beginner,300,20
R030530,34,Male,1,Intermediate,208,20
R090039,26,Female,2,Beginner,227,21.3
R076545,46,Female,0,Beginner,,20
R010528,52,Female,0,Intermediate,,38.1
R045790,61,Female,4,Beginner,284,20
R011842,60,Male,3,Beginner,305,20
R079205,35,Female,1,Beginner,264,20
R046925,51,Female,2,Intermediate,304,23.9
R093940,50,Male,2,Beginner,303,20
R061940,38,Male,0,Intermediate,,56
R088014,34,Male,3,Intermediate,248,20
R077503,56,Male,2,Intermediate,233,51.2
R035403,20,Female,1,Intermediate,252,51.7
R085841,32,Male,1,Beginner,294,20
R078793,24,Male,2,Beginner,268,20
R069130,23,Female,1,Beginner,277,44.2
R051322,28,Male,3,Beginner,230,20
R043673,36,Male,1,Beginner,297,20
R017436,46,Non-binary,1,Intermediate,242,20
R041463,21,Female,0,Beginner,,20
R028205,29,Male,0,Beginner,,20
R098345,42,Male,2,Beginner,335,20
R032512,60,Female,3,Beginner,274,49.3
R084869,42,Female,1,Beginner,289,20
R001718,63,Female,0,Intermediate,,23.9
R082214,61,Female,1,Intermediate,236,20
R017557,21,Male,1,Beginner,274,35.1
R053203,48,Female,1,Beginner,280,20
R061225,47,Male,1,Advanced,251,51.2
R047381,22,Female,4,Intermediate,239,20.9
R068960,29,Female,1,Beginner,307,33
R015312,42,Female,4,Beginner,301,20
R057934,22,Female,1,Intermediate,252,20
